nt,buena,Bd1,Bd2,Resp,F,prob,ttp,ttr,ttF,participant_id
1,1,2,7,2,1,0.15,5799,6529,8849,ACMO_06011994
2,1,4,3,1,0,0.15,12549,13473,15965,ACMO_06011994
3,1,2,8,2,1,0.15,19882,20449,22432,ACMO_06011994
4,1,8,4,2,1,0.15,25582,27329,29848,ACMO_06011994
5,1,2,8,2,1,0.15,33765,34977,36865,ACMO_06011994
6,1,6,2,1,0,0.15,40764,41617,43798,ACMO_06011994
7,1,6,4,2,1,0.15,47664,48913,51247,ACMO_06011994
8,1,8,3,2,1,0.15,54980,55745,57580,ACMO_06011994
9,1,8,5,2,1,0.15,61230,61745,63947,ACMO_06011994
10,1,4,3,2,1,0.15,67847,68625,70380,ACMO_06011994
11,1,5,6,2,1,0.15,73446,74305,75946,ACMO_06011994
12,1,6,8,2,1,0.15,79046,79361,81496,ACMO_06011994
13,1,7,3,2,0,0.15,84896,85329,86979,ACMO_06011994
14,1,4,8,1,1,0.15,90762,91233,92912,ACMO_06011994
15,1,4,3,1,0,0.15,96162,96737,99245,ACMO_06011994
16,1,8,4,2,0,0.15,102762,103633,106145,ACMO_06011994
17,1,5,4,2,1,0.15,109645,110097,112245,ACMO_06011994
18,0,6,2,1,1,0.85,115978,116544,118294,ACMO_06011994
19,0,6,2,2,0,0.85,121678,122320,124477,ACMO_06011994
20,0,8,7,2,0,0.85,127727,128112,130627,ACMO_06011994
21,0,2,6,1,1,0.85,134227,134624,136377,ACMO_06011994
22,0,6,3,1,0,0.85,140243,140640,142677,ACMO_06011994
23,0,6,3,1,1,0.85,146210,146688,148610,ACMO_06011994
24,0,7,5,2,0,0.85,151826,152288,154676,ACMO_06011994
25,0,6,8,1,1,0.85,157793,158512,160309,ACMO_06011994
26,0,6,7,1,1,0.85,164059,164320,166042,ACMO_06011994
27,0,7,8,1,1,0.85,169159,169616,171809,ACMO_06011994
28,0,7,6,1,0,0.85,175009,175536,177192,ACMO_06011994
29,0,8,6,2,0,0.85,181142,181760,183842,ACMO_06011994
30,0,5,3,1,1,0.75,195641,198960,201124,ACMO_06011994
31,0,7,8,1,0,0.75,205007,205760,207690,ACMO_06011994
32,0,7,6,2,0,0.75,211490,212880,215373,ACMO_06011994
33,0,3,8,1,1,0.75,218423,219776,222207,ACMO_06011994
34,0,3,2,1,1,0.75,225823,226592,228823,ACMO_06011994
35,0,2,5,1,1,0.75,232523,233360,234956,ACMO_06011994
36,0,7,6,1,0,0.75,238172,239071,241322,ACMO_06011994
37,0,6,8,2,0,0.75,244672,245279,246822,ACMO_06011994
38,0,2,6,2,0,0.75,250655,251407,253555,ACMO_06011994
39,0,8,6,1,1,0.75,257438,257423,259688,ACMO_06011994
40,0,4,7,1,0,0.75,263221,266319,267971,ACMO_06011994
41,0,8,5,1,1,0.75,271071,273439,275588,ACMO_06011994
42,0,7,7,1,1,0.75,279187,280879,282704,ACMO_06011994
43,0,5,2,2,0,0.75,286687,287407,289137,ACMO_06011994
44,0,3,3,1,1,0.75,292820,293311,295070,ACMO_06011994
45,0,6,6,1,1,0.75,298403,299183,301503,ACMO_06011994
46,0,3,5,1,1,0.75,304736,305615,307236,ACMO_06011994
47,1,2,6,1,0,0.25,310503,311295,313453,ACMO_06011994
48,1,8,7,2,0,0.25,316969,317567,319169,ACMO_06011994
49,1,6,7,1,0,0.25,322285,322639,324185,ACMO_06011994
50,1,8,8,2,1,0.25,327885,328623,330785,ACMO_06011994
51,1,3,3,1,0,0.25,334768,336943,338768,ACMO_06011994
52,1,5,8,2,1,0.25,342785,343439,345718,ACMO_06011994
53,1,2,7,2,1,0.25,349234,350031,352118,ACMO_06011994
54,1,3,5,2,1,0.25,355784,356894,358834,ACMO_06011994
55,1,5,2,1,0,0.25,362800,363390,365017,ACMO_06011994
56,1,6,4,2,1,0.25,369017,369742,371550,ACMO_06011994
57,1,3,5,2,1,0.25,375117,375966,378333,ACMO_06011994
58,1,6,7,2,0,0.25,382100,382878,384916,ACMO_06011994
59,1,2,2,1,1,0.25,388533,389406,391816,ACMO_06011994
60,1,4,7,1,1,0.25,395399,396046,398266,ACMO_06011994
61,1,4,2,2,0,0.25,402065,403710,406015,ACMO_06011994
62,0,6,5,1,0,0.25,417931,418910,420915,ACMO_06011994
63,0,4,7,2,1,0.25,424931,426142,427948,ACMO_06011994
64,0,5,3,2,1,0.25,431181,432430,434764,ACMO_06011994
65,0,3,6,2,1,0.25,438330,438830,441247,ACMO_06011994
66,0,3,6,2,1,0.25,445197,445774,447663,ACMO_06011994
67,0,5,8,2,1,0.25,451397,451854,453830,ACMO_06011994
68,0,5,3,2,0,0.25,457230,458574,460113,ACMO_06011994
69,0,6,6,1,0,0.25,463363,463774,465579,ACMO_06011994
70,0,3,3,2,0,0.25,468662,469197,470879,ACMO_06011994
71,0,2,2,2,0,0.25,474679,475406,477729,ACMO_06011994
72,0,6,5,1,0,0.25,480845,481229,482795,ACMO_06011994
73,0,5,3,1,0,0.25,486062,486429,488212,ACMO_06011994
74,0,3,6,2,1,0.25,492178,492541,494195,ACMO_06011994
75,0,7,5,2,1,0.25,498061,498845,500494,ACMO_06011994
76,0,4,8,2,1,0.25,504461,505245,507377,ACMO_06011994
77,0,3,6,2,1,0.25,511077,511869,513960,ACMO_06011994
78,1,5,7,2,0,0.75,517360,517757,519710,ACMO_06011994
79,1,2,4,2,1,0.75,523210,528189,530493,ACMO_06011994
80,1,2,2,2,1,0.75,534176,534845,536643,ACMO_06011994
81,1,7,8,2,1,0.75,540293,540637,543009,ACMO_06011994
82,1,8,3,2,0,0.75,546926,547389,549526,ACMO_06011994
83,1,3,2,1,1,0.75,552675,553805,555409,ACMO_06011994
84,1,3,4,1,1,0.75,558792,559101,560992,ACMO_06011994
85,1,2,5,1,1,0.75,564192,565437,567958,ACMO_06011994
86,1,4,2,1,0,0.75,571241,571853,573958,ACMO_06011994
87,1,7,6,1,0,0.75,577491,578317,580724,ACMO_06011994
88,1,3,6,2,0,0.75,584041,584861,586574,ACMO_06011994
89,1,5,8,1,1,0.75,590174,590541,592657,ACMO_06011994
90,1,7,8,2,0,0.75,596590,598541,600173,ACMO_06011994
91,1,7,4,1,1,0.85,611273,612236,614189,ACMO_06011994
92,1,8,6,1,1,0.85,617339,618092,619873,ACMO_06011994
93,1,8,8,1,1,0.85,622972,624892,626822,ACMO_06011994
94,1,7,6,1,0,0.85,630839,631244,633039,ACMO_06011994
95,1,6,3,2,0,0.85,636405,637228,639188,ACMO_06011994
96,1,2,8,2,0,0.85,643105,643500,645888,ACMO_06011994
97,1,5,6,1,0,0.85,649271,649644,651971,ACMO_06011994
98,1,6,6,1,1,0.85,655121,655692,657488,ACMO_06011994
99,1,3,5,1,1,0.85,660971,661868,663804,ACMO_06011994
100,1,2,2,1,1,0.85,667304,667756,669437,ACMO_06011994
101,1,3,7,1,1,0.85,673154,673900,675503,ACMO_06011994
102,1,2,2,1,1,0.85,678887,679676,681253,ACMO_06011994
103,1,3,6,1,0,0.85,684286,684700,686786,ACMO_06011994
104,1,3,4,1,1,0.85,690419,691628,693203,ACMO_06011994
105,1,5,8,1,1,0.85,696653,697932,700236,ACMO_06011994
106,1,2,5,1,1,0.85,703669,704284,705969,ACMO_06011994
107,1,7,2,1,1,0.85,709702,710444,712152,ACMO_06011994
108,1,4,4,1,1,0.85,715452,716108,718118,ACMO_06011994
109,0,6,6,1,0,0.15,722101,722476,724068,ACMO_06011994
110,0,4,6,1,1,0.15,727301,727788,730101,ACMO_06011994
111,0,6,7,1,0,0.15,733634,735644,737267,ACMO_06011994
112,0,5,2,2,1,0.15,741301,741899,743567,ACMO_06011994
113,0,5,3,1,0,0.15,747000,747483,749584,ACMO_06011994
114,0,2,6,1,1,0.15,753367,754059,755783,ACMO_06011994
115,0,2,6,1,0,0.15,759133,761659,764116,ACMO_06011994
116,0,6,6,1,0,0.15,767666,768235,770016,ACMO_06011994
117,0,4,3,2,1,0.15,773116,773419,775799,ACMO_06011994
118,0,4,2,2,1,0.15,779182,779515,781416,ACMO_06011994
119,0,6,6,2,1,0.15,784549,786027,788165,ACMO_06011994
120,0,5,5,1,0,0.15,791332,792123,793648,ACMO_06011994
121,0,8,8,2,1,0.15,797115,797435,799848,ACMO_06011994
122,0,5,5,2,1,0.15,802931,803435,805498,ACMO_06011994
123,0,5,6,2,1,0.15,809348,809723,811464,ACMO_06011994
124,0,3,8,2,1,0.15,815464,815899,817731,ACMO_06011994
1,0,8,2,1,0,0.15,4216,5580,7599,AGBB_26121972
2,0,8,3,2,1,0.15,11532,12252,14599,AGBB_26121972
3,0,6,3,2,1,0.15,18482,19692,22082,AGBB_26121972
4,0,2,2,2,1,0.15,25265,26892,29148,AGBB_26121972
5,0,7,4,2,1,0.15,32498,33372,34965,AGBB_26121972
6,0,3,8,1,0,0.15,38848,40412,42181,AGBB_26121972
7,0,4,8,2,1,0.15,45398,47468,49581,AGBB_26121972
8,0,8,7,1,0,0.15,53031,54380,56147,AGBB_26121972
9,0,2,2,2,1,0.15,60080,60475,62813,AGBB_26121972
10,0,6,4,2,1,0.15,66030,67499,69130,AGBB_26121972
11,0,6,8,2,1,0.15,72163,73739,76246,AGBB_26121972
12,0,8,3,1,1,0.15,79646,82011,84429,AGBB_26121972
13,0,4,6,1,0,0.15,88329,89787,91562,AGBB_26121972
14,0,3,3,2,1,0.15,94795,95243,97362,AGBB_26121972
15,0,8,8,2,1,0.15,100962,101995,104145,AGBB_26121972
16,0,3,4,2,0,0.15,107611,109387,111128,AGBB_26121972
17,0,7,6,2,1,0.15,114994,115899,117778,AGBB_26121972
18,1,5,7,2,0,0.85,121111,122043,123944,AGBB_26121972
19,1,2,2,2,0,0.85,127094,128155,130127,AGBB_26121972
20,1,3,8,2,0,0.85,133844,135227,136860,AGBB_26121972
21,1,7,7,1,1,0.85,139893,141739,144110,AGBB_26121972
22,1,6,4,1,1,0.85,147710,149851,151626,AGBB_26121972
23,1,6,2,1,1,0.85,155343,156251,158393,AGBB_26121972
24,1,3,7,2,0,0.85,162059,163995,165942,AGBB_26121972
25,1,6,6,1,1,0.85,169575,170587,172259,AGBB_26121972
26,1,2,5,1,1,0.85,176175,177291,179308,AGBB_26121972
27,1,7,5,1,1,0.85,183341,184075,185708,AGBB_26121972
28,1,5,3,1,1,0.85,189591,190826,192658,AGBB_26121972
29,1,7,8,1,1,0.85,196324,198154,200057,AGBB_26121972
30,1,4,3,1,1,0.85,203891,204810,207157,AGBB_26121972
31,1,5,6,1,1,0.85,210990,212202,214373,AGBB_26121972
32,1,3,5,2,0,0.85,218057,218586,220923,AGBB_26121972
33,1,8,3,1,1,0.85,224590,226202,227906,AGBB_26121972
34,1,5,6,1,1,0.85,230989,231482,233906,AGBB_26121972
35,1,8,5,1,1,0.25,245105,250666,252838,AGBB_26121972
36,1,4,2,1,1,0.25,256688,257690,259221,AGBB_26121972
37,1,7,3,2,1,0.25,262638,264010,265738,AGBB_26121972
38,1,2,5,2,1,0.25,269104,270122,272154,AGBB_26121972
39,1,4,4,2,0,0.25,276171,277994,280187,AGBB_26121972
40,1,7,5,2,1,0.25,284054,285674,287920,AGBB_26121972
41,1,5,6,2,0,0.25,291153,292954,294920,AGBB_26121972
42,1,6,7,1,0,0.25,297986,298730,301203,AGBB_26121972
43,1,8,4,1,1,0.25,304453,306234,308636,AGBB_26121972
44,1,2,8,1,0,0.25,311969,313242,314902,AGBB_26121972
45,1,5,3,2,1,0.25,318286,319913,322369,AGBB_26121972
46,1,3,2,2,1,0.25,325519,326025,327802,AGBB_26121972
47,1,4,5,2,1,0.25,331802,332841,334451,AGBB_26121972
48,1,8,7,2,1,0.25,337835,338601,340935,AGBB_26121972
49,1,8,2,2,0,0.25,344784,346441,348318,AGBB_26121972
50,1,3,5,1,1,0.25,351434,353561,355184,AGBB_26121972
51,1,3,3,1,0,0.25,359084,362617,364167,AGBB_26121972
52,1,3,5,2,1,0.25,367800,368713,371083,AGBB_26121972
53,1,8,4,2,1,0.25,375100,377225,378800,AGBB_26121972
54,0,6,7,1,1,0.75,382266,385081,386866,AGBB_26121972
55,0,3,6,2,0,0.75,390549,393753,395515,AGBB_26121972
56,0,5,7,1,1,0.75,398932,399385,401665,AGBB_26121972
57,0,5,3,1,1,0.75,405215,406009,407832,AGBB_26121972
58,0,7,6,1,1,0.75,411431,412361,414715,AGBB_26121972
59,0,3,4,2,1,0.75,418314,418985,421364,AGBB_26121972
60,0,8,5,1,1,0.75,424498,425369,426947,AGBB_26121972
61,0,2,5,1,0,0.75,430864,432713,434514,AGBB_26121972
62,0,6,5,2,0,0.75,437997,438857,440647,AGBB_26121972
63,0,4,2,1,0,0.75,443763,444265,446763,AGBB_26121972
64,0,6,8,2,0,0.75,449863,450600,452913,AGBB_26121972
65,0,2,8,1,1,0.75,456213,456728,458279,AGBB_26121972
66,0,6,4,2,0,0.25,469795,472232,474295,AGBB_26121972
67,0,3,4,1,1,0.25,477579,477928,479978,AGBB_26121972
68,0,7,4,1,1,0.25,483412,483864,485428,AGBB_26121972
69,0,5,3,1,1,0.25,488845,489640,491178,AGBB_26121972
70,0,6,3,1,0,0.25,494361,495384,497194,AGBB_26121972
71,0,2,2,2,1,0.25,500928,503048,505094,AGBB_26121972
72,0,7,2,2,1,0.25,508627,509256,510794,AGBB_26121972
73,0,8,6,2,1,0.25,513994,515080,517293,AGBB_26121972
74,0,7,6,2,0,0.25,521110,522088,524093,AGBB_26121972
75,0,6,4,1,0,0.25,527743,528136,530160,AGBB_26121972
76,0,6,5,2,1,0.25,534043,534488,536743,AGBB_26121972
77,0,6,4,1,0,0.25,540692,541496,543959,AGBB_26121972
78,0,8,7,2,0,0.25,547192,547608,549342,AGBB_26121972
79,0,6,8,1,0,0.25,552942,553928,556308,AGBB_26121972
80,0,7,3,1,0,0.25,560042,561368,563741,AGBB_26121972
81,0,3,6,2,1,0.25,567441,568392,569958,AGBB_26121972
82,1,5,8,2,0,0.75,573658,574232,576474,AGBB_26121972
83,1,8,5,1,1,0.75,580307,581047,582741,AGBB_26121972
84,1,6,4,1,1,0.75,586574,587271,589157,AGBB_26121972
85,1,2,5,1,1,0.75,592807,595047,597023,AGBB_26121972
86,1,6,7,1,1,0.75,600356,601287,603590,AGBB_26121972
87,1,4,4,1,1,0.75,606906,607591,610073,AGBB_26121972
88,1,2,7,1,1,0.75,613206,614359,615922,AGBB_26121972
89,1,7,2,2,0,0.75,619156,620615,623105,AGBB_26121972
90,1,4,5,1,0,0.75,627055,627959,629989,AGBB_26121972
91,1,3,6,2,1,0.75,633805,634695,636655,AGBB_26121972
92,1,8,3,1,1,0.75,640688,641655,643188,AGBB_26121972
93,1,6,7,1,0,0.75,646504,648583,650204,AGBB_26121972
94,0,7,7,2,0,0.85,661670,664721,666620,AGBB_26121972
95,0,6,4,1,1,0.85,669987,670871,672903,AGBB_26121972
96,0,7,4,1,1,0.85,676486,677047,678903,AGBB_26121972
97,0,7,4,1,0,0.85,682753,683143,685019,AGBB_26121972
98,0,3,4,2,0,0.85,688153,689863,692019,AGBB_26121972
99,0,4,4,1,1,0.85,695202,696407,698669,AGBB_26121972
100,0,3,6,1,1,0.85,702452,703111,705352,AGBB_26121972
101,0,5,6,1,0,0.85,709152,709878,712102,AGBB_26121972
102,0,8,5,2,1,0.85,715485,716022,718418,AGBB_26121972
103,0,3,7,2,1,0.85,722034,722550,724434,AGBB_26121972
104,0,5,6,1,1,0.85,727868,729958,732217,AGBB_26121972
105,0,5,7,1,1,0.85,735650,736630,738834,AGBB_26121972
106,0,3,5,1,1,0.85,742634,744502,746817,AGBB_26121972
107,0,3,3,1,1,0.85,750017,751414,753783,AGBB_26121972
108,0,2,5,1,1,0.85,757000,760566,762133,AGBB_26121972
109,0,4,7,1,1,0.85,765399,768774,771182,AGBB_26121972
110,0,7,8,1,1,0.85,774715,775318,777515,AGBB_26121972
111,0,5,7,1,1,0.85,780765,782246,784032,AGBB_26121972
112,1,2,7,1,0,0.15,787665,788406,790148,AGBB_26121972
113,1,5,3,1,0,0.15,793731,795190,796965,AGBB_26121972
114,1,2,3,2,1,0.15,800498,801094,803348,AGBB_26121972
115,1,2,2,1,0,0.15,807264,808374,809997,AGBB_26121972
116,1,2,7,2,1,0.15,813680,814150,815847,AGBB_26121972
117,1,2,5,2,1,0.15,819714,820966,822613,AGBB_26121972
118,1,3,5,2,1,0.15,825963,827782,829796,AGBB_26121972
119,1,3,4,2,1,0.15,833230,834358,836413,AGBB_26121972
120,1,2,4,2,0,0.15,840213,841333,843846,AGBB_26121972
121,1,6,2,1,0,0.15,847046,847653,849712,AGBB_26121972
122,1,7,3,2,1,0.15,852912,854005,856345,AGBB_26121972
123,1,7,3,2,1,0.15,859478,860501,862378,AGBB_26121972
1,1,4,3,1,0,0.25,5966,7456,9282,AIMM_09031985
2,1,6,3,2,1,0.25,12549,13744,15382,AIMM_09031985
3,1,5,2,2,1,0.25,18982,19728,21565,AIMM_09031985
4,1,7,2,2,1,0.25,25248,26000,28248,AIMM_09031985
5,1,3,3,2,1,0.25,31681,32304,34031,AIMM_09031985
6,1,4,3,2,0,0.25,37265,37792,40131,AIMM_09031985
7,1,4,7,2,0,0.25,44081,44575,46814,AIMM_09031985
8,1,6,2,1,0,0.25,50114,50751,52631,AIMM_09031985
9,1,6,3,1,1,0.25,55780,56479,58597,AIMM_09031985
10,1,8,7,1,0,0.25,62463,63759,65313,AIMM_09031985
11,1,4,6,2,1,0.25,68747,69215,71246,AIMM_09031985
12,1,2,6,2,1,0.25,74713,75439,77196,AIMM_09031985
13,1,6,5,2,0,0.25,80963,81455,83613,AIMM_09031985
14,1,5,6,2,1,0.25,87462,87903,89846,AIMM_09031985
15,1,6,7,2,0,0.25,93845,94431,96762,AIMM_09031985
16,1,3,7,2,1,0.25,99879,100591,102195,AIMM_09031985
17,1,6,7,2,0,0.25,106245,106863,109345,AIMM_09031985
18,1,2,7,2,1,0.25,113195,114031,116394,AIMM_09031985
19,0,6,7,2,0,0.75,119644,120479,122844,AIMM_09031985
20,0,5,2,2,0,0.75,126127,126703,128444,AIMM_09031985
21,0,7,5,1,1,0.75,131660,132207,133944,AIMM_09031985
22,0,4,7,1,0,0.75,137844,138527,140277,AIMM_09031985
23,0,2,6,1,1,0.75,143727,144255,146627,AIMM_09031985
24,0,2,3,1,1,0.75,150593,151343,153376,AIMM_09031985
25,0,8,3,1,1,0.75,156659,157583,159759,AIMM_09031985
26,0,8,2,1,1,0.75,162842,164767,166776,AIMM_09031985
27,0,3,7,1,0,0.75,170109,172095,174559,AIMM_09031985
28,0,2,5,1,1,0.75,178525,179166,181425,AIMM_09031985
29,0,4,3,1,1,0.75,184525,185358,187491,AIMM_09031985
30,0,2,2,1,0,0.75,190641,191358,193741,AIMM_09031985
31,0,7,4,1,0,0.75,197591,198222,199958,AIMM_09031985
32,0,2,4,1,1,0.75,203957,205278,206891,AIMM_09031985
33,0,3,8,1,0,0.75,210890,211822,213724,AIMM_09031985
34,0,2,6,1,1,0.75,217123,217614,220007,AIMM_09031985
35,1,8,7,1,1,0.85,235706,236798,239289,AIMM_09031985
36,1,6,3,1,1,0.85,242772,243534,245489,AIMM_09031985
37,1,2,3,1,1,0.85,248672,249374,251739,AIMM_09031985
38,1,2,4,1,1,0.85,255672,256318,258022,AIMM_09031985
39,1,5,6,1,1,0.85,261455,262830,264755,AIMM_09031985
40,1,2,3,1,1,0.85,268371,269134,271138,AIMM_09031985
41,1,8,2,1,1,0.85,274404,275134,277554,AIMM_09031985
42,1,2,6,1,1,0.85,281537,283582,285721,AIMM_09031985
43,1,4,5,1,1,0.85,289487,290302,292420,AIMM_09031985
44,1,4,5,1,1,0.85,296037,297742,299520,AIMM_09031985
45,1,3,8,1,1,0.85,303436,304286,306103,AIMM_09031985
46,1,8,6,1,1,0.85,309919,311357,313203,AIMM_09031985
47,1,2,2,1,1,0.85,317086,318445,320469,AIMM_09031985
48,1,8,6,1,1,0.85,323536,324493,326235,AIMM_09031985
49,1,8,5,1,1,0.85,329552,330413,332652,AIMM_09031985
50,1,5,8,1,1,0.85,336485,337021,339085,AIMM_09031985
51,1,7,7,1,1,0.85,343101,343693,345801,AIMM_09031985
52,0,2,5,1,0,0.15,349734,350365,352468,AIMM_09031985
53,0,8,4,1,0,0.15,355734,356093,358334,AIMM_09031985
54,0,3,8,1,0,0.15,362117,363037,365417,AIMM_09031985
55,0,3,6,2,0,0.15,369200,369629,371367,AIMM_09031985
56,0,2,8,2,1,0.15,374983,375469,377067,AIMM_09031985
57,0,8,4,2,1,0.15,381000,381997,383866,AIMM_09031985
58,0,2,5,2,1,0.15,387116,388493,390299,AIMM_09031985
59,0,5,6,2,1,0.15,393982,394797,396766,AIMM_09031985
60,0,7,7,2,1,0.15,400416,401005,402732,AIMM_09031985
61,0,2,2,2,1,0.15,406465,407805,410015,AIMM_09031985
62,0,3,2,2,1,0.15,413365,414013,416198,AIMM_09031985
63,0,8,3,2,0,0.15,420048,420573,422698,AIMM_09031985
64,0,7,8,2,1,0.15,426164,426717,428914,AIMM_09031985
65,0,6,5,2,1,0.15,432014,432781,434931,AIMM_09031985
66,0,8,3,2,1,0.15,438897,439501,441797,AIMM_09031985
67,0,7,6,2,1,0.15,445080,449773,451897,AIMM_09031985
68,0,2,6,2,1,0.15,455280,456492,458696,AIMM_09031985
69,0,7,5,2,0,0.85,473862,474972,476729,AIMM_09031985
70,0,6,3,2,0,0.85,480612,481116,482745,AIMM_09031985
71,0,7,3,1,1,0.85,486145,486924,488478,AIMM_09031985
72,0,4,7,1,1,0.85,492428,493724,495945,AIMM_09031985
73,0,5,3,1,1,0.85,499811,500316,502194,AIMM_09031985
74,0,4,6,1,1,0.85,505844,506668,508261,AIMM_09031985
75,0,2,6,1,1,0.85,511594,511948,513911,AIMM_09031985
76,0,3,7,1,1,0.85,517344,517996,520444,AIMM_09031985
77,0,2,8,1,0,0.85,524160,524636,527027,AIMM_09031985
78,0,3,3,1,1,0.85,530960,531308,532976,AIMM_09031985
79,0,6,6,1,1,0.85,536726,537084,539160,AIMM_09031985
80,0,2,3,1,0,0.85,542659,543548,545609,AIMM_09031985
81,0,2,5,1,1,0.85,548909,549372,551242,AIMM_09031985
82,0,3,3,1,0,0.85,555059,555628,557509,AIMM_09031985
83,0,4,3,1,0,0.85,561575,561884,563942,AIMM_09031985
84,0,4,5,2,0,0.85,567992,568364,570342,AIMM_09031985
85,1,2,5,2,1,0.15,573708,574140,576025,AIMM_09031985
86,1,4,4,2,1,0.15,579474,579900,582258,AIMM_09031985
87,1,6,8,2,1,0.15,586124,586491,588557,AIMM_09031985
88,1,8,3,2,1,0.15,592074,592491,594540,AIMM_09031985
89,1,3,2,2,1,0.15,598590,599243,601040,AIMM_09031985
90,1,7,7,2,1,0.15,604757,605163,607507,AIMM_09031985
91,1,6,3,2,1,0.15,610640,611419,613156,AIMM_09031985
92,1,7,5,2,0,0.15,616473,617291,619239,AIMM_09031985
93,1,5,4,2,0,0.15,623173,623627,625506,AIMM_09031985
94,1,3,5,2,1,0.15,629289,629979,632039,AIMM_09031985
95,1,8,4,2,1,0.15,635889,636459,638689,AIMM_09031985
96,1,7,7,2,1,0.15,642088,642747,644822,AIMM_09031985
97,1,8,2,2,1,0.15,648255,648699,650538,AIMM_09031985
98,1,4,5,2,1,0.15,654255,654683,657204,AIMM_09031985
99,1,6,4,2,1,0.15,660604,661547,663837,AIMM_09031985
100,1,7,3,2,0,0.15,667521,668075,670154,AIMM_09031985
101,0,7,4,2,1,0.25,684537,686155,687953,AIMM_09031985
102,0,5,5,2,1,0.25,691636,692363,694386,AIMM_09031985
103,0,7,5,2,1,0.25,697886,699659,701569,AIMM_09031985
104,0,6,7,2,1,0.25,705386,705851,707469,AIMM_09031985
105,0,6,8,2,1,0.25,710535,710939,713119,AIMM_09031985
106,0,4,2,2,1,0.25,716902,717307,719718,AIMM_09031985
107,0,8,6,2,1,0.25,722868,723291,725701,AIMM_09031985
108,0,5,2,2,1,0.25,729735,730362,732851,AIMM_09031985
109,0,4,8,2,0,0.25,736451,736762,739084,AIMM_09031985
110,0,4,8,2,1,0.25,742267,742586,744517,AIMM_09031985
111,0,8,6,2,1,0.25,748484,748858,750834,AIMM_09031985
112,0,2,5,2,1,0.25,754650,755098,757033,AIMM_09031985
113,0,3,4,2,1,0.25,760983,761450,763600,AIMM_09031985
114,0,7,3,2,1,0.25,766950,767402,769900,AIMM_09031985
115,0,4,3,2,1,0.25,773549,773882,775849,AIMM_09031985
116,0,6,4,2,0,0.25,779349,779946,782149,AIMM_09031985
117,0,7,6,2,0,0.25,785449,786810,789115,AIMM_09031985
118,0,4,5,2,0,0.25,792949,793338,795382,AIMM_09031985
119,1,5,2,1,0,0.75,799298,799898,801932,AIMM_09031985
120,1,3,5,1,1,0.75,805015,805322,806881,AIMM_09031985
121,1,6,5,1,0,0.75,810015,810602,812881,AIMM_09031985
122,1,5,2,1,0,0.75,816881,817530,819647,AIMM_09031985
123,1,2,6,2,0,0.75,823681,824122,826314,AIMM_09031985
124,1,2,7,2,0,0.75,829580,830106,831830,AIMM_09031985
125,1,6,6,2,0,0.75,835063,835418,837480,AIMM_09031985
126,1,6,7,1,1,0.75,841530,842154,843996,AIMM_09031985
127,1,3,7,1,0,0.75,847563,848266,850079,AIMM_09031985
128,1,8,4,1,1,0.75,854146,855418,857279,AIMM_09031985
129,1,5,7,1,0,0.75,860496,861226,863629,AIMM_09031985
130,1,8,8,1,1,0.75,866912,867465,869529,AIMM_09031985
1,0,7,4,2,1,0.25,9566,10623,12832,ANRM_25081987
2,0,8,4,2,1,0.25,16765,16847,19332,ANRM_25081987
3,0,2,5,2,1,0.25,22899,23759,25365,ANRM_25081987
4,0,7,5,2,1,0.25,29182,29503,31398,ANRM_25081987
5,0,2,2,2,0,0.25,34515,34847,36748,ANRM_25081987
6,0,6,2,2,1,0.25,40798,40959,42931,ANRM_25081987
7,0,8,7,2,0,0.25,46831,47631,49397,ANRM_25081987
8,0,6,3,2,0,0.25,53464,54591,56647,ANRM_25081987
9,0,2,2,1,0,0.25,60430,60639,62847,ANRM_25081987
10,0,5,6,1,0,0.25,66497,66735,68763,ANRM_25081987
11,0,4,7,2,1,0.25,71963,73087,74896,ANRM_25081987
12,0,8,8,2,0,0.25,78430,78559,81079,ANRM_25081987
13,0,8,4,2,0,0.25,84713,84895,86713,ANRM_25081987
14,0,2,5,1,0,0.25,90046,90510,92729,ANRM_25081987
15,0,4,2,1,1,0.25,96412,96766,98845,ANRM_25081987
16,0,2,6,1,0,0.25,102562,102654,104845,ANRM_25081987
17,1,3,2,1,1,0.75,108762,110318,112728,ANRM_25081987
18,1,3,2,1,1,0.75,115978,116078,117661,ANRM_25081987
19,1,8,6,1,0,0.75,121011,121422,123928,ANRM_25081987
20,1,3,4,1,1,0.75,127294,127918,130394,ANRM_25081987
21,1,6,3,1,1,0.75,134177,134878,136810,ANRM_25081987
22,1,8,4,1,1,0.75,140277,141662,144177,ANRM_25081987
23,1,5,6,1,1,0.75,147493,147950,149977,ANRM_25081987
24,1,8,3,1,1,0.75,153426,153854,156160,ANRM_25081987
25,1,4,4,1,0,0.75,159443,160030,161759,ANRM_25081987
26,1,4,6,1,1,0.75,165059,165358,167259,ANRM_25081987
27,1,8,5,1,1,0.75,170676,171102,173042,ANRM_25081987
28,1,5,3,1,1,0.75,176775,177502,179842,ANRM_25081987
29,1,8,8,1,0,0.25,189842,189982,192441,ANRM_25081987
30,1,6,7,1,0,0.25,195891,196046,198341,ANRM_25081987
31,1,3,6,2,1,0.25,202358,202718,204924,ANRM_25081987
32,1,7,5,2,1,0.25,208291,208574,210941,ANRM_25081987
33,1,8,8,2,1,0.25,214141,214494,216457,ANRM_25081987
34,1,2,8,2,1,0.25,219874,220590,222823,ANRM_25081987
35,1,3,4,2,1,0.25,226307,226830,228623,ANRM_25081987
36,1,3,4,2,1,0.25,232556,232926,235256,ANRM_25081987
37,1,5,6,2,1,0.25,238439,238878,240706,ANRM_25081987
38,1,5,5,2,1,0.25,244273,244670,246572,ANRM_25081987
39,1,7,5,2,0,0.25,250139,251229,253189,ANRM_25081987
40,1,8,2,1,0,0.25,256422,257277,259055,ANRM_25081987
41,1,3,6,1,0,0.25,262838,263277,265305,ANRM_25081987
42,1,8,6,2,1,0.25,268838,270317,272538,ANRM_25081987
43,1,2,5,2,1,0.25,275755,277133,279204,ANRM_25081987
44,1,6,2,2,1,0.25,282354,283117,284971,ANRM_25081987
45,0,4,3,2,1,0.75,288987,290125,292104,ANRM_25081987
46,0,3,6,2,0,0.75,295654,296173,298037,ANRM_25081987
47,0,3,2,1,0,0.75,301637,302141,304137,ANRM_25081987
48,0,4,2,1,1,0.75,307887,307885,309953,ANRM_25081987
49,0,7,8,1,1,0.75,313036,313325,315536,ANRM_25081987
50,0,8,7,1,1,0.75,318986,320637,322286,ANRM_25081987
51,0,4,3,1,1,0.75,326169,326925,329186,ANRM_25081987
52,0,4,4,1,0,0.75,332802,333645,335885,ANRM_25081987
53,0,4,2,1,1,0.75,339735,340061,342318,ANRM_25081987
54,0,6,7,1,1,0.75,346352,346653,348702,ANRM_25081987
55,0,8,4,1,1,0.75,351818,352397,354435,ANRM_25081987
56,0,8,4,1,1,0.75,358051,360365,362601,ANRM_25081987
57,0,8,8,2,0,0.85,372667,374477,376184,ANRM_25081987
58,0,7,8,2,1,0.85,379334,379725,381583,ANRM_25081987
59,0,8,2,2,1,0.85,384983,385837,387950,ANRM_25081987
60,0,6,4,2,1,0.85,391550,392125,394566,ANRM_25081987
61,0,3,2,2,0,0.85,397799,397964,400099,ANRM_25081987
62,0,4,8,2,0,0.85,403849,404268,406199,ANRM_25081987
63,0,4,2,2,0,0.85,409832,410156,411782,ANRM_25081987
64,0,6,8,1,0,0.85,415232,415500,417399,ANRM_25081987
65,0,2,6,1,1,0.85,421282,421644,423748,ANRM_25081987
66,0,7,3,1,1,0.85,426865,427244,429181,ANRM_25081987
67,0,2,7,1,1,0.85,432315,432604,434581,ANRM_25081987
68,0,7,7,1,1,0.85,438198,438460,440848,ANRM_25081987
69,0,4,4,1,1,0.85,444497,444780,446747,ANRM_25081987
70,0,3,5,1,1,0.85,450397,450652,453080,ANRM_25081987
71,0,8,6,1,1,0.85,456614,456892,459397,ANRM_25081987
72,0,7,6,1,0,0.85,463030,463292,465347,ANRM_25081987
73,1,6,5,1,0,0.15,468996,469292,471213,ANRM_25081987
74,1,2,6,1,0,0.15,475146,475420,477146,ANRM_25081987
75,1,8,5,2,0,0.15,480229,480860,482996,ANRM_25081987
76,1,7,6,1,1,0.15,486846,490284,492062,ANRM_25081987
77,1,8,4,1,0,0.15,496045,496364,498545,ANRM_25081987
78,1,8,2,1,0,0.15,501828,503404,505612,ANRM_25081987
79,1,4,8,2,1,0.15,509595,510236,511861,ANRM_25081987
80,1,5,6,2,1,0.15,515844,516284,518678,ANRM_25081987
81,1,8,8,2,1,0.15,521778,522108,524277,ANRM_25081987
82,1,4,6,2,1,0.15,527561,528060,530494,ANRM_25081987
83,1,6,5,2,1,0.15,534527,534684,536310,ANRM_25081987
84,1,7,2,2,0,0.15,539510,539788,542093,ANRM_25081987
85,1,4,8,2,0,0.15,545827,546028,547926,ANRM_25081987
86,1,4,5,2,1,0.85,558359,559803,562126,ANRM_25081987
87,1,5,3,2,0,0.85,566209,566715,568459,ANRM_25081987
88,1,4,6,2,0,0.85,571592,572107,574042,ANRM_25081987
89,1,3,4,1,1,0.85,577892,579355,581542,ANRM_25081987
90,1,7,6,1,1,0.85,585058,585339,587608,ANRM_25081987
91,1,2,2,1,1,0.85,591175,591435,593858,ANRM_25081987
92,1,3,3,1,1,0.85,597124,597355,598908,ANRM_25081987
93,1,4,4,1,1,0.85,602207,602827,605124,ANRM_25081987
94,1,6,3,1,1,0.85,609074,609467,611574,ANRM_25081987
95,1,2,5,1,1,0.85,615174,615723,617474,ANRM_25081987
96,1,8,3,1,1,0.85,620707,621035,622907,ANRM_25081987
97,1,4,2,1,1,0.85,626540,626795,629040,ANRM_25081987
98,1,5,6,1,1,0.85,632223,632619,634573,ANRM_25081987
99,1,7,5,1,0,0.85,638206,638475,640356,ANRM_25081987
100,1,2,3,1,1,0.85,644039,644523,646756,ANRM_25081987
101,1,5,6,1,1,0.85,650289,650603,652222,ANRM_25081987
102,0,4,4,1,1,0.15,655389,655691,657955,ANRM_25081987
103,0,2,3,1,0,0.15,661655,661883,663638,ANRM_25081987
104,0,5,5,1,0,0.15,667455,667835,670121,ANRM_25081987
105,0,8,3,2,1,0.15,673188,673531,675688,ANRM_25081987
106,0,6,3,2,1,0.15,678938,679227,681421,ANRM_25081987
107,0,5,4,2,1,0.15,685304,685755,687504,ANRM_25081987
108,0,4,8,2,1,0.15,691404,691787,693887,ANRM_25081987
109,0,3,6,2,1,0.15,697787,698155,699987,ANRM_25081987
110,0,3,2,2,1,0.15,703570,704186,706253,ANRM_25081987
111,0,3,2,2,1,0.15,709820,710203,711770,ANRM_25081987
112,0,2,6,2,1,0.15,715419,715770,717719,ANRM_25081987
113,0,4,5,2,1,0.15,721569,721802,723986,ANRM_25081987
1,1,6,7,2,0,0.75,19432,22014,23782,ASCS_31121976
2,1,6,3,1,1,0.75,27698,29710,31965,ASCS_31121976
3,1,8,3,1,1,0.75,35665,36350,38798,ASCS_31121976
4,1,3,3,1,0,0.75,42114,43182,45664,ASCS_31121976
5,1,2,8,1,1,0.75,49531,50670,52247,ASCS_31121976
6,1,4,6,1,0,0.75,56164,56910,58914,ASCS_31121976
7,1,2,3,2,0,0.75,62913,65582,67813,ASCS_31121976
8,1,3,2,1,0,0.75,71296,73438,75296,ASCS_31121976
9,1,2,7,2,0,0.75,78946,79933,81629,ASCS_31121976
10,1,4,5,2,0,0.75,84762,85485,87096,ASCS_31121976
11,1,4,2,1,1,0.75,90246,91405,92928,ASCS_31121976
12,1,4,4,1,0,0.75,96112,96605,98579,ASCS_31121976
13,1,8,6,1,1,0.75,102295,103069,105212,ASCS_31121976
14,1,2,3,1,1,0.75,108861,110141,111895,ASCS_31121976
15,1,6,2,1,1,0.75,115644,116269,118161,ASCS_31121976
16,1,3,7,1,1,0.75,122144,123261,125011,ASCS_31121976
17,1,8,5,1,0,0.75,128761,129677,131927,ASCS_31121976
18,0,7,2,1,0,0.25,135244,135933,138410,ASCS_31121976
19,0,2,4,2,1,0.25,142127,142733,144993,ASCS_31121976
20,0,5,4,1,0,0.25,149026,150013,151943,ASCS_31121976
21,0,5,8,2,0,0.25,155926,156413,158893,ASCS_31121976
22,0,6,5,1,0,0.25,162609,163453,165109,ASCS_31121976
23,0,5,8,1,0,0.25,168175,169645,171825,ASCS_31121976
24,0,4,2,1,0,0.25,175308,177325,179725,ASCS_31121976
25,0,5,5,2,0,0.25,183341,185341,187641,ASCS_31121976
26,0,2,6,2,0,0.25,190741,191421,193458,ASCS_31121976
27,0,4,4,1,0,0.25,196641,197100,199057,ASCS_31121976
28,0,2,5,1,0,0.25,202191,203212,205341,ASCS_31121976
29,0,7,4,1,1,0.25,208857,209884,211474,ASCS_31121976
30,0,8,5,1,1,0.25,215307,215820,218223,ASCS_31121976
31,0,3,2,1,0,0.25,221573,222236,224256,ASCS_31121976
32,0,3,6,2,1,0.25,228073,229596,231606,ASCS_31121976
33,1,8,4,1,1,0.85,241539,242156,243755,ASCS_31121976
34,1,5,3,1,1,0.85,247622,248140,250222,ASCS_31121976
35,1,3,6,1,1,0.85,253572,254252,255938,ASCS_31121976
36,1,3,4,1,1,0.85,259405,260076,262588,ASCS_31121976
37,1,3,3,1,1,0.85,265805,266204,268004,ASCS_31121976
38,1,6,8,1,1,0.85,271971,272428,274437,ASCS_31121976
39,1,7,6,1,1,0.85,278087,278668,280404,ASCS_31121976
40,1,6,2,1,1,0.85,284454,285340,287487,ASCS_31121976
41,1,4,2,1,1,0.85,291187,291852,293837,ASCS_31121976
42,1,2,6,2,0,0.85,297436,299292,301636,ASCS_31121976
43,1,3,8,2,0,0.85,305703,306540,308919,ASCS_31121976
44,1,7,8,1,1,0.85,312986,313515,315302,ASCS_31121976
45,1,6,3,1,1,0.85,318719,319115,320819,ASCS_31121976
46,1,3,4,1,1,0.85,324869,325515,327952,ASCS_31121976
47,1,2,7,1,1,0.85,331368,331867,334168,ASCS_31121976
48,1,3,3,1,1,0.85,337301,337867,340218,ASCS_31121976
49,0,2,6,1,0,0.15,344284,344939,347251,ASCS_31121976
50,0,5,2,1,1,0.15,350884,351339,353751,ASCS_31121976
51,0,5,7,1,0,0.15,357134,357755,359734,ASCS_31121976
52,0,4,4,1,1,0.15,363000,363643,365733,ASCS_31121976
53,0,7,3,1,0,0.15,368850,369499,371900,ASCS_31121976
54,0,7,4,1,0,0.15,375400,376219,378716,ASCS_31121976
55,0,6,8,2,0,0.15,382149,382731,385116,ASCS_31121976
56,0,4,7,1,0,0.15,388932,390459,392832,ASCS_31121976
57,0,3,7,2,1,0.15,396749,397387,398949,ASCS_31121976
58,0,6,4,2,0,0.15,402549,403163,405632,ASCS_31121976
59,0,2,3,2,1,0.15,409365,409835,411881,ASCS_31121976
60,0,5,3,2,1,0.15,415331,415947,417715,ASCS_31121976
61,0,8,3,1,0,0.75,425814,426539,428281,ASCS_31121976
62,0,6,6,2,0,0.75,432114,432810,434614,ASCS_31121976
63,0,6,2,1,0,0.75,437730,438266,440680,ASCS_31121976
64,0,7,2,1,1,0.75,444347,444826,447063,ASCS_31121976
65,0,5,4,1,1,0.75,450830,451322,453796,ASCS_31121976
66,0,4,7,1,1,0.75,457863,458218,460163,ASCS_31121976
67,0,5,8,1,1,0.75,463746,464106,466629,ASCS_31121976
68,0,8,4,1,1,0.75,470496,471178,472929,ASCS_31121976
69,0,4,4,1,0,0.75,476679,477338,479545,ASCS_31121976
70,0,3,8,1,1,0.75,483462,486346,487895,ASCS_31121976
71,0,7,6,1,1,0.75,491395,491946,494211,ASCS_31121976
72,0,2,5,1,1,0.75,497978,498330,499894,ASCS_31121976
73,0,8,6,1,1,0.75,503644,504010,505794,ASCS_31121976
74,0,2,3,1,0,0.75,509110,509434,511044,ASCS_31121976
75,0,5,6,2,0,0.75,514344,515898,518410,ASCS_31121976
76,0,5,5,1,1,0.75,521593,522138,524543,ASCS_31121976
77,1,2,8,1,0,0.25,528010,528618,530443,ASCS_31121976
78,1,8,6,2,1,0.25,534459,536970,539293,ASCS_31121976
79,1,7,3,2,1,0.25,543309,543834,546242,ASCS_31121976
80,1,4,2,2,0,0.25,549542,550313,552009,ASCS_31121976
81,1,7,6,2,0,0.25,555125,555721,557542,ASCS_31121976
82,1,6,2,2,1,0.25,560825,561913,564291,ASCS_31121976
83,1,5,8,2,1,0.25,568075,568713,570358,ASCS_31121976
84,1,7,5,2,0,0.25,574124,574601,577041,ASCS_31121976
85,1,5,5,2,1,0.25,580391,581033,583191,ASCS_31121976
86,1,2,5,2,1,0.25,586774,587321,589290,ASCS_31121976
87,1,7,2,1,0,0.25,593290,595177,596890,ASCS_31121976
88,1,2,2,2,0,0.25,600923,602137,604390,ASCS_31121976
89,1,3,4,1,1,0.25,607723,608201,610323,ASCS_31121976
90,1,2,8,1,1,0.25,613989,614441,616472,ASCS_31121976
91,1,8,2,1,1,0.25,619839,620345,622806,ASCS_31121976
92,1,3,2,1,0,0.25,625905,626729,628689,ASCS_31121976
93,1,8,5,1,0,0.15,638055,639865,641688,ASCS_31121976
94,1,7,3,1,0,0.15,644838,646185,648471,ASCS_31121976
95,1,5,5,2,1,0.15,652154,652681,654804,ASCS_31121976
96,1,3,6,2,1,0.15,658721,659256,661270,ASCS_31121976
97,1,3,3,2,1,0.15,664704,665064,667170,ASCS_31121976
98,1,7,2,2,1,0.15,670753,671144,673103,ASCS_31121976
99,1,2,6,2,1,0.15,676570,677096,679120,ASCS_31121976
100,1,7,7,2,1,0.15,682353,682808,684653,ASCS_31121976
101,1,2,2,2,1,0.15,687986,688712,691052,ASCS_31121976
102,1,5,8,2,1,0.15,694352,694856,697136,ASCS_31121976
103,1,2,4,2,1,0.15,700302,701128,703469,ASCS_31121976
104,1,2,5,2,1,0.15,706768,707400,709135,ASCS_31121976
105,1,4,6,2,1,0.15,712568,713192,715468,ASCS_31121976
106,1,5,2,2,1,0.15,718635,719496,721718,ASCS_31121976
107,1,6,8,2,1,0.15,725801,726232,728134,ASCS_31121976
108,1,8,2,2,1,0.15,731934,732968,734984,ASCS_31121976
109,1,2,2,2,1,0.15,738684,739064,741267,ASCS_31121976
110,1,5,5,2,1,0.15,745033,745368,747483,ASCS_31121976
111,0,7,8,2,0,0.85,750617,751336,753233,ASCS_31121976
112,0,3,4,2,0,0.85,756783,757784,760066,ASCS_31121976
113,0,6,4,2,1,0.85,763833,765336,767499,ASCS_31121976
114,0,8,8,2,0,0.85,770666,771240,773749,ASCS_31121976
115,0,5,6,2,0,0.85,777799,778471,780299,ASCS_31121976
116,0,7,6,1,1,0.85,783398,783991,785882,ASCS_31121976
117,0,5,8,1,1,0.85,789698,790343,792465,ASCS_31121976
118,0,6,2,1,1,0.85,796215,796599,798181,ASCS_31121976
119,0,2,2,1,1,0.85,801881,802279,804631,ASCS_31121976
120,0,6,2,1,1,0.85,807897,808567,810714,ASCS_31121976
121,0,8,8,1,1,0.85,813880,814391,816630,ASCS_31121976
122,0,3,7,1,0,0.85,820547,821015,822947,ASCS_31121976
123,0,2,6,1,1,0.85,826047,827383,829146,ASCS_31121976
1,0,5,6,2,0,0.85,4183,6889,9132,BACV_23011997
2,0,5,5,1,1,0.85,12549,14713,16482,BACV_23011997
3,0,3,2,1,1,0.85,19599,21305,23482,BACV_23011997
4,0,4,4,1,1,0.85,27548,28281,30765,BACV_23011997
5,0,8,4,1,1,0.85,34648,36153,37898,BACV_23011997
6,0,3,8,1,1,0.85,41248,42249,43898,BACV_23011997
7,0,3,8,1,1,0.85,47564,48601,50314,BACV_23011997
8,0,6,3,1,1,0.85,53897,54521,56563,BACV_23011997
9,0,2,4,1,1,0.85,60380,61113,62980,BACV_23011997
10,0,8,3,1,1,0.85,66813,67497,69880,BACV_23011997
11,0,3,3,1,0,0.85,73130,73865,76363,BACV_23011997
12,0,8,2,1,1,0.85,79813,82505,84313,BACV_23011997
13,0,6,2,1,1,0.85,88179,89065,91529,BACV_23011997
14,0,2,3,1,0,0.85,94995,97593,99162,BACV_23011997
15,0,5,7,1,1,0.85,102528,104120,106212,BACV_23011997
16,0,3,4,1,1,0.85,109461,110088,111761,BACV_23011997
17,0,2,5,2,0,0.85,115645,116808,118644,BACV_23011997
18,0,6,6,1,1,0.85,121911,124568,126244,BACV_23011997
19,0,6,7,1,1,0.85,129577,130136,131761,BACV_23011997
20,0,3,6,1,1,0.85,135027,135768,137460,BACV_23011997
21,1,4,6,1,0,0.15,141093,141528,143327,BACV_23011997
22,1,8,3,1,0,0.15,147327,148088,150360,BACV_23011997
23,1,7,6,1,0,0.15,153543,155496,157876,BACV_23011997
24,1,4,2,2,1,0.15,161693,162344,164526,BACV_23011997
25,1,8,2,2,1,0.15,168442,168968,170976,BACV_23011997
26,1,3,4,2,1,0.15,174109,174568,176559,BACV_23011997
27,1,3,4,2,1,0.15,180342,180872,182725,BACV_23011997
28,1,3,3,2,0,0.15,186258,186776,189208,BACV_23011997
29,1,5,6,2,0,0.15,192524,193400,195791,BACV_23011997
30,1,8,8,1,0,0.15,198991,199320,201474,BACV_23011997
31,1,2,6,2,0,0.15,205307,208344,210807,BACV_23011997
32,1,7,3,1,0,0.15,214524,215416,217357,BACV_23011997
33,1,2,8,1,1,0.15,220590,220904,223023,BACV_23011997
34,1,8,3,2,1,0.15,226856,227399,229040,BACV_23011997
35,1,7,3,2,1,0.25,242056,245111,247122,BACV_23011997
36,1,4,8,2,0,0.25,250522,251655,253489,BACV_23011997
37,1,4,8,2,1,0.25,256655,257063,259572,BACV_23011997
38,1,4,2,1,1,0.25,262688,263335,265771,BACV_23011997
39,1,8,3,2,0,0.25,269255,269591,271271,BACV_23011997
40,1,7,7,2,1,0.25,274621,277927,279671,BACV_23011997
41,1,8,2,1,0,0.25,283387,283767,285454,BACV_23011997
42,1,7,6,1,0,0.25,288604,290983,292687,BACV_23011997
43,1,6,7,2,1,0.25,296687,297655,299987,BACV_23011997
44,1,8,7,2,1,0.25,304020,304391,306103,BACV_23011997
45,1,4,3,2,1,0.25,309803,311095,313486,BACV_23011997
46,1,2,3,2,1,0.25,316636,317719,319952,BACV_23011997
47,1,4,2,2,0,0.25,323619,324599,326835,BACV_23011997
48,1,3,8,2,1,0.25,330219,330711,333035,BACV_23011997
49,1,8,5,2,1,0.25,336302,337639,339535,BACV_23011997
50,1,3,8,2,1,0.25,342635,343095,345251,BACV_23011997
51,1,6,8,2,0,0.25,349018,349607,351901,BACV_23011997
52,0,3,7,2,1,0.75,355118,358311,360617,BACV_23011997
53,0,2,6,2,0,0.75,363717,364678,366800,BACV_23011997
54,0,5,8,2,0,0.75,370300,371046,373000,BACV_23011997
55,0,7,5,1,1,0.75,376500,377622,379417,BACV_23011997
56,0,8,7,1,1,0.75,382716,383078,384766,BACV_23011997
57,0,8,2,1,1,0.75,388366,388806,390566,BACV_23011997
58,0,3,8,1,0,0.75,393699,395334,397532,BACV_23011997
59,0,6,6,2,0,0.75,400982,401686,403815,BACV_23011997
60,0,2,5,1,0,0.75,407182,409270,411615,BACV_23011997
61,0,2,2,2,0,0.75,415165,418726,420365,BACV_23011997
62,0,5,3,1,1,0.75,424431,425350,427431,BACV_23011997
63,0,8,2,1,1,0.75,430581,430950,432948,BACV_23011997
64,0,7,5,1,1,0.75,436831,437494,439181,BACV_23011997
65,1,7,6,2,1,0.75,448047,451382,452980,BACV_23011997
66,1,5,3,2,0,0.75,456763,457558,459280,BACV_23011997
67,1,3,6,2,1,0.75,462863,463254,464930,BACV_23011997
68,1,4,8,1,0,0.75,468363,468966,471163,BACV_23011997
69,1,8,7,2,0,0.75,474529,476246,478062,BACV_23011997
70,1,5,7,1,1,0.75,482112,483846,485962,BACV_23011997
71,1,3,7,1,0,0.75,489712,491318,493362,BACV_23011997
72,1,8,2,2,1,0.75,497178,498917,500978,BACV_23011997
73,1,4,3,1,1,0.75,504994,505381,506978,BACV_23011997
74,1,6,3,2,0,0.75,510161,510853,513127,BACV_23011997
75,1,6,4,1,1,0.75,516694,517573,519327,BACV_23011997
76,1,3,8,1,1,0.75,522444,524389,526810,BACV_23011997
77,1,3,3,1,1,0.75,530043,531397,533843,BACV_23011997
78,1,4,4,1,1,0.75,537376,538581,540193,BACV_23011997
79,1,5,2,1,1,0.75,543826,544229,545843,BACV_23011997
80,1,7,4,1,1,0.75,549309,551237,553142,BACV_23011997
81,1,8,8,1,1,0.75,557059,558805,560875,BACV_23011997
82,1,2,2,1,0,0.75,564725,566853,569242,BACV_23011997
83,0,6,3,1,1,0.25,573042,575781,578091,BACV_23011997
84,0,3,6,1,0,0.25,582058,582629,584274,BACV_23011997
85,0,4,8,1,1,0.25,587491,590581,592624,BACV_23011997
86,0,6,4,2,1,0.25,596241,596565,598840,BACV_23011997
87,0,6,6,1,0,0.25,602757,603109,604990,BACV_23011997
88,0,3,6,1,1,0.25,608140,610037,611990,BACV_23011997
89,0,3,5,1,1,0.25,615473,616213,618156,BACV_23011997
90,0,8,2,2,0,0.25,621789,622196,624105,BACV_23011997
91,0,3,3,1,0,0.25,628073,630612,632639,BACV_23011997
92,0,5,5,2,1,0.25,635839,636308,638622,BACV_23011997
93,0,5,6,1,0,0.25,642589,643236,645688,BACV_23011997
94,0,8,5,2,0,0.25,649272,649748,651805,BACV_23011997
95,0,8,8,2,1,0.25,655605,657172,659488,BACV_23011997
96,0,6,7,2,1,0.25,663004,663732,665954,BACV_23011997
97,1,8,4,2,1,0.85,676087,678420,679954,BACV_23011997
98,1,4,5,2,1,0.85,683070,683700,685987,BACV_23011997
99,1,3,8,2,0,0.85,689837,690708,692786,BACV_23011997
100,1,3,3,2,0,0.85,696203,696916,698803,BACV_23011997
101,1,4,2,1,1,0.85,702386,703572,705303,BACV_23011997
102,1,5,8,1,0,0.85,708902,709380,711669,BACV_23011997
103,1,4,6,2,0,0.85,715585,717364,719619,BACV_23011997
104,1,8,4,1,1,0.85,723485,724164,726152,BACV_23011997
105,1,7,3,1,1,0.85,729268,729716,732235,BACV_23011997
106,1,7,8,1,1,0.85,736235,736692,738401,BACV_23011997
107,1,5,8,1,1,0.85,742101,742772,744384,BACV_23011997
108,1,2,5,1,1,0.85,748401,749636,751451,BACV_23011997
109,1,6,6,1,1,0.85,754717,755603,758017,BACV_23011997
110,1,7,6,1,1,0.85,761583,762275,764733,BACV_23011997
111,1,3,5,1,1,0.85,768483,768675,770833,BACV_23011997
112,1,5,5,1,1,0.85,774100,774659,777116,BACV_23011997
113,0,3,3,1,0,0.15,780299,780899,783316,BACV_23011997
114,0,2,3,1,0,0.15,786832,787667,789682,BACV_23011997
115,0,5,8,2,1,0.15,792932,793283,795582,BACV_23011997
116,0,2,4,2,1,0.15,799215,799587,801932,BACV_23011997
117,0,7,6,2,1,0.15,805165,805587,807698,BACV_23011997
118,0,4,3,2,1,0.15,811365,812739,815048,BACV_23011997
119,0,4,2,2,1,0.15,818481,819491,821414,BACV_23011997
120,0,7,6,2,1,0.15,825031,825891,827947,BACV_23011997
121,0,5,4,2,1,0.15,831664,832275,833930,BACV_23011997
122,0,3,8,2,1,0.15,837963,838675,840947,BACV_23011997
123,0,7,7,2,1,0.15,844263,844867,847063,BACV_23011997
124,0,7,3,2,1,0.15,850396,851187,852913,BACV_23011997
125,0,8,8,2,1,0.15,856513,857091,859013,BACV_23011997
1,1,3,2,1,1,0.75,3549,5230,7599,BBMA_19041977
2,1,3,3,1,1,0.75,11532,14702,17015,BBMA_19041977
3,1,4,6,1,1,0.75,20449,21358,23099,BBMA_19041977
4,1,5,4,1,1,0.75,27132,28030,30532,BBMA_19041977
5,1,7,4,1,1,0.75,34165,34734,36948,BBMA_19041977
6,1,7,7,1,1,0.75,40331,40702,42664,BBMA_19041977
7,1,3,4,1,1,0.75,46131,47006,49014,BBMA_19041977
8,1,4,7,1,1,0.75,52464,53390,55397,BBMA_19041977
9,1,3,8,1,1,0.75,58664,59662,62014,BBMA_19041977
10,1,8,5,1,1,0.75,65963,66590,68897,BBMA_19041977
11,1,5,3,1,1,0.75,71980,73278,75413,BBMA_19041977
12,1,3,2,1,1,0.75,78630,80222,82213,BBMA_19041977
13,1,7,7,1,0,0.75,85379,86077,88362,BBMA_19041977
14,1,6,5,1,1,0.75,92279,92749,94312,BBMA_19041977
15,1,7,7,2,0,0.75,98345,99917,102278,BBMA_19041977
16,1,6,7,1,0,0.75,105862,106733,108578,BBMA_19041977
17,1,2,5,2,0,0.75,112311,115485,117261,BBMA_19041977
18,0,7,8,1,1,0.25,121094,121789,123644,BBMA_19041977
19,0,6,6,1,0,0.25,126794,127501,129677,BBMA_19041977
20,0,7,5,1,0,0.25,133677,134269,136094,BBMA_19041977
21,0,5,6,2,1,0.25,139627,140269,142793,BBMA_19041977
22,0,3,4,2,1,0.25,146160,146909,149326,BBMA_19041977
23,0,2,3,2,1,0.25,152460,153277,155210,BBMA_19041977
24,0,5,6,2,1,0.25,158409,160477,162893,BBMA_19041977
25,0,2,5,2,1,0.25,166459,167165,168959,BBMA_19041977
26,0,2,8,2,1,0.25,172076,174397,176459,BBMA_19041977
27,0,5,7,2,1,0.25,179875,180413,182292,BBMA_19041977
28,0,7,2,2,0,0.25,185542,186765,188558,BBMA_19041977
29,0,3,4,2,1,0.25,192441,193757,195791,BBMA_19041977
30,0,2,8,2,0,0.25,199258,199901,201708,BBMA_19041977
31,0,8,2,2,1,0.25,205541,206285,208707,BBMA_19041977
32,0,2,4,2,1,0.25,212490,213565,215757,BBMA_19041977
33,0,5,6,2,0,0.25,218824,219741,221440,BBMA_19041977
34,0,3,4,2,1,0.15,226373,227325,229190,BBMA_19041977
35,0,5,2,2,0,0.15,232423,233900,235873,BBMA_19041977
36,0,3,7,2,1,0.15,239389,240252,241989,BBMA_19041977
37,0,5,6,2,1,0.15,245856,246796,248606,BBMA_19041977
38,0,4,4,2,1,0.15,251772,252876,255222,BBMA_19041977
39,0,4,5,2,0,0.15,259038,261228,263205,BBMA_19041977
40,0,6,6,2,1,0.15,267021,267660,270121,BBMA_19041977
41,0,4,6,2,1,0.15,274088,274604,276204,BBMA_19041977
42,0,5,5,2,1,0.15,279421,280300,281904,BBMA_19041977
43,0,5,5,2,1,0.15,285537,286076,287804,BBMA_19041977
44,0,7,8,2,1,0.15,291254,291980,293620,BBMA_19041977
45,0,8,7,2,0,0.15,296920,299068,301570,BBMA_19041977
46,0,4,7,2,1,0.15,305187,306636,308370,BBMA_19041977
47,0,8,6,1,1,0.15,312003,313660,315236,BBMA_19041977
48,0,4,5,2,1,0.15,319003,320316,322402,BBMA_19041977
49,0,6,6,1,0,0.15,325519,327196,329269,BBMA_19041977
50,1,4,3,2,0,0.85,333052,333900,335635,BBMA_19041977
51,1,8,4,1,1,0.85,339168,340044,341635,BBMA_19041977
52,1,3,5,2,0,0.85,345451,346220,347818,BBMA_19041977
53,1,4,7,1,1,0.85,351335,351740,353268,BBMA_19041977
54,1,8,8,1,1,0.85,356851,357628,359268,BBMA_19041977
55,1,4,7,1,1,0.85,362817,363740,366134,BBMA_19041977
56,1,8,8,1,1,0.85,370034,370908,372750,BBMA_19041977
57,1,8,6,1,1,0.85,376517,377211,379483,BBMA_19041977
58,1,7,8,1,1,0.85,382850,383819,386283,BBMA_19041977
59,1,5,6,1,1,0.85,389800,390587,392916,BBMA_19041977
60,1,4,3,1,1,0.85,396033,397003,399383,BBMA_19041977
61,1,8,6,1,1,0.85,402982,403739,405266,BBMA_19041977
62,1,4,3,1,0,0.15,411932,413755,415582,BBMA_19041977
63,1,6,2,2,1,0.15,419548,421147,423181,BBMA_19041977
64,1,2,5,2,1,0.15,426998,427515,430048,BBMA_19041977
65,1,4,6,2,1,0.15,433164,433819,435948,BBMA_19041977
66,1,4,6,2,0,0.15,439681,440347,442097,BBMA_19041977
67,1,3,6,2,0,0.15,445531,447435,449047,BBMA_19041977
68,1,2,8,1,0,0.15,452097,452779,454830,BBMA_19041977
69,1,5,7,1,0,0.15,457980,458875,461397,BBMA_19041977
70,1,4,5,2,1,0.15,464963,465403,467430,BBMA_19041977
71,1,3,5,2,1,0.15,471396,471803,473446,BBMA_19041977
72,1,6,6,2,1,0.15,476929,477483,479146,BBMA_19041977
73,1,4,2,2,1,0.15,483046,484075,485762,BBMA_19041977
74,1,2,3,2,1,0.15,489029,489851,491429,BBMA_19041977
75,1,5,4,2,0,0.15,494578,495115,496878,BBMA_19041977
76,1,5,3,1,0,0.15,500345,502027,504428,BBMA_19041977
77,1,2,6,2,1,0.15,508361,508667,510544,BBMA_19041977
78,1,3,2,2,1,0.15,514544,515002,517327,BBMA_19041977
79,1,8,4,2,1,0.15,520411,520826,522627,BBMA_19041977
80,0,7,3,2,0,0.85,526660,527146,529260,BBMA_19041977
81,0,8,5,2,0,0.85,532927,533466,535627,BBMA_19041977
82,0,6,6,1,0,0.85,539143,540634,542543,BBMA_19041977
83,0,6,7,2,0,0.85,546276,546746,548859,BBMA_19041977
84,0,2,8,2,0,0.85,552493,552874,555276,BBMA_19041977
85,0,7,8,1,1,0.85,558742,559114,561326,BBMA_19041977
86,0,8,6,1,1,0.85,564609,564970,567442,BBMA_19041977
87,0,6,3,1,1,0.85,571208,571594,573925,BBMA_19041977
88,0,4,6,1,1,0.85,577375,577914,580241,BBMA_19041977
89,0,4,3,1,1,0.85,583425,583914,586408,BBMA_19041977
90,0,5,2,1,1,0.85,589724,590138,592241,BBMA_19041977
91,0,6,8,1,1,0.85,595474,595946,598291,BBMA_19041977
92,0,7,4,1,1,0.85,601574,602010,604090,BBMA_19041977
93,0,2,6,1,1,0.85,607374,608570,610107,BBMA_19041977
94,1,3,6,2,0,0.25,619273,620618,622690,BBMA_19041977
95,1,4,3,1,1,0.25,626639,627258,629623,BBMA_19041977
96,1,8,5,1,0,0.25,632906,633498,635739,BBMA_19041977
97,1,8,4,1,0,0.25,639356,639706,641756,BBMA_19041977
98,1,2,6,2,1,0.25,645572,646170,648372,BBMA_19041977
99,1,6,5,2,1,0.25,651988,654105,656172,BBMA_19041977
100,1,8,4,2,0,0.25,659871,660985,663205,BBMA_19041977
101,1,6,7,2,1,0.25,667238,668265,670154,BBMA_19041977
102,1,2,7,2,0,0.25,674037,675257,677154,BBMA_19041977
103,1,8,3,1,0,0.25,680654,682409,684870,BBMA_19041977
104,1,3,7,2,1,0.25,688137,688585,691087,BBMA_19041977
105,1,5,5,2,1,0.25,694487,696425,698553,BBMA_19041977
106,1,5,6,2,1,0.25,702486,703289,704819,BBMA_19041977
107,1,5,6,2,1,0.25,707869,710617,712536,BBMA_19041977
108,1,2,8,2,0,0.25,715719,716505,718686,BBMA_19041977
109,1,3,4,2,1,0.25,721785,723305,725719,BBMA_19041977
110,1,3,7,2,0,0.25,729718,731481,733235,BBMA_19041977
111,0,4,2,2,0,0.75,736835,737929,740118,BBMA_19041977
112,0,2,3,1,0,0.75,743901,746873,749368,BBMA_19041977
113,0,3,2,2,1,0.75,753067,754409,756484,BBMA_19041977
114,0,6,2,2,0,0.75,760334,761129,763184,BBMA_19041977
115,0,5,2,1,1,0.75,766534,767081,769250,BBMA_19041977
116,0,5,8,1,1,0.75,773033,773785,775650,BBMA_19041977
117,0,7,7,1,1,0.75,779616,781529,783833,BBMA_19041977
118,0,3,4,2,0,0.75,787749,789065,791066,BBMA_19041977
119,0,5,5,1,1,0.75,794199,794632,796966,BBMA_19041977
120,0,5,6,1,1,0.75,800665,802184,803749,BBMA_19041977
121,0,5,4,1,0,0.75,807648,808584,811098,BBMA_19041977
122,0,5,3,1,1,0.75,814781,815912,818015,BBMA_19041977
123,0,2,5,1,1,0.75,821331,824136,826281,BBMA_19041977
124,0,3,8,1,1,0.75,830297,833208,835431,BBMA_19041977
1,1,4,6,2,1,0.75,23015,24656,26765,BCGG_21031989
2,1,6,5,2,1,0.75,30332,31040,32848,BCGG_21031989
3,1,6,6,2,0,0.75,36665,37216,38981,BCGG_21031989
4,1,2,7,2,0,0.75,42181,43183,45631,BCGG_21031989
5,1,5,7,1,1,0.75,49347,50111,52364,BCGG_21031989
6,1,3,3,1,1,0.75,55814,56495,58114,BCGG_21031989
7,1,7,7,1,0,0.75,61480,61871,64047,BCGG_21031989
8,1,8,6,1,0,0.75,68113,68639,71113,BCGG_21031989
9,1,6,3,2,1,0.75,74646,74991,76830,BCGG_21031989
10,1,4,6,2,0,0.75,80613,80991,83279,BCGG_21031989
11,1,8,8,1,1,0.75,86579,87999,90029,BCGG_21031989
12,1,8,5,1,0,0.75,94112,94991,97429,BCGG_21031989
13,1,8,5,2,0,0.75,101262,101647,103812,BCGG_21031989
14,1,5,5,1,1,0.75,107545,108463,110678,BCGG_21031989
15,1,5,4,1,1,0.75,114111,115135,116711,BCGG_21031989
16,1,7,6,1,0,0.75,120444,121295,123694,BCGG_21031989
17,0,3,8,1,0,0.25,127777,128335,129927,BCGG_21031989
18,0,4,6,2,1,0.25,133644,134175,136610,BCGG_21031989
19,0,5,8,2,1,0.25,139960,140415,142810,BCGG_21031989
20,0,5,5,2,1,0.25,146493,146895,148743,BCGG_21031989
21,0,2,5,2,1,0.25,152126,152735,155143,BCGG_21031989
22,0,4,7,2,1,0.25,158293,158751,160659,BCGG_21031989
23,0,5,5,2,0,0.25,164326,164751,166926,BCGG_21031989
24,0,6,2,2,1,0.25,169992,170495,172576,BCGG_21031989
25,0,5,3,2,0,0.25,176559,176895,178725,BCGG_21031989
26,0,7,5,2,1,0.25,181975,182783,185275,BCGG_21031989
27,0,8,7,2,1,0.25,188808,189231,191491,BCGG_21031989
28,0,7,7,2,1,0.25,195275,195758,197741,BCGG_21031989
29,0,2,5,2,0,0.85,206641,208382,210241,BCGG_21031989
30,0,2,8,2,0,0.85,213840,214318,216340,BCGG_21031989
31,0,3,2,1,0,0.85,220040,220366,222373,BCGG_21031989
32,0,8,8,1,1,0.85,225573,226830,228523,BCGG_21031989
33,0,6,6,1,1,0.85,232206,232766,234406,BCGG_21031989
34,0,2,7,1,0,0.85,237789,238302,240789,BCGG_21031989
35,0,6,6,1,1,0.85,244789,245070,246706,BCGG_21031989
36,0,3,4,1,1,0.85,249989,250430,252689,BCGG_21031989
37,0,4,3,1,1,0.85,256655,257214,259655,BCGG_21031989
38,0,8,4,1,0,0.85,262838,263710,266155,BCGG_21031989
39,0,8,3,1,1,0.85,269338,269966,272271,BCGG_21031989
40,0,8,7,1,1,0.85,275505,276158,278188,BCGG_21031989
41,0,2,3,1,1,0.85,282104,282526,284387,BCGG_21031989
42,0,8,7,1,1,0.85,287537,288078,289671,BCGG_21031989
43,0,5,5,1,1,0.85,292837,293262,295387,BCGG_21031989
44,0,8,5,1,1,0.85,299354,299966,301920,BCGG_21031989
45,1,3,7,1,0,0.15,305687,306206,308720,BCGG_21031989
46,1,6,6,1,0,0.15,312136,312590,314520,BCGG_21031989
47,1,4,2,2,1,0.15,318253,318974,321236,BCGG_21031989
48,1,5,3,2,0,0.15,325202,325598,327302,BCGG_21031989
49,1,5,3,2,1,0.15,330719,331198,333635,BCGG_21031989
50,1,8,3,2,0,0.15,336835,337421,339302,BCGG_21031989
51,1,2,4,2,1,0.15,342402,343133,345435,BCGG_21031989
52,1,7,7,2,1,0.15,348551,349117,350785,BCGG_21031989
53,1,5,4,2,1,0.15,354701,355181,356968,BCGG_21031989
54,1,3,8,2,1,0.15,360251,360765,363151,BCGG_21031989
55,1,2,2,2,1,0.15,366934,367373,369201,BCGG_21031989
56,1,6,5,2,1,0.15,372500,372877,374717,BCGG_21031989
57,0,8,7,2,1,0.15,383183,384461,386483,BCGG_21031989
58,0,2,4,2,1,0.15,390000,390493,392150,BCGG_21031989
59,0,2,5,2,0,0.15,396066,396429,398583,BCGG_21031989
60,0,3,2,2,1,0.15,402066,402429,404649,BCGG_21031989
61,0,4,6,2,1,0.15,408449,408893,410865,BCGG_21031989
62,0,5,5,2,1,0.15,413965,414477,416965,BCGG_21031989
63,0,3,2,2,1,0.15,420098,420637,423082,BCGG_21031989
64,0,8,6,2,1,0.15,427098,427661,430065,BCGG_21031989
65,0,4,4,2,1,0.15,433281,433709,435514,BCGG_21031989
66,0,5,6,2,1,0.15,439131,439741,441631,BCGG_21031989
67,0,8,3,2,1,0.15,445464,446013,447631,BCGG_21031989
68,0,4,6,2,1,0.15,451397,451885,453914,BCGG_21031989
69,0,8,6,2,1,0.15,457430,458013,460330,BCGG_21031989
70,0,6,3,2,1,0.15,463613,464029,465863,BCGG_21031989
71,0,6,2,2,1,0.15,469480,470028,471980,BCGG_21031989
72,0,8,8,2,1,0.15,475413,475805,477513,BCGG_21031989
73,1,4,4,2,0,0.85,481029,482012,483746,BCGG_21031989
74,1,3,8,2,0,0.85,487762,488524,490079,BCGG_21031989
75,1,2,4,1,1,0.85,493845,494588,496895,BCGG_21031989
76,1,6,5,1,1,0.85,500878,501308,502945,BCGG_21031989
77,1,4,5,1,1,0.85,506678,507228,509328,BCGG_21031989
78,1,7,6,1,1,0.85,513261,513852,515494,BCGG_21031989
79,1,7,4,1,1,0.85,519094,519596,521744,BCGG_21031989
80,1,2,8,1,1,0.85,524961,525340,527827,BCGG_21031989
81,1,6,4,1,1,0.85,531860,532332,534327,BCGG_21031989
82,1,3,2,1,0,0.85,537877,538380,539993,BCGG_21031989
83,1,6,3,1,1,0.85,543176,543516,545893,BCGG_21031989
84,1,3,6,1,1,0.85,549476,549724,551593,BCGG_21031989
85,0,3,3,2,0,0.75,560176,561564,563892,BCGG_21031989
86,0,5,4,2,0,0.75,567725,568300,570009,BCGG_21031989
87,0,6,3,1,1,0.75,573925,574220,576108,BCGG_21031989
88,0,8,2,1,1,0.75,580008,580540,582891,BCGG_21031989
89,0,7,4,1,1,0.75,586841,587276,589808,BCGG_21031989
90,0,2,6,1,1,0.75,593524,593932,596141,BCGG_21031989
91,0,6,8,1,0,0.75,599507,599980,601991,BCGG_21031989
92,0,3,4,1,1,0.75,605391,605980,607674,BCGG_21031989
93,0,7,8,1,1,0.75,611440,611852,614090,BCGG_21031989
94,0,2,7,1,1,0.75,617890,618283,619940,BCGG_21031989
95,0,7,8,1,0,0.75,623456,623867,626273,BCGG_21031989
96,0,7,4,1,1,0.75,629739,630123,631856,BCGG_21031989
97,0,5,5,1,1,0.75,635239,635611,638039,BCGG_21031989
98,0,2,6,1,1,0.75,641989,642395,644139,BCGG_21031989
99,0,7,3,1,1,0.75,648189,648715,650639,BCGG_21031989
100,0,5,4,1,1,0.75,653738,654107,656305,BCGG_21031989
101,0,6,4,1,1,0.75,659655,659995,662105,BCGG_21031989
102,0,5,8,1,1,0.75,665221,665787,668088,BCGG_21031989
103,1,4,2,1,1,0.25,671838,672651,675038,BCGG_21031989
104,1,5,5,1,1,0.25,678621,679051,681504,BCGG_21031989
105,1,8,8,1,1,0.25,685504,685915,687854,BCGG_21031989
106,1,7,7,1,0,0.25,691654,692315,693953,BCGG_21031989
107,1,3,3,2,1,0.25,697603,698235,700120,BCGG_21031989
108,1,5,2,2,0,0.25,704003,704347,705936,BCGG_21031989
109,1,2,2,2,1,0.25,709203,709675,711653,BCGG_21031989
110,1,8,3,2,1,0.25,714786,715227,717269,BCGG_21031989
111,1,6,3,2,1,0.25,721069,721387,723236,BCGG_21031989
112,1,7,4,2,0,0.25,726952,727307,729735,BCGG_21031989
113,1,2,5,2,0,0.25,733018,733387,735285,BCGG_21031989
114,1,8,8,2,1,0.25,738835,739291,741551,BCGG_21031989
115,1,5,5,2,1,0.25,745201,745611,748018,BCGG_21031989
1,0,6,8,2,1,0.15,61664,62849,64580,B_FE_24011989
2,0,3,8,2,1,0.15,68747,69569,71247,B_FE_24011989
3,0,4,4,2,1,0.15,74746,75857,78280,B_FE_24011989
4,0,7,7,2,1,0.15,81579,82481,84629,B_FE_24011989
5,0,2,5,2,1,0.15,88429,89329,91496,B_FE_24011989
6,0,8,4,2,1,0.15,95096,95873,98129,B_FE_24011989
7,0,4,6,2,1,0.15,101629,102641,104478,B_FE_24011989
8,0,3,4,2,1,0.15,107728,108673,110545,B_FE_24011989
9,0,4,2,1,1,0.15,114261,115681,117361,B_FE_24011989
10,0,4,6,2,1,0.15,120544,120929,122994,B_FE_24011989
11,0,7,5,2,0,0.15,126878,127489,129644,B_FE_24011989
12,0,4,6,2,1,0.15,133361,134193,136427,B_FE_24011989
13,0,4,6,2,0,0.15,139560,140065,141910,B_FE_24011989
14,0,5,5,2,1,0.15,145960,146289,148177,B_FE_24011989
15,0,8,8,1,0,0.15,151477,151889,153843,B_FE_24011989
16,0,6,3,2,1,0.15,157626,158097,160493,B_FE_24011989
17,0,5,4,2,1,0.15,163709,164033,166159,B_FE_24011989
18,0,7,4,2,0,0.15,169659,170129,172442,B_FE_24011989
19,0,5,5,1,0,0.15,176442,177633,179575,B_FE_24011989
20,0,5,4,1,0,0.15,182825,183921,185625,B_FE_24011989
21,1,6,6,2,0,0.85,189192,189457,191725,B_FE_24011989
22,1,6,8,2,0,0.85,194825,195105,196708,B_FE_24011989
23,1,4,4,1,1,0.85,200591,201521,203391,B_FE_24011989
24,1,4,6,1,1,0.85,207124,208048,209874,B_FE_24011989
25,1,8,7,1,1,0.85,213507,214112,216274,B_FE_24011989
26,1,4,8,1,1,0.85,219440,219920,221507,B_FE_24011989
27,1,5,4,1,1,0.85,224723,225280,227323,B_FE_24011989
28,1,8,3,2,0,0.85,230823,231360,233106,B_FE_24011989
29,1,8,8,2,0,0.85,236906,238544,240389,B_FE_24011989
30,1,5,7,1,1,0.85,244256,244448,246606,B_FE_24011989
31,1,8,5,1,1,0.85,250339,250736,253006,B_FE_24011989
32,1,3,7,1,0,0.85,256989,258560,261072,B_FE_24011989
33,0,3,2,1,1,0.75,271821,274096,275938,B_FE_24011989
34,0,4,6,1,1,0.75,279571,280112,281821,B_FE_24011989
35,0,5,5,1,1,0.75,285288,285760,288154,B_FE_24011989
36,0,6,5,1,0,0.75,292187,293056,295137,B_FE_24011989
37,0,7,8,1,1,0.75,298937,299872,302337,B_FE_24011989
38,0,8,8,1,1,0.75,306253,306656,308920,B_FE_24011989
39,0,3,2,1,0,0.75,312103,312576,314570,B_FE_24011989
40,0,8,4,2,0,0.75,317670,318336,320753,B_FE_24011989
41,0,5,6,1,0,0.75,324603,324896,327069,B_FE_24011989
42,0,6,5,2,0,0.75,330352,335168,337319,B_FE_24011989
43,0,2,5,2,1,0.75,340902,343168,345435,B_FE_24011989
44,0,6,7,1,0,0.75,349185,350304,352818,B_FE_24011989
45,0,4,4,1,0,0.75,356401,357712,359418,B_FE_24011989
46,0,2,4,2,1,0.75,363051,363311,365334,B_FE_24011989
47,0,2,3,2,0,0.75,368467,368783,370834,B_FE_24011989
48,0,8,3,2,0,0.75,374551,375471,377084,B_FE_24011989
49,0,4,3,1,1,0.75,380617,381199,382883,B_FE_24011989
50,0,7,6,1,0,0.75,386283,387135,389600,B_FE_24011989
51,0,5,4,1,0,0.75,392883,393807,395600,B_FE_24011989
52,1,4,4,2,0,0.25,398833,399455,401549,B_FE_24011989
53,1,6,8,1,0,0.25,405149,406143,407716,B_FE_24011989
54,1,4,3,2,1,0.25,411332,412143,414449,B_FE_24011989
55,1,5,5,2,1,0.25,418249,419599,421382,B_FE_24011989
56,1,7,7,2,1,0.25,424465,424991,426782,B_FE_24011989
57,1,5,6,2,1,0.25,430065,431631,433748,B_FE_24011989
58,1,2,7,2,1,0.25,436965,438015,439964,B_FE_24011989
59,1,5,8,2,1,0.25,443814,444735,447081,B_FE_24011989
60,1,2,6,2,1,0.25,450164,451375,453297,B_FE_24011989
61,1,6,5,1,0,0.25,457030,458143,460464,B_FE_24011989
62,1,5,3,2,1,0.25,464030,464991,466713,B_FE_24011989
63,1,8,4,2,1,0.25,470313,471759,474263,B_FE_24011989
64,1,2,4,2,1,0.25,477580,479071,481413,B_FE_24011989
65,0,2,2,1,1,0.85,494629,495534,498012,B_FE_24011989
66,0,2,6,1,1,0.85,501745,502206,504562,B_FE_24011989
67,0,8,7,1,1,0.85,507828,509086,511528,B_FE_24011989
68,0,7,5,1,0,0.85,514995,516286,518578,B_FE_24011989
69,0,5,3,1,1,0.85,521728,523534,525394,B_FE_24011989
70,0,2,5,1,1,0.85,529077,529470,531561,B_FE_24011989
71,0,4,3,1,1,0.85,535477,536366,538010,B_FE_24011989
72,0,8,5,2,0,0.85,542043,543294,545443,B_FE_24011989
73,0,5,6,1,1,0.85,549260,551502,553176,B_FE_24011989
74,0,7,8,1,1,0.85,557210,558254,560143,B_FE_24011989
75,0,3,3,1,0,0.85,563259,564542,566426,B_FE_24011989
76,0,8,4,1,0,0.85,569709,570174,572676,B_FE_24011989
77,0,2,3,2,0,0.85,576425,577278,578975,B_FE_24011989
78,0,6,7,1,1,0.85,582042,583022,585075,B_FE_24011989
79,0,6,5,1,1,0.85,588475,590110,592008,B_FE_24011989
80,0,8,3,1,1,0.85,595958,596862,599041,B_FE_24011989
81,1,7,8,1,1,0.15,602774,604030,606324,B_FE_24011989
82,1,2,4,1,0,0.15,609524,610558,612924,B_FE_24011989
83,1,7,5,2,1,0.15,616074,617486,619190,B_FE_24011989
84,1,4,7,1,1,0.15,623240,624686,627140,B_FE_24011989
85,1,6,5,1,0,0.15,630773,631694,634023,B_FE_24011989
86,1,5,8,2,1,0.15,638039,638494,640756,B_FE_24011989
87,1,4,4,2,1,0.15,644189,645053,647489,B_FE_24011989
88,1,2,7,2,0,0.15,651506,652317,654089,B_FE_24011989
89,1,7,4,2,1,0.15,657689,661469,663288,B_FE_24011989
90,1,5,8,2,0,0.15,666605,667437,669038,B_FE_24011989
91,1,4,4,2,1,0.15,672288,672685,674638,B_FE_24011989
92,1,4,2,1,0,0.15,677971,679149,680904,B_FE_24011989
93,1,5,5,2,0,0.75,691704,692765,695137,B_FE_24011989
94,1,7,6,1,1,0.75,699120,699629,701837,B_FE_24011989
95,1,6,6,1,0,0.75,705520,706509,708386,B_FE_24011989
96,1,5,3,2,1,0.75,712403,712749,715270,B_FE_24011989
97,1,6,2,1,1,0.75,719169,719645,721503,B_FE_24011989
98,1,3,4,1,0,0.75,724952,725373,727686,B_FE_24011989
99,1,6,7,2,0,0.75,730819,731293,733352,B_FE_24011989
100,1,7,3,2,1,0.75,736552,737021,738885,B_FE_24011989
101,1,3,8,2,0,0.75,742602,743837,745935,B_FE_24011989
102,1,7,7,2,1,0.75,749818,752525,754651,B_FE_24011989
103,1,5,8,1,1,0.75,758701,760573,762868,B_FE_24011989
104,1,5,7,2,1,0.75,766817,767757,769517,B_FE_24011989
105,1,5,2,1,1,0.75,773500,774205,776184,B_FE_24011989
106,1,6,8,2,0,0.75,780083,780893,783200,B_FE_24011989
107,1,7,8,2,0,0.75,786467,787053,788833,B_FE_24011989
108,1,3,6,1,1,0.75,792450,793149,795599,B_FE_24011989
109,0,7,5,1,0,0.25,799216,800300,802366,B_FE_24011989
110,0,5,7,1,0,0.25,806082,806940,809282,B_FE_24011989
111,0,2,2,2,1,0.25,812749,813564,815849,B_FE_24011989
112,0,8,8,2,1,0.25,819182,820252,822632,B_FE_24011989
113,0,4,2,2,1,0.25,826682,827996,829915,B_FE_24011989
114,0,3,3,2,1,0.25,833548,834796,837148,B_FE_24011989
115,0,8,5,2,1,0.25,840564,842044,843764,B_FE_24011989
116,0,4,5,2,0,0.25,847081,848636,850864,B_FE_24011989
117,0,6,3,1,0,0.25,854280,854892,857347,B_FE_24011989
118,0,4,3,2,1,0.25,860530,860828,862797,B_FE_24011989
119,0,4,2,2,0,0.25,866347,867260,869696,B_FE_24011989
120,0,5,7,2,0,0.25,873496,873884,876179,B_FE_24011989
121,0,7,5,1,0,0.25,880079,881564,883996,B_FE_24011989
122,0,7,3,1,0,0.25,887446,890700,892379,B_FE_24011989
123,0,2,3,2,1,0.25,896179,896732,898928,B_FE_24011989
1,1,8,2,1,1,0.25,5849,6606,8699,CACB_27091965
2,1,4,7,1,0,0.25,11966,12414,14399,CACB_27091965
3,1,8,8,1,0,0.25,18365,18958,20982,CACB_27091965
4,1,2,3,2,1,0.25,24332,24782,26332,CACB_27091965
5,1,8,3,2,1,0.25,30198,30574,32331,CACB_27091965
6,1,6,3,2,1,0.25,36098,36926,39114,CACB_27091965
7,1,5,7,2,1,0.25,42598,43422,45348,CACB_27091965
8,1,5,3,2,0,0.25,49397,50174,52481,CACB_27091965
9,1,7,7,2,0,0.25,55964,56494,58897,CACB_27091965
10,1,2,8,1,1,0.25,62314,63038,64880,CACB_27091965
11,1,6,4,1,0,0.25,68463,69710,71430,CACB_27091965
12,1,4,8,1,0,0.25,74530,75150,76930,CACB_27091965
13,1,7,6,2,1,0.25,80796,81662,83913,CACB_27091965
14,1,3,5,2,1,0.25,87546,88381,90896,CACB_27091965
15,1,2,3,2,1,0.25,94679,95437,96995,CACB_27091965
16,1,6,5,2,1,0.25,101012,101693,103262,CACB_27091965
17,1,5,5,2,1,0.25,106945,107581,109928,CACB_27091965
18,0,3,2,2,0,0.75,113578,114301,116495,CACB_27091965
19,0,3,2,1,1,0.75,119811,120605,122728,CACB_27091965
20,0,7,5,1,1,0.75,126344,128349,130394,CACB_27091965
21,0,8,5,1,0,0.75,133594,134653,136427,CACB_27091965
22,0,4,2,2,0,0.75,139610,141165,143310,CACB_27091965
23,0,4,4,1,0,0.75,146677,147149,149210,CACB_27091965
24,0,3,3,2,0,0.75,152510,152877,154410,CACB_27091965
25,0,8,7,2,0,0.75,158293,159069,160643,CACB_27091965
26,0,3,7,1,1,0.75,164292,165005,167059,CACB_27091965
27,0,5,2,1,1,0.75,170242,170621,173092,CACB_27091965
28,0,2,5,1,1,0.75,177075,177613,179792,CACB_27091965
29,0,8,3,1,0,0.75,182958,183805,185675,CACB_27091965
30,0,4,2,2,0,0.75,188825,189709,191941,CACB_27091965
31,0,2,6,2,1,0.25,202174,203389,205657,CACB_27091965
32,0,3,3,2,0,0.25,209657,210125,211824,CACB_27091965
33,0,3,4,2,0,0.25,215024,215645,217774,CACB_27091965
34,0,4,7,1,1,0.25,220940,222301,224440,CACB_27091965
35,0,3,4,1,0,0.25,227556,228604,230456,CACB_27091965
36,0,6,2,1,0,0.25,234456,235996,237539,CACB_27091965
37,0,4,4,2,0,0.25,241206,241820,244189,CACB_27091965
38,0,4,3,2,1,0.25,248206,248684,250939,CACB_27091965
39,0,8,3,2,1,0.25,254172,263852,266388,CACB_27091965
40,0,7,6,2,1,0.25,269888,271164,272921,CACB_27091965
41,0,6,2,2,1,0.25,276271,277644,279288,CACB_27091965
42,0,3,4,2,1,0.25,283287,283900,286004,CACB_27091965
43,0,3,6,2,1,0.25,289987,290556,292470,CACB_27091965
44,0,8,8,2,0,0.25,295754,297020,298853,CACB_27091965
45,0,5,7,2,1,0.25,302103,302668,304603,CACB_27091965
46,0,8,4,2,0,0.25,307870,309692,311353,CACB_27091965
47,0,5,5,2,0,0.25,314936,315372,317886,CACB_27091965
48,0,8,8,1,0,0.25,321202,321644,323352,CACB_27091965
49,1,6,2,2,0,0.75,327119,327660,330002,CACB_27091965
50,1,6,2,2,0,0.75,333635,334044,335935,CACB_27091965
51,1,5,3,1,1,0.75,339368,339852,341568,CACB_27091965
52,1,3,3,1,0,0.75,344718,345820,347851,CACB_27091965
53,1,8,3,2,0,0.75,351251,351612,353968,CACB_27091965
54,1,3,5,2,0,0.75,357451,357900,359501,CACB_27091965
55,1,7,7,1,1,0.75,363201,363532,365167,CACB_27091965
56,1,3,7,1,1,0.75,369167,369691,372000,CACB_27091965
57,1,2,8,1,0,0.75,375150,375915,377617,CACB_27091965
58,1,6,7,1,1,0.75,381533,382027,383850,CACB_27091965
59,1,5,5,2,1,0.75,386983,388587,390599,CACB_27091965
60,1,5,8,1,1,0.75,394083,394779,396449,CACB_27091965
61,1,3,8,1,1,0.75,400349,401499,403099,CACB_27091965
62,1,5,4,1,1,0.75,406515,413531,415248,CACB_27091965
63,1,6,6,1,1,0.75,418715,419979,422248,CACB_27091965
64,0,6,4,2,0,0.85,436214,437163,439447,CACB_27091965
65,0,8,7,1,1,0.85,442597,442955,444797,CACB_27091965
66,0,7,2,1,1,0.85,447930,449131,451197,CACB_27091965
67,0,7,5,1,1,0.85,454597,455019,457247,CACB_27091965
68,0,8,8,1,1,0.85,461130,461835,464080,CACB_27091965
69,0,7,4,1,1,0.85,467680,468395,470746,CACB_27091965
70,0,4,2,1,1,0.85,474329,475419,477279,CACB_27091965
71,0,5,8,2,0,0.85,481196,483179,485479,CACB_27091965
72,0,4,8,1,0,0.85,489445,489947,491712,CACB_27091965
73,0,3,8,2,0,0.85,494978,497499,499295,CACB_27091965
74,0,5,5,2,0,0.85,502928,503467,505411,CACB_27091965
75,0,7,2,1,1,0.85,508478,512875,514661,CACB_27091965
76,0,2,7,1,1,0.85,518377,519978,522211,CACB_27091965
77,0,8,3,1,1,0.85,525410,526458,528527,CACB_27091965
78,0,2,6,1,1,0.85,532043,532970,534743,CACB_27091965
79,0,7,3,1,1,0.85,537993,541018,542643,CACB_27091965
80,0,8,7,1,0,0.85,546559,547370,549609,CACB_27091965
81,0,2,2,2,0,0.85,553326,553786,555409,CACB_27091965
82,0,6,7,1,1,0.85,559226,560074,561826,CACB_27091965
83,0,3,3,1,1,0.85,564942,565866,568242,CACB_27091965
84,0,4,4,1,0,0.85,572208,572922,575408,CACB_27091965
85,1,3,4,2,0,0.15,579208,579546,581108,CACB_27091965
86,1,5,3,1,0,0.15,584841,585610,587474,CACB_27091965
87,1,4,7,1,0,0.15,590824,591450,593207,CACB_27091965
88,1,5,2,2,1,0.15,596591,596922,599174,CACB_27091965
89,1,8,2,2,1,0.15,602274,603930,606024,CACB_27091965
90,1,5,8,2,1,0.15,609840,610682,612490,CACB_27091965
91,1,3,6,2,1,0.15,615923,617610,620073,CACB_27091965
92,1,3,3,2,1,0.15,623889,624682,626956,CACB_27091965
93,1,6,8,2,1,0.15,630456,631546,633756,CACB_27091965
94,1,5,5,2,1,0.15,637489,637994,639739,CACB_27091965
95,1,6,8,2,1,0.15,643005,643690,645255,CACB_27091965
96,1,6,2,2,1,0.15,648838,649641,651688,CACB_27091965
97,0,8,6,1,0,0.15,665604,666761,669038,CACB_27091965
98,0,2,2,2,0,0.15,672987,673753,675371,CACB_27091965
99,0,4,5,1,0,0.15,678671,679193,681287,CACB_27091965
100,0,2,8,2,1,0.15,685354,686089,687637,CACB_27091965
101,0,8,8,2,1,0.15,691153,691641,693987,CACB_27091965
102,0,2,6,2,1,0.15,697336,698217,699836,CACB_27091965
103,0,7,5,2,1,0.15,703203,703689,706036,CACB_27091965
104,0,5,3,2,1,0.15,709419,709945,711902,CACB_27091965
105,0,3,7,2,1,0.15,714986,716441,718019,CACB_27091965
106,0,6,6,2,1,0.15,722035,723145,725635,CACB_27091965
107,0,6,5,2,1,0.15,728935,729673,731902,CACB_27091965
108,0,8,6,2,1,0.15,735401,735881,738235,CACB_27091965
109,0,8,8,2,1,0.15,742001,743081,745268,CACB_27091965
110,0,7,4,2,1,0.15,748468,752297,754251,CACB_27091965
111,0,3,4,2,1,0.15,757634,758937,761100,CACB_27091965
112,0,3,3,1,0,0.15,764850,766809,768667,CACB_27091965
113,0,6,6,2,1,0.15,772283,773033,775000,CACB_27091965
114,0,8,4,2,1,0.15,778133,779017,781349,CACB_27091965
115,0,6,6,2,1,0.15,785116,786121,788516,CACB_27091965
116,0,2,2,2,1,0.15,792449,801912,804115,CACB_27091965
117,1,6,6,2,0,0.85,807248,808504,810165,CACB_27091965
118,1,5,6,1,0,0.85,813881,814952,817298,CACB_27091965
119,1,6,3,2,0,0.85,821014,821624,824131,CACB_27091965
120,1,8,8,1,1,0.85,827897,828408,830764,CACB_27091965
121,1,3,5,1,1,0.85,834114,837384,839797,CACB_27091965
122,1,4,4,1,1,0.85,842897,843656,845730,CACB_27091965
123,1,6,6,1,0,0.85,849030,849816,851480,CACB_27091965
124,1,6,5,2,0,0.85,854863,858024,860063,CACB_27091965
125,1,6,4,1,1,0.85,863396,869832,871546,CACB_27091965
126,1,7,7,1,1,0.85,875129,876312,878079,CACB_27091965
127,1,7,4,1,1,0.85,881395,882424,884628,CACB_27091965
128,1,3,2,1,0,0.85,888612,891128,892861,CACB_27091965
129,1,8,8,2,0,0.85,896645,897688,899861,CACB_27091965
130,1,5,5,1,1,0.85,903111,903592,905311,CACB_27091965
131,1,4,7,1,1,0.85,908744,913288,915760,CACB_27091965
1,1,3,8,2,0,0.85,9116,9905,12099,CACV_10101997
2,1,3,7,2,0,0.85,15299,16081,18115,CACV_10101997
3,1,4,6,2,0,0.85,22182,23361,25465,CACV_10101997
4,1,7,4,1,1,0.85,29115,29553,31465,CACV_10101997
5,1,3,3,1,1,0.85,35331,35873,37715,CACV_10101997
6,1,8,2,1,1,0.85,41248,41809,43948,CACV_10101997
7,1,4,4,1,1,0.85,47747,48401,50864,CACV_10101997
8,1,5,4,1,0,0.85,54347,54737,57097,CACV_10101997
9,1,3,5,1,1,0.85,60797,61377,63880,CACV_10101997
10,1,5,8,1,0,0.85,67480,68145,70546,CACV_10101997
11,1,4,2,1,1,0.85,74430,75089,76913,CACV_10101997
12,1,3,5,1,1,0.85,80896,81553,83279,CACV_10101997
13,1,4,8,1,0,0.85,86746,87233,88796,CACV_10101997
14,1,6,4,1,1,0.85,92812,93393,95162,CACV_10101997
15,1,6,5,1,1,0.85,98229,99297,100879,CACV_10101997
16,1,2,7,1,1,0.85,104295,104929,107395,CACV_10101997
17,0,8,3,1,0,0.15,111045,111585,113661,CACV_10101997
18,0,4,3,1,0,0.15,117328,117777,119394,CACV_10101997
19,0,6,4,1,0,0.15,122778,123265,125061,CACV_10101997
20,0,2,3,2,1,0.15,128527,128993,131061,CACV_10101997
21,0,4,2,2,1,0.15,134327,135025,136560,CACV_10101997
22,0,4,6,2,1,0.15,140594,141136,143593,CACV_10101997
23,0,8,5,2,0,0.15,147027,147632,149260,CACV_10101997
24,0,8,2,2,1,0.15,153260,153872,155593,CACV_10101997
25,0,8,5,2,1,0.15,159459,161248,163626,CACV_10101997
26,0,2,3,2,1,0.15,166842,167312,168942,CACV_10101997
27,0,7,8,2,0,0.15,172542,173088,174992,CACV_10101997
28,0,2,4,2,0,0.15,178742,180560,182625,CACV_10101997
29,0,7,2,2,1,0.15,186508,187088,189275,CACV_10101997
30,0,7,5,2,1,0.15,193158,193664,195275,CACV_10101997
31,1,2,5,2,0,0.75,209841,211088,212740,CACV_10101997
32,1,3,8,2,1,0.75,216524,217216,219540,CACV_10101997
33,1,7,6,2,1,0.75,223457,224080,226357,CACV_10101997
34,1,4,6,2,0,0.75,230290,231136,233073,CACV_10101997
35,1,4,3,2,1,0.75,236923,238432,240906,CACV_10101997
36,1,6,2,2,0,0.75,244322,245152,246889,CACV_10101997
37,1,7,7,2,0,0.75,250206,251088,253389,CACV_10101997
38,1,7,4,2,1,0.75,256972,259184,260972,CACV_10101997
39,1,5,2,2,0,0.75,264688,265520,267455,CACV_10101997
40,1,6,2,1,0,0.75,270621,271296,273754,CACV_10101997
41,1,4,2,1,0,0.75,277054,278016,279721,CACV_10101997
42,1,6,4,2,0,0.75,283687,284079,285754,CACV_10101997
43,1,6,4,2,0,0.75,288887,290079,291870,CACV_10101997
44,1,5,2,1,0,0.75,295420,296495,298220,CACV_10101997
45,1,8,5,2,0,0.75,301353,301791,303387,CACV_10101997
46,1,8,5,2,0,0.75,307386,309487,311136,CACV_10101997
47,1,5,4,2,0,0.75,314469,315375,317603,CACV_10101997
48,1,8,6,1,0,0.75,321036,321535,323836,CACV_10101997
49,0,7,2,1,1,0.25,327652,328271,330519,CACV_10101997
50,0,2,5,1,0,0.25,334052,334735,336735,CACV_10101997
51,0,4,6,1,0,0.25,340268,340767,342718,CACV_10101997
52,0,8,7,1,0,0.25,346218,346671,348235,CACV_10101997
53,0,8,7,2,1,0.25,352001,352543,354101,CACV_10101997
54,0,7,7,2,1,0.25,357701,358159,360501,CACV_10101997
55,0,7,4,2,1,0.25,363951,365839,368250,CACV_10101997
56,0,2,3,2,0,0.25,371600,372335,374250,CACV_10101997
57,0,5,2,2,1,0.25,378117,380415,382400,CACV_10101997
58,0,3,8,2,1,0.25,385583,386143,388566,CACV_10101997
59,0,5,5,2,0,0.25,392316,392751,394949,CACV_10101997
60,0,3,5,2,1,0.25,398649,398847,401366,CACV_10101997
61,0,4,4,2,1,0.25,404716,407247,409332,CACV_10101997
62,0,7,3,2,1,0.25,413382,413551,415498,CACV_10101997
63,0,6,3,2,1,0.25,418632,419455,421065,CACV_10101997
64,0,2,6,2,1,0.25,424331,426287,428231,CACV_10101997
65,1,8,3,1,0,0.15,443664,444974,447230,CACV_10101997
66,1,4,4,1,0,0.15,451247,451934,453847,CACV_10101997
67,1,2,7,2,1,0.15,457763,458334,460447,CACV_10101997
68,1,3,8,2,1,0.15,463563,464318,466780,CACV_10101997
69,1,7,2,2,1,0.15,469863,470526,472796,CACV_10101997
70,1,2,5,2,1,0.15,476846,477550,479279,CACV_10101997
71,1,8,7,2,1,0.15,483096,483678,485645,CACV_10101997
72,1,4,4,2,1,0.15,489279,489790,491412,CACV_10101997
73,1,3,5,2,1,0.15,495078,495422,497462,CACV_10101997
74,1,8,2,2,1,0.15,500778,501678,503795,CACV_10101997
75,1,6,8,2,1,0.15,507428,508046,509844,CACV_10101997
76,1,8,4,2,1,0.15,513411,514030,516094,CACV_10101997
77,1,5,4,2,1,0.15,519361,522318,524310,CACV_10101997
78,1,4,7,2,1,0.15,528110,528670,530477,CACV_10101997
79,1,4,2,2,0,0.15,533777,534286,536027,CACV_10101997
80,1,6,2,2,1,0.15,539643,540110,542110,CACV_10101997
81,1,3,2,2,1,0.15,545726,545886,547793,CACV_10101997
82,0,5,3,2,0,0.85,550959,553166,555576,CACV_10101997
83,0,8,4,2,1,0.85,559426,559982,562326,CACV_10101997
84,0,3,5,2,0,0.85,566392,567198,568792,CACV_10101997
85,0,8,8,2,1,0.85,572442,573758,575442,CACV_10101997
86,0,7,6,2,1,0.85,579308,580621,582741,CACV_10101997
87,0,8,6,2,0,0.85,586808,587389,589474,CACV_10101997
88,0,3,3,2,0,0.85,593174,593757,595857,CACV_10101997
89,0,3,5,2,0,0.85,599541,599965,601757,CACV_10101997
90,0,2,7,2,1,0.85,605574,606397,608857,CACV_10101997
91,0,3,2,2,0,0.85,612657,613101,614857,CACV_10101997
92,0,4,5,2,0,0.85,618573,618893,620956,CACV_10101997
93,0,8,8,2,0,0.85,624623,625757,627756,CACV_10101997
94,0,4,5,2,0,0.75,642805,643917,646239,CACV_10101997
95,0,2,2,1,1,0.75,650022,651885,653472,CACV_10101997
96,0,6,3,1,1,0.75,657005,657613,659371,CACV_10101997
97,0,3,7,1,1,0.75,663105,663949,665604,CACV_10101997
98,0,5,6,1,1,0.75,669671,670189,672271,CACV_10101997
99,0,6,6,1,1,0.75,676304,676781,678854,CACV_10101997
100,0,3,8,1,1,0.75,682420,683037,684604,CACV_10101997
101,0,2,4,1,0,0.75,687987,688685,690337,CACV_10101997
102,0,3,4,1,1,0.75,693803,694349,696387,CACV_10101997
103,0,3,4,1,1,0.75,700353,700925,703336,CACV_10101997
104,0,7,8,1,1,0.75,706569,707101,709436,CACV_10101997
105,0,5,6,1,0,0.75,713436,714109,716286,CACV_10101997
106,0,4,2,1,1,0.75,719469,719965,721819,CACV_10101997
107,0,4,6,1,1,0.75,725335,726124,728435,CACV_10101997
108,0,6,2,1,1,0.75,731752,732172,734368,CACV_10101997
109,0,7,2,1,1,0.75,737601,737996,740135,CACV_10101997
110,1,3,6,1,1,0.25,743701,744556,746451,CACV_10101997
111,1,2,4,1,0,0.25,749634,750524,752651,CACV_10101997
112,1,8,8,1,1,0.25,756367,760748,762617,CACV_10101997
113,1,4,5,1,0,0.25,766150,766812,769083,CACV_10101997
114,1,8,3,1,0,0.25,772667,773244,775150,CACV_10101997
115,1,6,8,1,1,0.25,779183,779676,781750,CACV_10101997
116,1,7,7,1,0,0.25,785449,786076,787716,CACV_10101997
117,1,5,5,1,0,0.25,791616,792076,794349,CACV_10101997
118,1,7,7,1,1,0.25,798116,798524,800149,CACV_10101997
119,1,7,4,1,0,0.25,803932,804412,806548,CACV_10101997
120,1,5,5,1,0,0.25,809748,810380,812032,CACV_10101997
121,1,5,6,1,0,0.25,815865,817388,819648,CACV_10101997
1,1,8,4,1,0,0.15,7133,10008,12366,CAHG_27061988
2,1,6,4,2,1,0.15,15516,16584,18699,CAHG_27061988
3,1,3,3,2,1,0.15,21865,22760,24515,CAHG_27061988
4,1,8,5,2,1,0.15,27898,28808,31215,CAHG_27061988
5,1,7,4,2,1,0.15,35165,35912,37565,CAHG_27061988
6,1,4,8,2,1,0.15,40764,42344,44314,CAHG_27061988
7,1,4,5,2,0,0.15,47914,48600,50881,CAHG_27061988
8,1,4,2,1,1,0.15,54531,54968,56747,CAHG_27061988
9,1,5,4,1,0,0.15,60064,60520,62330,CAHG_27061988
10,1,6,6,1,0,0.15,66030,67336,69313,CAHG_27061988
11,1,7,8,2,1,0.15,72713,73400,74996,CAHG_27061988
12,1,3,4,2,1,0.15,78996,79608,81879,CAHG_27061988
13,1,6,4,2,0,0.15,85563,87000,89079,CAHG_27061988
14,1,8,2,1,0,0.15,93079,93512,95212,CAHG_27061988
15,1,3,3,2,1,0.15,99012,99368,101162,CAHG_27061988
16,1,6,5,2,1,0.15,104278,104776,106495,CAHG_27061988
17,0,3,6,2,1,0.85,109945,110344,112245,CAHG_27061988
18,0,6,7,2,0,0.85,115945,116504,118478,CAHG_27061988
19,0,8,7,2,0,0.85,122511,123128,124878,CAHG_27061988
20,0,5,5,2,0,0.85,128294,129400,131244,CAHG_27061988
21,0,6,2,1,1,0.85,134311,135304,137277,CAHG_27061988
22,0,5,4,1,1,0.85,141077,141687,143510,CAHG_27061988
23,0,3,5,1,1,0.85,146877,147671,149977,CAHG_27061988
24,0,8,8,1,1,0.85,153510,154119,156526,CAHG_27061988
25,0,3,8,1,1,0.85,160509,161047,163426,CAHG_27061988
26,0,2,2,1,1,0.85,166626,167175,169059,CAHG_27061988
27,0,8,8,1,1,0.85,172276,172903,174542,CAHG_27061988
28,0,3,5,1,1,0.85,177609,178119,180159,CAHG_27061988
29,0,6,5,1,1,0.85,183492,183943,185925,CAHG_27061988
30,0,4,4,1,1,0.85,189092,189575,191658,CAHG_27061988
31,1,7,2,1,1,0.85,204358,206087,207724,CAHG_27061988
32,1,3,6,1,1,0.85,211174,211511,213857,CAHG_27061988
33,1,5,4,1,0,0.85,217440,217895,220357,CAHG_27061988
34,1,6,3,1,1,0.85,223574,224039,225840,CAHG_27061988
35,1,8,7,1,1,0.85,229057,229367,231773,CAHG_27061988
36,1,6,8,1,0,0.85,235123,235687,237390,CAHG_27061988
37,1,6,4,2,0,0.85,240556,240855,242606,CAHG_27061988
38,1,7,5,1,1,0.85,245806,246119,248606,CAHG_27061988
39,1,5,2,1,1,0.85,252639,253063,254656,CAHG_27061988
40,1,6,5,1,1,0.85,257772,258279,260239,CAHG_27061988
41,1,2,3,1,0,0.85,263572,263943,265738,CAHG_27061988
42,1,6,8,2,0,0.85,268822,270551,272938,CAHG_27061988
43,1,7,5,1,1,0.85,276521,277015,278571,CAHG_27061988
44,1,6,8,1,1,0.85,281888,282487,284421,CAHG_27061988
45,1,6,7,1,1,0.85,287471,287942,290454,CAHG_27061988
46,1,5,3,1,1,0.85,294087,294550,296370,CAHG_27061988
47,0,5,6,2,1,0.15,299854,300918,303070,CAHG_27061988
48,0,8,7,1,1,0.15,306253,307062,308670,CAHG_27061988
49,0,7,8,2,1,0.15,311853,313430,315220,CAHG_27061988
50,0,2,5,2,1,0.15,318786,319942,322269,CAHG_27061988
51,0,5,8,2,1,0.15,325669,326262,327952,CAHG_27061988
52,0,3,3,1,1,0.15,331736,333142,334969,CAHG_27061988
53,0,7,8,2,1,0.15,338285,339094,340885,CAHG_27061988
54,0,3,5,2,1,0.15,344035,344790,346768,CAHG_27061988
55,0,4,7,2,1,0.15,350085,350822,353301,CAHG_27061988
56,0,5,5,1,0,0.15,356951,357958,359701,CAHG_27061988
57,0,6,5,1,1,0.15,363551,364598,366734,CAHG_27061988
58,0,2,5,2,1,0.15,370034,371126,372851,CAHG_27061988
59,0,4,7,2,1,0.15,376000,376678,378367,CAHG_27061988
60,0,3,2,1,1,0.75,386867,387782,389817,CAHG_27061988
61,0,4,8,2,0,0.75,393366,395350,397716,CAHG_27061988
62,0,6,3,1,1,0.75,401116,401878,403449,CAHG_27061988
63,0,6,4,1,1,0.75,406616,407862,409666,CAHG_27061988
64,0,2,6,2,1,0.75,413032,413942,416049,CAHG_27061988
65,0,8,7,1,0,0.75,419999,420630,422182,CAHG_27061988
66,0,6,7,2,1,0.75,425582,426342,428582,CAHG_27061988
67,0,2,3,2,0,0.75,431798,432438,434915,CAHG_27061988
68,0,5,6,2,0,0.75,438714,439493,441198,CAHG_27061988
69,0,3,4,1,1,0.75,445081,446181,448197,CAHG_27061988
70,0,8,3,1,1,0.75,451897,452405,454430,CAHG_27061988
71,0,8,8,2,0,0.75,458447,459669,462147,CAHG_27061988
72,0,4,4,1,0,0.75,465863,466853,469147,CAHG_27061988
73,0,3,6,2,1,0.75,472246,473045,474880,CAHG_27061988
74,0,4,2,1,1,0.75,478829,480181,482596,CAHG_27061988
75,0,2,3,2,1,0.75,486396,486869,488762,CAHG_27061988
76,0,5,3,1,1,0.75,492112,492629,495012,CAHG_27061988
77,0,4,6,2,0,0.75,498929,499429,501378,CAHG_27061988
78,0,2,6,2,0,0.75,505378,506021,507645,CAHG_27061988
79,0,6,5,1,1,0.75,511178,511669,513261,CAHG_27061988
80,1,5,3,1,0,0.25,517128,517765,520228,CAHG_27061988
81,1,4,5,2,0,0.25,523944,524933,526527,CAHG_27061988
82,1,5,2,1,0,0.25,530177,531013,532794,CAHG_27061988
83,1,4,3,2,0,0.25,536044,536997,539477,CAHG_27061988
84,1,7,5,1,0,0.25,542743,544613,546527,CAHG_27061988
85,1,7,8,1,0,0.25,550410,551477,553010,CAHG_27061988
86,1,6,3,2,1,0.25,556726,557477,559959,CAHG_27061988
87,1,5,8,2,1,0.25,563376,564213,566076,CAHG_27061988
88,1,8,4,1,0,0.25,569426,570261,572326,CAHG_27061988
89,1,5,7,2,1,0.25,576309,576853,579075,CAHG_27061988
90,1,7,4,1,1,0.25,582858,583957,585808,CAHG_27061988
91,1,3,3,2,1,0.25,588891,589700,591225,CAHG_27061988
92,1,4,6,2,1,0.25,594658,596804,598374,CAHG_27061988
93,0,7,6,1,0,0.25,607157,607924,609974,CAHG_27061988
94,0,4,6,2,1,0.25,613740,614388,616757,CAHG_27061988
95,0,7,3,1,0,0.25,620707,621732,624240,CAHG_27061988
96,0,3,7,2,1,0.25,627806,628212,630173,CAHG_27061988
97,0,8,8,2,1,0.25,633773,634372,636373,CAHG_27061988
98,0,4,4,1,0,0.25,639806,640660,642189,CAHG_27061988
99,0,3,3,2,1,0.25,645922,646388,648606,CAHG_27061988
100,0,8,7,1,0,0.25,652255,655108,656905,CAHG_27061988
101,0,7,5,2,1,0.25,660072,660660,663088,CAHG_27061988
102,0,4,2,2,1,0.25,666755,667220,669155,CAHG_27061988
103,0,5,8,2,0,0.25,672855,673364,674955,CAHG_27061988
104,0,2,3,1,0,0.25,678404,680260,682788,CAHG_27061988
105,0,8,3,2,0,0.25,686671,687316,689654,CAHG_27061988
106,0,6,8,1,1,0.25,692887,693668,695287,CAHG_27061988
107,0,4,7,2,1,0.25,699237,699636,701920,CAHG_27061988
108,0,8,7,2,0,0.25,705920,706340,707903,CAHG_27061988
109,0,7,3,1,0,0.25,711503,711796,714120,CAHG_27061988
110,0,8,6,2,1,0.25,717236,717524,719686,CAHG_27061988
111,0,2,5,2,1,0.25,722936,723508,725336,CAHG_27061988
112,0,2,4,2,1,0.25,728602,729139,731452,CAHG_27061988
113,0,6,7,2,1,0.25,735269,735667,737985,CAHG_27061988
114,0,3,2,2,1,0.25,741268,741651,744102,CAHG_27061988
115,1,7,3,2,0,0.75,747501,747843,750201,CAHG_27061988
116,1,5,4,1,0,0.75,753651,754195,756601,CAHG_27061988
117,1,6,5,1,1,0.75,760234,760563,762801,CAHG_27061988
118,1,3,2,1,0,0.75,766717,768259,770100,CAHG_27061988
119,1,2,7,2,1,0.75,773667,774019,775617,CAHG_27061988
120,1,2,2,2,0,0.75,779517,779811,781483,CAHG_27061988
121,1,5,4,2,1,0.75,784567,784915,787366,CAHG_27061988
122,1,2,4,2,0,0.75,790900,791283,792883,CAHG_27061988
123,1,5,5,1,1,0.75,796416,796819,799299,CAHG_27061988
124,1,5,3,1,0,0.75,803082,803923,805482,CAHG_27061988
125,1,6,2,1,1,0.75,809149,809843,812299,CAHG_27061988
126,1,3,5,1,1,0.75,815365,816563,818348,CAHG_27061988
127,1,4,7,1,1,0.75,822282,825331,827115,CAHG_27061988
1,1,8,2,1,1,0.75,14999,16520,18432,CAHN_12121983
2,1,3,5,1,1,0.75,21682,21800,23382,CAHN_12121983
3,1,4,6,2,1,0.75,26582,29208,31082,CAHN_12121983
4,1,7,4,2,0,0.75,34798,35800,37798,CAHN_12121983
5,1,3,7,1,1,0.75,41248,43912,46164,CAHN_12121983
6,1,3,5,1,1,0.75,49531,50295,52531,CAHN_12121983
7,1,5,4,2,0,0.75,55747,59495,61814,CAHN_12121983
8,1,8,2,1,1,0.75,65263,66087,68513,CAHN_12121983
9,1,2,3,1,1,0.75,72180,73847,75696,CAHN_12121983
10,1,5,4,1,1,0.75,79613,81095,82713,CAHN_12121983
11,1,6,2,2,0,0.75,86546,88967,91179,CAHN_12121983
12,1,8,7,2,0,0.75,94379,98327,100245,CAHN_12121983
13,1,3,5,1,1,0.75,103995,105367,107812,CAHN_12121983
14,1,7,3,1,1,0.75,111428,112279,114711,CAHN_12121983
15,1,3,6,1,1,0.75,117878,118855,120528,CAHN_12121983
16,1,5,3,1,0,0.75,123844,125863,128044,CAHN_12121983
17,0,2,5,2,1,0.25,131827,133111,135410,CAHN_12121983
18,0,2,4,2,0,0.25,139260,140279,142510,CAHN_12121983
19,0,5,8,1,0,0.25,146027,147639,150076,CAHN_12121983
20,0,3,7,1,1,0.25,153460,155303,157593,CAHN_12121983
21,0,5,2,2,1,0.25,161326,161943,164209,CAHN_12121983
22,0,8,5,1,1,0.25,168159,168903,170826,CAHN_12121983
23,0,7,8,2,1,0.25,174642,175383,177775,CAHN_12121983
24,0,5,5,1,0,0.25,181592,182487,184958,CAHN_12121983
25,0,7,2,1,0,0.25,188091,188726,191058,CAHN_12121983
26,0,4,4,1,0,0.25,194925,197078,198774,CAHN_12121983
27,0,2,5,2,1,0.25,202557,203574,205824,CAHN_12121983
28,0,8,8,1,0,0.25,209641,210598,212740,CAHN_12121983
29,1,6,6,2,1,0.25,223490,225078,227473,CAHN_12121983
30,1,3,7,2,1,0.25,230740,232630,234439,CAHN_12121983
31,1,5,6,2,1,0.25,238323,239478,241856,CAHN_12121983
32,1,8,7,2,1,0.25,245872,247126,249289,CAHN_12121983
33,1,3,6,1,0,0.25,252739,254742,257122,CAHN_12121983
34,1,8,6,2,1,0.25,260638,261718,264138,CAHN_12121983
35,1,2,4,2,0,0.25,267771,270278,272221,CAHN_12121983
36,1,6,5,1,0,0.25,275688,277526,279971,CAHN_12121983
37,1,2,8,1,0,0.25,283087,284214,286154,CAHN_12121983
38,1,6,2,1,0,0.25,289254,291254,292987,CAHN_12121983
39,1,7,6,2,1,0.25,296120,296966,299087,CAHN_12121983
40,1,2,8,2,1,0.25,302770,303334,305186,CAHN_12121983
41,1,6,2,2,0,0.25,308336,309541,311586,CAHN_12121983
42,1,6,3,1,0,0.25,315136,315845,318136,CAHN_12121983
43,1,8,7,1,0,0.25,321619,325029,327119,CAHN_12121983
44,1,5,4,2,0,0.25,330269,330965,332635,CAHN_12121983
45,1,4,6,2,1,0.25,336452,337989,340168,CAHN_12121983
46,0,6,7,2,0,0.75,343635,344501,346385,CAHN_12121983
47,0,6,4,2,0,0.75,349851,351221,353518,CAHN_12121983
48,0,4,5,1,1,0.75,357201,357845,359834,CAHN_12121983
49,0,7,6,1,1,0.75,363584,364069,366417,CAHN_12121983
50,0,8,5,1,1,0.75,370217,371621,373983,CAHN_12121983
51,0,2,5,1,0,0.75,377400,378885,380967,CAHN_12121983
52,0,4,5,2,0,0.75,384983,386021,388433,CAHN_12121983
53,0,8,8,2,0,0.75,391699,393109,394783,CAHN_12121983
54,0,6,5,2,0,0.75,398632,400037,401816,CAHN_12121983
55,0,4,4,1,0,0.75,405815,406165,408115,CAHN_12121983
56,0,2,6,2,1,0.75,411299,413157,414832,CAHN_12121983
57,0,3,8,2,0,0.75,418115,418821,420781,CAHN_12121983
58,0,6,2,1,1,0.75,424131,424629,426448,CAHN_12121983
59,0,2,3,1,1,0.75,429681,431029,433298,CAHN_12121983
60,0,8,7,1,1,0.75,436597,437589,440097,CAHN_12121983
61,1,7,3,1,0,0.15,452413,453796,456147,CAHN_12121983
62,1,4,4,2,1,0.15,459396,461364,462913,CAHN_12121983
63,1,2,5,2,1,0.15,466946,467700,469646,CAHN_12121983
64,1,7,5,2,1,0.15,473663,474260,475829,CAHN_12121983
65,1,4,4,2,1,0.15,479662,480756,482795,CAHN_12121983
66,1,7,3,1,0,0.15,486312,488404,490212,CAHN_12121983
67,1,3,6,2,1,0.15,493845,494676,496762,CAHN_12121983
68,1,5,3,1,0,0.15,500061,502004,504278,CAHN_12121983
69,1,5,5,2,1,0.15,507878,508868,510428,CAHN_12121983
70,1,5,5,2,1,0.15,513844,514996,516961,CAHN_12121983
71,1,7,8,2,0,0.15,520727,522068,523677,CAHN_12121983
72,1,4,8,1,0,0.15,527244,529252,531727,CAHN_12121983
73,1,6,2,1,0,0.15,535043,536660,538276,CAHN_12121983
74,1,8,4,2,1,0.15,542043,542580,544559,CAHN_12121983
75,1,5,5,2,0,0.15,548443,549012,551359,CAHN_12121983
76,1,5,3,1,0,0.15,554726,555668,558026,CAHN_12121983
77,1,8,7,2,1,0.15,561992,564420,566942,CAHN_12121983
78,1,6,4,2,1,0.15,570092,571652,574092,CAHN_12121983
79,1,4,8,2,1,0.15,578008,579044,580758,CAHN_12121983
80,1,2,7,2,1,0.15,584274,586627,588408,CAHN_12121983
81,1,3,3,1,0,0.15,592057,593635,595424,CAHN_12121983
82,0,2,7,2,0,0.85,599440,601459,603924,CAHN_12121983
83,0,3,4,2,0,0.85,607890,610435,612007,CAHN_12121983
84,0,6,2,1,1,0.85,615773,617107,619556,CAHN_12121983
85,0,2,7,1,1,0.85,623556,624835,626439,CAHN_12121983
86,0,7,6,1,1,0.85,630422,631907,633806,CAHN_12121983
87,0,5,5,2,0,0.85,636955,639683,641439,CAHN_12121983
88,0,3,6,1,1,0.85,644905,646579,648288,CAHN_12121983
89,0,5,7,1,1,0.85,651488,652851,654555,CAHN_12121983
90,0,3,8,1,0,0.85,657888,659795,661388,CAHN_12121983
91,0,5,3,2,0,0.85,665121,667971,670404,CAHN_12121983
92,0,6,2,1,1,0.85,673604,674243,676470,CAHN_12121983
93,0,4,4,1,1,0.85,680004,680803,683253,CAHN_12121983
94,0,2,5,1,0,0.85,686853,688051,690287,CAHN_12121983
95,0,2,3,2,0,0.85,693620,694435,696303,CAHN_12121983
96,0,2,7,2,1,0.15,708669,710322,712602,CAHN_12121983
97,0,6,6,2,1,0.15,716569,717762,719385,CAHN_12121983
98,0,5,6,2,1,0.15,722852,724226,726585,CAHN_12121983
99,0,3,3,2,1,0.15,730568,731410,733718,CAHN_12121983
100,0,6,4,2,1,0.15,736801,737938,739684,CAHN_12121983
101,0,2,2,2,1,0.15,742801,745186,747434,CAHN_12121983
102,0,7,7,1,0,0.15,751351,752866,754434,CAHN_12121983
103,0,3,2,2,1,0.15,757984,758834,760667,CAHN_12121983
104,0,3,5,2,1,0.15,763850,765122,767333,CAHN_12121983
105,0,4,5,2,1,0.15,771016,772738,775250,CAHN_12121983
106,0,8,4,2,1,0.15,779299,781490,783633,CAHN_12121983
107,0,3,6,2,1,0.15,787499,788994,790999,CAHN_12121983
108,0,3,5,2,1,0.15,794699,795682,797415,CAHN_12121983
109,0,6,5,1,0,0.15,801365,803378,805132,CAHN_12121983
110,0,8,2,2,1,0.15,809131,810322,812765,CAHN_12121983
111,0,5,2,2,0,0.15,815948,817986,819964,CAHN_12121983
112,1,6,7,2,0,0.85,823431,824818,826681,CAHN_12121983
113,1,8,7,1,1,0.85,830264,830882,832764,CAHN_12121983
114,1,8,5,1,1,0.85,836330,837762,839480,CAHN_12121983
115,1,8,6,1,1,0.85,842680,843905,845830,CAHN_12121983
116,1,5,6,1,1,0.85,849546,850945,852530,CAHN_12121983
117,1,6,4,1,1,0.85,856529,857857,859779,CAHN_12121983
118,1,4,4,1,0,0.85,863512,864865,866496,CAHN_12121983
119,1,6,6,2,1,0.85,869679,870849,873295,CAHN_12121983
120,1,8,5,2,0,0.85,876779,878065,880062,CAHN_12121983
121,1,5,8,1,1,0.85,883378,883969,885911,CAHN_12121983
122,1,5,3,1,0,0.85,889695,891073,893428,CAHN_12121983
123,1,2,4,2,0,0.85,896928,897889,899494,CAHN_12121983
124,1,4,7,2,0,0.85,903261,904913,907144,CAHN_12121983
125,1,3,8,1,1,0.85,910694,911697,914027,CAHN_12121983
126,1,7,7,1,1,0.85,917227,918289,920210,CAHN_12121983
127,1,3,3,1,1,0.85,923610,925505,927210,CAHN_12121983
128,1,2,4,1,0,0.85,931243,932849,934476,CAHN_12121983
129,1,7,5,1,1,0.85,937559,940017,942276,CAHN_12121983
1,1,4,8,2,0,0.15,5483,6573,8849,CALR_16011988
2,1,5,8,2,1,0.15,12432,13005,14882,CALR_16011988
3,1,8,3,2,0,0.15,18632,19133,21599,CALR_16011988
4,1,3,2,1,0,0.15,24865,25261,27565,CALR_16011988
5,1,4,8,1,0,0.15,31481,31884,33798,CALR_16011988
6,1,6,7,2,1,0.15,37348,37756,39631,CALR_16011988
7,1,5,4,2,1,0.15,43648,44044,45597,CALR_16011988
8,1,4,6,2,1,0.15,49281,50220,52514,CALR_16011988
9,1,2,5,2,1,0.15,55847,56636,58180,CALR_16011988
10,1,6,8,2,1,0.15,61813,63036,64647,CALR_16011988
11,1,6,3,2,1,0.15,68580,69548,71330,CALR_16011988
12,1,5,7,2,1,0.15,74680,75484,77296,CALR_16011988
13,1,3,6,2,0,0.15,80496,81276,83013,CALR_16011988
14,1,3,7,2,1,0.15,86212,86860,88462,CALR_16011988
15,1,6,5,2,1,0.15,92395,93372,95795,CALR_16011988
16,1,7,5,2,1,0.15,99429,100012,102078,CALR_16011988
17,1,2,3,2,1,0.15,105628,106604,108778,CALR_16011988
18,1,2,2,2,1,0.15,112695,113740,115595,CALR_16011988
19,1,6,7,2,0,0.15,119294,120140,122244,CALR_16011988
20,1,3,5,2,1,0.15,126044,126924,128927,CALR_16011988
21,1,4,3,2,1,0.15,132627,133500,135077,CALR_16011988
22,1,4,4,2,1,0.15,139127,141148,143443,CALR_16011988
23,1,3,4,2,1,0.15,146776,147516,149126,CALR_16011988
24,0,2,7,2,1,0.85,152776,153660,155376,CALR_16011988
25,0,6,6,2,0,0.85,159343,160011,162076,CALR_16011988
26,0,3,5,2,1,0.85,165592,166507,169009,CALR_16011988
27,0,5,3,2,0,0.85,172142,172971,175225,CALR_16011988
28,0,5,4,2,1,0.85,178642,179067,181075,CALR_16011988
29,0,3,7,2,0,0.85,184742,185403,187841,CALR_16011988
30,0,5,7,2,0,0.85,191225,193227,195708,CALR_16011988
31,0,5,6,1,1,0.85,198891,199467,201507,CALR_16011988
32,0,4,6,1,0,0.85,204907,205739,208107,CALR_16011988
33,0,2,3,1,1,0.85,211640,212379,214324,CALR_16011988
34,0,3,3,1,1,0.85,217957,218731,220373,CALR_16011988
35,0,2,5,1,1,0.85,223840,224699,227006,CALR_16011988
36,1,3,7,2,1,0.75,241589,242571,244622,CALR_16011988
37,1,7,5,2,1,0.75,248655,250395,251989,CALR_16011988
38,1,5,8,2,0,0.75,255705,256331,258605,CALR_16011988
39,1,5,2,2,0,0.75,262022,262587,264455,CALR_16011988
40,1,7,6,2,0,0.75,267855,268235,270671,CALR_16011988
41,1,6,6,1,0,0.75,274338,274843,277271,CALR_16011988
42,1,5,5,1,1,0.75,281287,281707,283587,CALR_16011988
43,1,2,4,1,1,0.75,286687,287467,289920,CALR_16011988
44,1,7,3,1,0,0.75,293254,293818,295620,CALR_16011988
45,1,6,4,1,1,0.75,299270,299738,301603,CALR_16011988
46,1,4,5,1,1,0.75,305386,306234,308553,CALR_16011988
47,1,7,7,1,1,0.75,312103,313018,314853,CALR_16011988
48,1,6,3,1,1,0.75,318236,319018,320952,CALR_16011988
49,1,3,3,2,0,0.75,324702,325450,327485,CALR_16011988
50,1,2,2,1,1,0.75,331335,331770,333418,CALR_16011988
51,1,4,6,1,1,0.75,337385,338010,340351,CALR_16011988
52,1,5,4,1,1,0.75,343501,344010,346351,CALR_16011988
53,1,7,8,1,1,0.75,350001,350538,352701,CALR_16011988
54,1,7,5,1,1,0.75,355967,356458,358784,CALR_16011988
55,1,4,2,1,1,0.75,362501,362922,364617,CALR_16011988
56,0,2,4,1,0,0.25,368150,369082,370833,CALR_16011988
57,0,2,3,1,0,0.25,374400,375050,376833,CALR_16011988
58,0,5,3,2,1,0.25,380816,381194,382750,CALR_16011988
59,0,2,8,2,0,0.25,386599,387162,389583,CALR_16011988
60,0,7,7,2,1,0.25,392799,393258,395049,CALR_16011988
61,0,5,5,2,1,0.25,398316,399082,401066,CALR_16011988
62,0,8,2,2,1,0.25,404365,405210,406799,CALR_16011988
63,0,3,4,2,1,0.25,410382,411146,413265,CALR_16011988
64,0,4,6,2,1,0.25,416998,417706,419748,CALR_16011988
65,0,2,8,2,1,0.25,423465,424730,426298,CALR_16011988
66,0,6,3,2,1,0.25,429931,430825,433114,CALR_16011988
67,0,8,8,2,0,0.25,436314,436745,438331,CALR_16011988
68,0,5,4,2,1,0.25,442297,442841,444414,CALR_16011988
69,0,4,5,3,0,0.75,458080,467705,469596,CALR_16011988
70,0,3,6,3,0,0.75,472746,473241,475512,CALR_16011988
71,0,8,7,1,0,0.75,478795,480073,481895,CALR_16011988
72,0,6,5,1,0,0.75,485829,486393,488278,CALR_16011988
73,0,4,8,1,1,0.75,491762,492185,494395,CALR_16011988
74,0,4,6,1,1,0.75,498128,498505,500828,CALR_16011988
75,0,7,7,1,0,0.75,504411,504921,506661,CALR_16011988
76,0,5,2,1,1,0.75,509794,511001,512661,CALR_16011988
77,0,2,7,1,1,0.75,516294,516617,519077,CALR_16011988
78,0,6,7,1,1,0.75,522377,523273,525527,CALR_16011988
79,0,5,2,1,0,0.75,528677,529513,531243,CALR_16011988
80,0,4,3,1,1,0.75,534443,534649,536410,CALR_16011988
81,0,2,8,1,1,0.75,540326,541433,543759,CALR_16011988
82,0,5,4,1,0,0.75,547076,547561,549759,CALR_16011988
83,0,6,6,1,0,0.75,553309,554264,555892,CALR_16011988
84,0,7,8,2,0,0.75,559542,559960,562275,CALR_16011988
85,0,8,3,2,0,0.75,565592,565912,567775,CALR_16011988
86,0,4,3,1,1,0.75,570908,572040,573591,CALR_16011988
87,0,4,7,1,1,0.75,577608,578168,580091,CALR_16011988
88,0,8,8,1,1,0.75,584058,584632,586324,CALR_16011988
89,1,6,5,1,1,0.25,589957,590568,592991,CALR_16011988
90,1,8,8,1,1,0.25,596057,596696,599190,CALR_16011988
91,1,5,6,1,0,0.25,602340,603112,605073,CALR_16011988
92,1,4,4,1,0,0.25,608723,609192,610823,CALR_16011988
93,1,4,4,1,0,0.25,614040,614488,616990,CALR_16011988
94,1,6,3,1,0,0.25,620106,620568,622689,CALR_16011988
95,1,4,4,2,1,0.25,626172,626600,628689,CALR_16011988
96,1,4,2,2,1,0.25,632656,633192,635155,CALR_16011988
97,1,6,6,2,1,0.25,638372,638840,640838,CALR_16011988
98,1,2,6,2,0,0.25,644355,644808,646855,CALR_16011988
99,1,8,3,2,1,0.25,650138,650808,652421,CALR_16011988
100,1,3,6,2,1,0.25,655588,657224,659138,CALR_16011988
101,1,4,2,2,1,0.25,662987,663640,665921,CALR_16011988
102,1,7,2,2,1,0.25,669471,670488,672704,CALR_16011988
103,1,3,5,2,0,0.85,685020,686471,688103,CALR_16011988
104,1,6,8,2,0,0.85,691920,692471,694820,CALR_16011988
105,1,5,4,2,0,0.85,698486,698999,700686,CALR_16011988
106,1,8,4,1,1,0.85,703736,704263,706086,CALR_16011988
107,1,8,7,1,0,0.85,709952,710647,712235,CALR_16011988
108,1,4,6,1,1,0.85,716069,716471,718135,CALR_16011988
109,1,5,4,1,1,0.85,721818,722295,724835,CALR_16011988
110,1,7,4,1,1,0.85,728301,729447,731468,CALR_16011988
111,1,7,7,2,0,0.85,735051,735671,738168,CALR_16011988
112,1,4,2,1,1,0.85,741717,742199,744251,CALR_16011988
113,1,7,8,1,1,0.85,747767,748695,751017,CALR_16011988
114,1,2,2,1,1,0.85,754217,755207,757500,CALR_16011988
115,1,2,3,1,1,0.85,761117,762583,765000,CALR_16011988
116,1,3,3,1,1,0.85,768883,770007,771866,CALR_16011988
117,1,4,5,1,1,0.85,775116,776167,777999,CALR_16011988
118,1,2,5,1,1,0.85,781182,782615,784332,CALR_16011988
119,1,5,2,1,1,0.85,788332,789447,791382,CALR_16011988
120,1,4,8,1,1,0.85,794815,796023,798532,CALR_16011988
121,1,8,8,1,1,0.85,802298,803127,805598,CALR_16011988
122,1,3,8,1,1,0.85,809481,810519,812348,CALR_16011988
123,1,4,7,1,1,0.85,816298,818246,820497,CALR_16011988
124,0,6,7,1,0,0.15,824214,825302,826997,CALR_16011988
125,0,6,5,1,0,0.15,830714,831238,833597,CALR_16011988
126,0,8,5,2,1,0.15,837480,837910,839763,CALR_16011988
127,0,2,6,2,1,0.15,843163,843878,846113,CALR_16011988
128,0,7,5,2,1,0.15,849729,850406,852729,CALR_16011988
129,0,5,5,2,1,0.15,856579,857206,858896,CALR_16011988
130,0,6,3,2,1,0.15,861946,862726,864446,CALR_16011988
131,0,6,8,2,1,0.15,867562,868454,870162,CALR_16011988
132,0,6,4,2,0,0.15,873328,874150,876478,CALR_16011988
133,0,3,3,2,1,0.15,880345,880998,882828,CALR_16011988
134,0,7,6,2,1,0.15,886145,886758,888694,CALR_16011988
135,0,2,2,2,1,0.15,892144,892902,895044,CALR_16011988
1,1,3,3,2,1,0.15,7333,9825,11549,CAMG_11041995
2,1,2,8,2,1,0.15,14816,17601,19482,CAMG_11041995
3,1,8,3,2,1,0.15,22582,25441,27965,CAMG_11041995
4,1,8,7,1,0,0.15,31315,32577,34515,CAMG_11041995
5,1,2,3,2,1,0.15,37748,38929,40898,CAMG_11041995
6,1,8,4,1,0,0.15,44248,45601,47131,CAMG_11041995
7,1,3,3,2,1,0.15,50331,51376,53697,CAMG_11041995
8,1,6,5,2,1,0.15,57064,58400,60130,CAMG_11041995
9,1,2,8,2,1,0.15,64063,65072,66730,CAMG_11041995
10,1,7,6,1,0,0.15,70463,72592,74363,CAMG_11041995
11,1,8,4,2,0,0.15,77646,79392,81213,CAMG_11041995
12,1,6,2,2,1,0.15,85046,86752,88696,CAMG_11041995
13,1,5,3,2,1,0.15,92029,93472,95062,CAMG_11041995
14,1,8,7,2,1,0.15,98262,100128,101695,CAMG_11041995
15,1,8,8,2,1,0.15,105362,106576,108795,CAMG_11041995
16,1,6,2,2,1,0.15,111928,113952,116028,CAMG_11041995
17,0,4,7,2,0,0.85,119911,122688,124361,CAMG_11041995
18,0,5,7,2,0,0.85,127761,129536,131611,CAMG_11041995
19,0,7,2,1,1,0.85,134844,135936,137844,CAMG_11041995
20,0,5,5,2,0,0.85,141477,143072,144927,CAMG_11041995
21,0,2,8,1,1,0.85,148560,150880,152660,CAMG_11041995
22,0,4,8,1,1,0.85,155793,158352,160209,CAMG_11041995
23,0,8,6,1,1,0.85,163976,165184,167226,CAMG_11041995
24,0,3,7,1,1,0.85,170626,172256,173892,CAMG_11041995
25,0,6,7,1,1,0.85,177292,178880,180925,CAMG_11041995
26,0,8,5,1,1,0.85,184675,186143,187875,CAMG_11041995
27,0,8,8,1,0,0.85,191075,192863,194691,CAMG_11041995
28,0,5,7,1,1,0.85,198641,202351,204824,CAMG_11041995
29,0,6,6,1,0,0.85,208074,209727,211657,CAMG_11041995
30,0,6,2,1,0,0.85,215540,216575,219074,CAMG_11041995
31,0,7,3,2,1,0.75,230573,232703,234556,CAMG_11041995
32,0,8,2,1,1,0.75,238389,240863,242573,CAMG_11041995
33,0,5,8,2,1,0.75,245756,247087,248672,CAMG_11041995
34,0,2,6,1,1,0.75,252472,254143,255855,CAMG_11041995
35,0,2,8,2,0,0.75,259272,260575,262555,CAMG_11041995
36,0,5,7,2,0,0.75,265638,269087,271505,CAMG_11041995
37,0,4,6,1,1,0.75,274605,275647,277288,CAMG_11041995
38,0,4,4,1,1,0.75,281071,282687,284304,CAMG_11041995
39,0,4,8,1,1,0.75,288254,290287,292804,CAMG_11041995
40,0,4,5,1,1,0.75,296070,297487,299203,CAMG_11041995
41,0,3,5,1,1,0.75,302287,303567,305320,CAMG_11041995
42,0,4,2,1,0,0.75,308870,311055,312603,CAMG_11041995
43,0,8,8,2,0,0.75,316419,318351,320169,CAMG_11041995
44,0,4,6,1,1,0.75,323736,324414,325986,CAMG_11041995
45,0,4,6,1,1,0.75,329519,330302,332735,CAMG_11041995
46,0,7,7,1,1,0.75,336552,340734,342302,CAMG_11041995
47,1,6,5,1,0,0.25,345768,350286,352068,CAMG_11041995
48,1,4,3,1,1,0.25,355651,356318,357984,CAMG_11041995
49,1,8,7,1,0,0.25,361834,363294,365434,CAMG_11041995
50,1,3,5,1,0,0.25,369467,371118,372750,CAMG_11041995
51,1,6,7,2,1,0.25,375834,381934,384333,CAMG_11041995
52,1,2,4,2,1,0.25,387683,388590,390483,CAMG_11041995
53,1,6,2,2,1,0.25,394216,395854,397449,CAMG_11041995
54,1,5,8,2,1,0.25,400582,401374,403782,CAMG_11041995
55,1,7,8,2,1,0.25,407766,408814,410432,CAMG_11041995
56,1,6,6,1,0,0.25,414099,415998,418165,CAMG_11041995
57,1,7,2,2,1,0.25,421348,423582,425665,CAMG_11041995
58,1,3,3,2,0,0.25,429581,431022,433131,CAMG_11041995
59,1,6,6,2,1,0.25,436914,438782,440681,CAMG_11041995
60,1,4,4,1,0,0.75,454280,457485,459680,CAMG_11041995
61,1,6,7,1,1,0.75,463063,465901,468213,CAMG_11041995
62,1,3,8,2,0,0.75,471746,473613,475979,CAMG_11041995
63,1,8,4,1,0,0.75,479946,481389,483079,CAMG_11041995
64,1,5,3,2,0,0.75,486629,487805,489912,CAMG_11041995
65,1,6,3,1,0,0.75,493612,495453,497245,CAMG_11041995
66,1,2,4,1,1,0.75,501295,503773,505561,CAMG_11041995
67,1,8,2,1,1,0.75,508811,510493,512544,CAMG_11041995
68,1,5,8,1,1,0.75,515911,517165,518944,CAMG_11041995
69,1,4,3,1,1,0.75,522411,523453,525144,CAMG_11041995
70,1,5,2,1,1,0.75,528794,530109,532560,CAMG_11041995
71,1,3,6,1,0,0.75,535827,536749,538843,CAMG_11041995
72,1,3,3,1,1,0.75,542793,545565,547876,CAMG_11041995
73,1,8,8,2,0,0.75,551159,557757,559859,CAMG_11041995
74,1,6,6,1,1,0.75,563109,565341,567659,CAMG_11041995
75,1,6,7,1,0,0.75,571409,572717,574775,CAMG_11041995
76,0,6,8,1,0,0.25,578175,578765,580575,CAMG_11041995
77,0,8,5,1,0,0.25,583958,585165,586991,CAMG_11041995
78,0,8,7,2,1,0.25,590958,592348,594858,CAMG_11041995
79,0,8,8,2,1,0.25,598824,599756,601591,CAMG_11041995
80,0,8,5,2,1,0.25,605274,606060,607824,CAMG_11041995
81,0,5,4,2,1,0.25,611440,612940,614990,CAMG_11041995
82,0,3,7,2,1,0.25,618723,619628,621640,CAMG_11041995
83,0,7,6,2,0,0.25,625123,626460,628189,CAMG_11041995
84,0,5,3,2,1,0.25,632089,633420,635256,CAMG_11041995
85,0,6,4,2,0,0.25,639206,640412,642306,CAMG_11041995
86,0,2,6,2,1,0.25,645439,646476,648672,CAMG_11041995
87,0,8,3,1,0,0.25,652388,654300,656588,CAMG_11041995
88,0,6,4,2,1,0.25,659905,661052,663255,CAMG_11041995
89,0,5,2,2,0,0.25,666338,667580,669171,CAMG_11041995
90,1,7,6,1,1,0.85,681271,686204,687904,CAMG_11041995
91,1,8,7,2,0,0.85,691553,692940,694537,CAMG_11041995
92,1,8,2,1,1,0.85,698386,699404,701836,CAMG_11041995
93,1,3,2,1,1,0.85,705853,706860,709269,CAMG_11041995
94,1,2,5,1,1,0.85,713103,713884,716302,CAMG_11041995
95,1,7,7,1,1,0.85,719569,720635,722652,CAMG_11041995
96,1,3,2,1,0,0.85,726552,728603,730785,CAMG_11041995
97,1,3,7,1,1,0.85,733885,734843,736968,CAMG_11041995
98,1,8,5,1,1,0.85,740901,742043,743851,CAMG_11041995
99,1,8,5,1,1,0.85,747368,748459,750484,CAMG_11041995
100,1,8,2,1,1,0.85,754534,756939,759217,CAMG_11041995
101,1,7,3,1,1,0.85,763100,769323,771733,CAMG_11041995
102,1,6,8,2,0,0.85,775600,780203,782350,CAMG_11041995
103,1,7,7,1,1,0.85,786066,787067,789483,CAMG_11041995
104,1,3,6,1,1,0.85,792649,793963,796449,CAMG_11041995
105,1,6,2,2,0,0.85,800449,806331,808698,CAMG_11041995
106,0,5,8,1,0,0.15,812065,812811,814532,CAMG_11041995
107,0,2,6,1,0,0.15,818315,819019,820765,CAMG_11041995
108,0,3,2,2,1,0.15,824131,826779,828981,CAMG_11041995
109,0,8,6,2,1,0.15,832714,834187,836064,CAMG_11041995
110,0,6,7,2,1,0.15,839514,840491,842064,CAMG_11041995
111,0,5,3,2,1,0.15,845280,847034,848963,CAMG_11041995
112,0,3,2,2,1,0.15,852697,854538,856446,CAMG_11041995
113,0,8,4,2,1,0.15,860246,861450,863146,CAMG_11041995
114,0,6,2,2,1,0.15,866296,867514,869546,CAMG_11041995
115,0,3,6,2,1,0.15,873112,874858,877296,CAMG_11041995
116,0,2,8,2,1,0.15,881362,882410,884545,CAMG_11041995
117,0,8,5,1,0,0.15,888312,890010,891828,CAMG_11041995
1,0,8,8,1,1,0.85,8199,9431,11899,CAMO_08111988
2,0,2,7,1,1,0.85,15599,16327,18432,CAMO_08111988
3,0,6,4,1,1,0.85,21615,22167,23698,CAMO_08111988
4,0,8,5,1,1,0.85,27682,28343,30598,CAMO_08111988
5,0,4,8,1,1,0.85,34181,35719,38031,CAMO_08111988
6,0,5,7,1,0,0.85,41914,42503,44681,CAMO_08111988
7,0,4,5,2,0,0.85,48297,49015,51081,CAMO_08111988
8,0,8,7,1,1,0.85,54797,55191,57614,CAMO_08111988
9,0,6,3,1,1,0.85,60980,61671,64097,CAMO_08111988
10,0,5,4,1,1,0.85,67497,68663,70430,CAMO_08111988
11,0,5,8,1,1,0.85,73946,74631,76730,CAMO_08111988
12,0,7,3,1,0,0.85,80279,80791,83296,CAMO_08111988
13,0,2,6,1,1,0.85,86629,87095,89479,CAMO_08111988
14,0,6,7,1,1,0.85,92746,93431,95412,CAMO_08111988
15,0,4,4,1,1,0.85,98929,100375,102778,CAMO_08111988
16,0,7,7,1,1,0.85,106062,106791,109278,CAMO_08111988
17,0,3,7,1,1,0.85,112661,113495,115961,CAMO_08111988
18,0,6,4,1,1,0.85,119278,119847,121478,CAMO_08111988
19,0,2,4,1,0,0.85,125127,125687,127644,CAMO_08111988
20,0,8,2,1,1,0.85,131227,131766,133977,CAMO_08111988
21,0,4,8,1,0,0.85,137477,138134,139843,CAMO_08111988
22,1,3,4,1,0,0.15,143627,145110,147210,CAMO_08111988
23,1,4,5,2,1,0.15,150626,151126,152860,CAMO_08111988
24,1,4,6,2,1,0.15,156826,157638,159893,CAMO_08111988
25,1,3,2,2,1,0.15,163742,164662,166642,CAMO_08111988
26,1,4,2,2,1,0.15,170342,173446,175809,CAMO_08111988
27,1,2,5,2,1,0.15,179292,181702,183425,CAMO_08111988
28,1,7,6,2,1,0.15,186508,187174,189225,CAMO_08111988
29,1,5,8,2,1,0.15,193191,195126,197424,CAMO_08111988
30,1,8,6,2,1,0.15,200641,201542,203191,CAMO_08111988
31,1,3,3,1,0,0.15,207091,208246,209857,CAMO_08111988
32,1,5,5,2,1,0.15,213424,214150,216024,CAMO_08111988
33,1,4,5,2,1,0.15,219107,220182,222257,CAMO_08111988
34,0,4,8,2,0,0.25,231840,233414,235339,CAMO_08111988
35,0,8,4,1,0,0.25,238606,239190,241139,CAMO_08111988
36,0,6,5,2,1,0.25,244389,245046,247139,CAMO_08111988
37,0,8,5,2,1,0.25,251039,251590,254055,CAMO_08111988
38,0,4,8,2,0,0.25,257772,258486,260888,CAMO_08111988
39,0,6,2,2,1,0.25,264905,267638,269321,CAMO_08111988
40,0,7,8,2,1,0.25,272854,274262,275904,CAMO_08111988
41,0,6,6,2,1,0.25,279354,280837,283121,CAMO_08111988
42,0,5,6,2,1,0.25,286187,286837,288937,CAMO_08111988
43,0,6,6,2,1,0.25,292887,293925,295787,CAMO_08111988
44,0,4,2,2,0,0.25,299120,300405,302687,CAMO_08111988
45,0,8,6,1,1,0.25,306203,306997,308620,CAMO_08111988
46,0,6,2,1,1,0.25,312569,314517,316603,CAMO_08111988
47,0,4,8,1,1,0.25,320652,323733,325502,CAMO_08111988
48,0,5,4,1,0,0.25,328969,329749,331335,CAMO_08111988
49,0,5,7,1,0,0.25,334852,334997,337002,CAMO_08111988
50,0,6,3,2,0,0.25,340702,341013,342918,CAMO_08111988
51,0,8,7,2,1,0.25,346951,347349,349701,CAMO_08111988
52,1,3,6,2,1,0.75,353334,354789,356368,CAMO_08111988
53,1,7,3,2,1,0.75,360101,362053,363984,CAMO_08111988
54,1,3,4,2,1,0.75,367700,368469,370867,CAMO_08111988
55,1,8,6,2,1,0.75,374883,375925,377650,CAMO_08111988
56,1,6,7,2,0,0.75,381183,382149,383933,CAMO_08111988
57,1,2,8,1,0,0.75,387400,388677,390899,CAMO_08111988
58,1,7,7,1,1,0.75,394699,395637,397999,CAMO_08111988
59,1,7,8,2,1,0.75,401116,405365,407049,CAMO_08111988
60,1,7,3,2,0,0.75,411082,412405,414432,CAMO_08111988
61,1,4,4,2,0,0.75,418232,419093,421581,CAMO_08111988
62,1,4,8,2,0,0.75,425248,425556,427115,CAMO_08111988
63,1,4,8,1,1,0.75,430298,432212,433964,CAMO_08111988
64,1,8,2,2,1,0.75,437847,440324,441997,CAMO_08111988
65,1,4,6,2,0,0.25,451463,453684,455997,CAMO_08111988
66,1,6,8,1,0,0.25,459446,460132,461963,CAMO_08111988
67,1,2,3,2,0,0.25,465946,466628,468196,CAMO_08111988
68,1,6,3,2,1,0.25,472113,472644,474846,CAMO_08111988
69,1,4,8,2,1,0.25,478062,478868,480496,CAMO_08111988
70,1,6,3,2,1,0.25,483645,484180,485912,CAMO_08111988
71,1,2,7,2,1,0.25,489079,489860,492112,CAMO_08111988
72,1,4,8,2,1,0.25,495378,496228,498528,CAMO_08111988
73,1,8,2,2,1,0.25,501611,503508,505945,CAMO_08111988
74,1,4,7,2,0,0.25,509828,510820,512594,CAMO_08111988
75,1,8,6,2,0,0.25,515827,517284,519461,CAMO_08111988
76,1,4,4,1,1,0.25,522927,523364,525444,CAMO_08111988
77,1,2,5,1,0,0.25,529310,530244,532427,CAMO_08111988
78,1,2,3,2,1,0.25,535777,537316,539043,CAMO_08111988
79,1,8,6,2,1,0.25,542926,543716,545509,CAMO_08111988
80,1,5,5,1,0,0.25,549359,550228,552426,CAMO_08111988
81,1,6,4,2,1,0.25,555692,556212,558209,CAMO_08111988
82,1,5,6,2,1,0.25,561859,564116,566225,CAMO_08111988
83,1,5,3,2,1,0.25,570058,571172,573475,CAMO_08111988
84,0,6,8,2,0,0.75,576891,577667,579491,CAMO_08111988
85,0,3,4,1,1,0.75,582941,583555,585858,CAMO_08111988
86,0,5,4,1,0,0.75,589874,590979,592524,CAMO_08111988
87,0,5,8,2,0,0.75,595841,596307,598091,CAMO_08111988
88,0,6,3,1,0,0.75,601374,601987,604440,CAMO_08111988
89,0,2,8,1,1,0.75,607540,608595,610907,CAMO_08111988
90,0,6,7,1,1,0.75,614973,615667,617606,CAMO_08111988
91,0,6,8,1,1,0.75,620690,621987,623523,CAMO_08111988
92,0,5,2,1,1,0.75,627106,629411,631372,CAMO_08111988
93,0,3,4,1,1,0.75,634889,636787,638822,CAMO_08111988
94,0,2,6,1,1,0.75,642355,643683,645939,CAMO_08111988
95,0,4,3,1,0,0.75,649588,650163,652588,CAMO_08111988
96,0,6,4,2,0,0.75,656405,659427,661338,CAMO_08111988
97,0,3,4,1,1,0.75,664721,665459,667521,CAMO_08111988
98,0,7,6,2,1,0.15,682087,692083,694486,CAMO_08111988
99,0,3,8,2,1,0.15,697836,698931,700536,CAMO_08111988
100,0,7,4,2,1,0.15,703686,704323,706553,CAMO_08111988
101,0,8,8,2,1,0.15,709919,710403,712336,CAMO_08111988
102,0,5,2,2,1,0.15,715686,716546,718385,CAMO_08111988
103,0,2,6,2,1,0.15,721685,722658,725102,CAMO_08111988
104,0,2,8,2,1,0.15,728268,729330,731618,CAMO_08111988
105,0,8,3,2,1,0.15,735685,736482,738368,CAMO_08111988
106,0,5,7,2,1,0.15,741951,742866,745068,CAMO_08111988
107,0,2,8,2,1,0.15,748551,748946,751001,CAMO_08111988
108,0,2,8,2,1,0.15,755017,755826,757450,CAMO_08111988
109,0,4,4,2,1,0.15,760867,761634,763200,CAMO_08111988
110,0,3,6,2,1,0.15,766500,768546,770916,CAMO_08111988
111,0,3,2,2,1,0.15,774650,775122,777000,CAMO_08111988
112,0,5,7,2,1,0.15,780949,782178,784199,CAMO_08111988
113,0,6,6,2,1,0.15,787582,788914,791132,CAMO_08111988
114,1,5,5,2,0,0.85,794282,795570,797565,CAMO_08111988
115,1,6,2,1,0,0.85,801349,801698,803448,CAMO_08111988
116,1,8,5,2,0,0.85,806665,807554,809848,CAMO_08111988
117,1,6,8,1,1,0.85,813915,814338,816665,CAMO_08111988
118,1,7,4,1,1,0.85,820148,820978,823364,CAMO_08111988
119,1,4,6,1,1,0.85,827247,828162,830481,CAMO_08111988
120,1,4,2,1,1,0.85,834514,835730,837330,CAMO_08111988
121,1,7,5,1,1,0.85,841313,841874,843930,CAMO_08111988
122,1,3,4,1,1,0.85,847813,849298,851296,CAMO_08111988
123,1,2,3,1,1,0.85,855146,856274,857813,CAMO_08111988
124,1,2,8,1,1,0.85,861746,863345,865596,CAMO_08111988
125,1,6,2,1,1,0.85,868646,869665,872012,CAMO_08111988
126,1,4,7,1,1,0.85,876029,876929,879279,CAMO_08111988
1,0,3,2,1,0,0.15,6399,7755,9982,CAMS_24101973
2,0,2,5,1,0,0.15,13166,15579,17449,CAMS_24101973
3,0,4,2,1,0,0.15,21315,23147,25165,CAMS_24101973
4,0,7,7,1,0,0.15,29148,32139,33798,CAMS_24101973
5,0,8,2,2,1,0.15,36931,38427,40398,CAMS_24101973
6,0,6,5,2,1,0.15,44164,45115,46914,CAMS_24101973
7,0,5,3,2,1,0.15,50831,52123,53864,CAMS_24101973
8,0,5,2,2,1,0.15,57397,58363,60114,CAMS_24101973
9,0,5,2,2,1,0.15,64063,64827,66930,CAMS_24101973
10,0,6,6,2,1,0.15,70430,71354,73496,CAMS_24101973
11,0,4,7,2,0,0.15,77530,78282,80396,CAMS_24101973
12,0,2,7,1,0,0.15,84029,84778,87129,CAMS_24101973
13,0,3,8,2,0,0.15,91062,91594,93496,CAMS_24101973
14,0,8,6,1,0,0.15,97062,97866,99695,CAMS_24101973
15,0,7,3,2,1,0.15,102845,103994,105862,CAMS_24101973
16,0,6,8,2,1,0.15,109028,109802,111678,CAMS_24101973
17,1,3,4,2,0,0.85,114978,115738,117845,CAMS_24101973
18,1,4,2,1,1,0.85,121511,122074,123928,CAMS_24101973
19,1,5,4,1,1,0.85,127927,128618,131011,CAMS_24101973
20,1,4,3,1,0,0.85,135061,135786,137494,CAMS_24101973
21,1,4,5,2,0,0.85,141494,141994,144043,CAMS_24101973
22,1,4,3,1,1,0.85,147460,147994,150143,CAMS_24101973
23,1,6,2,1,1,0.85,154143,154938,156860,CAMS_24101973
24,1,3,8,2,0,0.85,160893,161562,163559,CAMS_24101973
25,1,7,2,1,1,0.85,167442,168122,169726,CAMS_24101973
26,1,6,5,1,1,0.85,173526,174778,176509,CAMS_24101973
27,1,5,3,1,1,0.85,180325,181178,182809,CAMS_24101973
28,1,2,7,2,0,0.85,186008,186746,188975,CAMS_24101973
29,1,8,6,1,1,0.85,192108,192698,194875,CAMS_24101973
30,1,3,6,1,0,0.85,198374,200234,202174,CAMS_24101973
31,1,2,2,1,1,0.85,205408,206026,207757,CAMS_24101973
32,1,7,3,1,1,0.85,211557,212298,213841,CAMS_24101973
33,1,6,3,1,1,0.85,217490,218281,220740,CAMS_24101973
34,0,6,7,2,0,0.85,230407,231897,233490,CAMS_24101973
35,0,2,6,1,1,0.85,236706,238601,240539,CAMS_24101973
36,0,7,4,1,1,0.85,244073,245001,246573,CAMS_24101973
37,0,7,6,1,1,0.85,250222,250857,253222,CAMS_24101973
38,0,6,4,1,1,0.85,256855,257401,258972,CAMS_24101973
39,0,6,4,1,1,0.85,262638,263193,265338,CAMS_24101973
40,0,4,7,2,0,0.85,269022,269913,271621,CAMS_24101973
41,0,3,8,1,1,0.85,275155,275673,278188,CAMS_24101973
42,0,5,5,1,1,0.85,281938,282409,284754,CAMS_24101973
43,0,6,4,1,1,0.85,287887,288553,290487,CAMS_24101973
44,0,2,2,1,1,0.85,293654,294281,296820,CAMS_24101973
45,0,4,5,1,1,0.85,299920,300601,303103,CAMS_24101973
46,0,8,2,1,0,0.85,306720,307353,309837,CAMS_24101973
47,0,8,7,2,0,0.85,313286,313817,315453,CAMS_24101973
48,0,7,8,1,0,0.85,318936,319513,321553,CAMS_24101973
49,0,2,4,1,0,0.85,324753,325641,327169,CAMS_24101973
50,0,2,3,2,0,0.85,330902,331417,333652,CAMS_24101973
51,0,7,3,1,0,0.85,337085,337625,339269,CAMS_24101973
52,1,6,5,1,0,0.15,342802,343433,345268,CAMS_24101973
53,1,5,6,2,1,0.15,348735,349337,351735,CAMS_24101973
54,1,5,4,2,1,0.15,355185,355929,358085,CAMS_24101973
55,1,7,3,2,1,0.15,361818,362456,364001,CAMS_24101973
56,1,4,5,2,1,0.15,367901,368536,370434,CAMS_24101973
57,1,7,8,2,1,0.15,373934,374520,376684,CAMS_24101973
58,1,4,2,2,1,0.15,379800,380360,382417,CAMS_24101973
59,1,2,7,2,1,0.15,386233,387464,389117,CAMS_24101973
60,1,6,3,2,1,0.15,392916,393816,395783,CAMS_24101973
61,1,5,3,2,1,0.15,399649,400408,402483,CAMS_24101973
62,1,4,8,2,1,0.15,405949,406664,408416,CAMS_24101973
63,1,4,7,2,1,0.15,411749,412616,414615,CAMS_24101973
64,1,8,6,2,0,0.15,418149,418904,421249,CAMS_24101973
65,0,5,3,1,1,0.75,433415,434056,436331,CAMS_24101973
66,0,5,8,1,1,0.75,439698,440424,442031,CAMS_24101973
67,0,8,5,1,1,0.75,445698,446504,448831,CAMS_24101973
68,0,2,6,1,1,0.75,452714,453464,455280,CAMS_24101973
69,0,6,8,1,1,0.75,458980,460104,461730,CAMS_24101973
70,0,6,2,1,0,0.75,465247,466040,467663,CAMS_24101973
71,0,4,5,2,0,0.75,471330,473416,474963,CAMS_24101973
72,0,2,4,1,1,0.75,478029,478696,480546,CAMS_24101973
73,0,4,6,1,0,0.75,484613,485288,487046,CAMS_24101973
74,0,8,4,2,0,0.75,490779,491480,493995,CAMS_24101973
75,0,2,5,2,0,0.75,497062,497592,500112,CAMS_24101973
76,0,7,2,1,1,0.75,503578,504248,506278,CAMS_24101973
77,0,4,2,1,0,0.75,509678,510424,512078,CAMS_24101973
78,0,5,2,1,1,0.75,515828,516391,518294,CAMS_24101973
79,0,6,6,2,0,0.75,521844,522567,524944,CAMS_24101973
80,0,4,7,1,1,0.75,528894,529623,531411,CAMS_24101973
81,1,8,4,1,0,0.25,535010,536263,538044,CAMS_24101973
82,1,3,5,1,0,0.25,541510,542327,544327,CAMS_24101973
83,1,5,7,2,1,0.25,548327,548807,550360,CAMS_24101973
84,1,5,7,2,1,0.25,554193,555143,557093,CAMS_24101973
85,1,7,5,2,1,0.25,560443,561143,563226,CAMS_24101973
86,1,2,2,2,1,0.25,567259,569319,571326,CAMS_24101973
87,1,3,4,2,1,0.25,574909,575927,577709,CAMS_24101973
88,1,2,4,2,1,0.25,581108,582183,584042,CAMS_24101973
89,1,6,5,2,0,0.25,588075,588711,590358,CAMS_24101973
90,1,2,5,1,0,0.25,594141,594839,596808,CAMS_24101973
91,1,8,2,2,1,0.25,600008,600599,602291,CAMS_24101973
92,1,7,2,2,0,0.25,606324,606951,608491,CAMS_24101973
93,1,4,6,2,1,0.25,612157,613799,615540,CAMS_24101973
94,1,6,5,2,1,0.25,619574,621287,623340,CAMS_24101973
95,1,8,2,2,0,0.25,626657,627255,628906,CAMS_24101973
96,1,6,7,1,0,0.25,632123,633319,635823,CAMS_24101973
97,1,8,3,2,1,0.25,639206,639671,641923,CAMS_24101973
98,0,2,5,1,0,0.25,654155,655750,657389,CAMS_24101973
99,0,6,2,2,0,0.25,660922,661494,663472,CAMS_24101973
100,0,2,2,2,0,0.25,667222,668006,670371,CAMS_24101973
101,0,2,2,1,0,0.25,674388,675302,677788,CAMS_24101973
102,0,3,7,1,0,0.25,681438,682230,684104,CAMS_24101973
103,0,5,4,2,0,0.25,687337,687750,690037,CAMS_24101973
104,0,8,5,2,1,0.25,693987,694774,697220,CAMS_24101973
105,0,3,7,2,1,0.25,700553,701270,703337,CAMS_24101973
106,0,4,7,2,0,0.25,707053,707894,710236,CAMS_24101973
107,0,3,7,2,1,0.25,713853,715238,717403,CAMS_24101973
108,0,2,5,2,1,0.25,721369,721990,724186,CAMS_24101973
109,0,7,2,2,1,0.25,727786,728582,730119,CAMS_24101973
110,0,8,6,2,0,0.25,733885,734454,736102,CAMS_24101973
111,0,5,3,1,1,0.25,740135,741190,743435,CAMS_24101973
112,0,4,4,1,1,0.25,746802,747286,749268,CAMS_24101973
113,0,5,4,1,1,0.25,753268,753846,755551,CAMS_24101973
114,1,3,4,1,1,0.75,758768,759398,761318,CAMS_24101973
115,1,6,5,1,1,0.75,764967,765446,767617,CAMS_24101973
116,1,4,4,1,1,0.75,771034,771494,773967,CAMS_24101973
117,1,2,8,1,1,0.75,777650,778214,780417,CAMS_24101973
118,1,3,8,1,0,0.75,784317,784822,786933,CAMS_24101973
119,1,6,4,2,0,0.75,790083,790486,792366,CAMS_24101973
120,1,7,2,1,0,0.75,796249,796790,799266,CAMS_24101973
121,1,6,6,2,0,0.75,802983,803558,805882,CAMS_24101973
122,1,2,2,2,0,0.75,809382,810037,812265,CAMS_24101973
123,1,8,5,1,0,0.75,815449,815973,817849,CAMS_24101973
124,1,8,3,1,1,0.75,821548,822229,824698,CAMS_24101973
125,1,5,5,1,1,0.75,828281,828773,830998,CAMS_24101973
1,0,5,7,2,1,0.25,5116,8539,10666,CAMV_22091980
2,0,5,3,2,0,0.25,14332,16443,18149,CAMV_22091980
3,0,5,7,2,1,0.25,21315,23611,25882,CAMV_22091980
4,0,8,5,2,1,0.25,29732,31147,33665,CAMV_22091980
5,0,4,4,2,1,0.25,36798,39707,41914,CAMV_22091980
6,0,3,2,2,0,0.25,45464,48475,50997,CAMV_22091980
7,0,7,5,2,1,0.25,55081,57643,60064,CAMV_22091980
8,0,5,2,2,1,0.25,63614,65691,67397,CAMV_22091980
9,0,6,8,2,0,0.25,70497,73051,74880,CAMV_22091980
10,0,2,4,2,1,0.25,78646,81915,84063,CAMV_22091980
11,0,4,8,2,1,0.25,88046,89354,91179,CAMV_22091980
12,0,7,2,2,1,0.25,94862,97546,99795,CAMV_22091980
13,0,7,4,2,0,0.25,102962,105066,106928,CAMV_22091980
14,0,5,7,2,1,0.25,110645,117962,119678,CAMV_22091980
15,0,6,4,2,0,0.25,123511,127034,129277,CAMV_22091980
16,0,7,7,2,1,0.25,133177,136410,138527,CAMV_22091980
17,1,7,6,2,1,0.75,142260,143562,145327,CAMV_22091980
18,1,4,8,2,0,0.75,148693,150554,152426,CAMV_22091980
19,1,4,7,2,1,0.75,156393,157834,160159,CAMV_22091980
20,1,8,6,2,0,0.75,163459,169386,170976,CAMV_22091980
21,1,3,2,1,1,0.75,174126,177658,179442,CAMV_22091980
22,1,8,2,1,1,0.75,183308,186026,188125,CAMV_22091980
23,1,4,4,1,1,0.75,191908,195626,197458,CAMV_22091980
24,1,7,2,1,1,0.75,201291,204730,206858,CAMV_22091980
25,1,2,7,1,0,0.75,210524,213370,215657,CAMV_22091980
26,1,7,7,1,1,0.75,218774,221130,222824,CAMV_22091980
27,1,7,6,1,1,0.75,226540,231946,233690,CAMV_22091980
28,1,8,6,2,1,0.75,236873,240441,242456,CAMV_22091980
29,1,7,7,1,0,0.75,246223,248505,250822,CAMV_22091980
30,1,4,8,2,1,0.15,266205,273625,275871,CAMV_22091980
31,1,4,6,2,1,0.15,279771,282889,285388,CAMV_22091980
32,1,7,5,1,0,0.15,289337,292665,294887,CAMV_22091980
33,1,2,6,2,0,0.15,298520,299737,302237,CAMV_22091980
34,1,5,2,1,0,0.15,305987,307977,310020,CAMV_22091980
35,1,5,2,1,0,0.15,313903,316265,318603,CAMV_22091980
36,1,8,6,2,1,0.15,322103,323177,325436,CAMV_22091980
37,1,6,5,2,1,0.15,328836,329657,332136,CAMV_22091980
38,1,7,7,2,1,0.15,335402,336825,339252,CAMV_22091980
39,1,3,3,1,0,0.15,342702,353625,356101,CAMV_22091980
40,1,8,5,2,1,0.15,360168,360857,363334,CAMV_22091980
41,1,2,2,2,1,0.15,367301,369145,370684,CAMV_22091980
42,1,6,2,2,1,0.15,374200,376457,378700,CAMV_22091980
43,1,2,2,2,1,0.15,381983,383609,385450,CAMV_22091980
44,1,8,3,2,1,0.15,388850,389977,391933,CAMV_22091980
45,1,5,5,2,0,0.15,395050,396872,398499,CAMV_22091980
46,1,2,6,2,1,0.15,402516,403640,405616,CAMV_22091980
47,0,3,8,2,0,0.85,408799,410280,412299,CAMV_22091980
48,0,5,7,2,0,0.85,416232,417400,419549,CAMV_22091980
49,0,5,8,1,1,0.85,423565,426168,428382,CAMV_22091980
50,0,5,5,1,1,0.85,432298,435672,437748,CAMV_22091980
51,0,3,4,1,1,0.85,441414,444040,445697,CAMV_22091980
52,0,2,6,1,1,0.85,449397,452040,453597,CAMV_22091980
53,0,4,7,1,0,0.85,457347,459128,461430,CAMV_22091980
54,0,3,2,1,1,0.85,465413,467448,469230,CAMV_22091980
55,0,3,4,2,0,0.85,473030,475192,476796,CAMV_22091980
56,0,3,6,1,0,0.85,480013,485016,487079,CAMV_22091980
57,0,8,5,1,1,0.85,490846,492168,493995,CAMV_22091980
58,0,7,7,1,1,0.85,497079,498136,499745,CAMV_22091980
59,0,5,7,1,1,0.85,503545,506248,507961,CAMV_22091980
60,0,8,4,1,1,0.85,512028,520248,521861,CAMV_22091980
61,0,3,8,2,0,0.85,525911,528584,530777,CAMV_22091980
62,0,7,8,1,1,0.85,534110,535112,536860,CAMV_22091980
63,0,5,4,1,1,0.75,552960,555847,558193,CAMV_22091980
64,0,3,6,1,0,0.75,561759,562599,565042,CAMV_22091980
65,0,7,4,1,1,0.75,568659,570231,572042,CAMV_22091980
66,0,2,8,2,1,0.75,575892,582615,584708,CAMV_22091980
67,0,7,6,1,0,0.75,588058,590855,592491,CAMV_22091980
68,0,7,2,1,1,0.75,596541,598295,600091,CAMV_22091980
69,0,8,4,1,1,0.75,604041,607207,609257,CAMV_22091980
70,0,2,2,2,1,0.75,612957,616135,618490,CAMV_22091980
71,0,6,3,1,1,0.75,621840,623143,625607,CAMV_22091980
72,0,2,3,1,0,0.75,629223,633095,635523,CAMV_22091980
73,0,5,5,1,1,0.75,639023,642535,644906,CAMV_22091980
74,0,7,8,1,1,0.75,648622,651447,653589,CAMV_22091980
75,0,5,7,1,0,0.75,657355,658887,660805,CAMV_22091980
76,0,3,8,2,1,0.75,664288,667351,669421,CAMV_22091980
77,0,2,6,1,1,0.75,672738,674567,676771,CAMV_22091980
78,0,6,5,1,1,0.75,680154,680935,683287,CAMV_22091980
79,0,8,3,1,0,0.75,686737,687927,690087,CAMV_22091980
80,0,4,7,2,0,0.75,693370,695671,697354,CAMV_22091980
81,0,8,7,1,0,0.75,700837,702054,704403,CAMV_22091980
82,1,3,3,1,0,0.25,707570,708438,710203,CAMV_22091980
83,1,2,3,2,1,0.25,713469,714230,716436,CAMV_22091980
84,1,3,5,2,1,0.25,720019,720726,722486,CAMV_22091980
85,1,2,4,2,1,0.25,726069,727510,729085,CAMV_22091980
86,1,7,6,2,0,0.25,733085,735366,737835,CAMV_22091980
87,1,5,3,2,1,0.25,741802,743286,745285,CAMV_22091980
88,1,8,3,2,1,0.25,748601,750150,751685,CAMV_22091980
89,1,2,7,2,1,0.25,755284,756710,759084,CAMV_22091980
90,1,5,6,1,1,0.25,762617,763926,765917,CAMV_22091980
91,1,4,7,2,1,0.25,769250,770726,772900,CAMV_22091980
92,1,8,6,2,0,0.25,776017,779574,781333,CAMV_22091980
93,1,8,4,2,1,0.25,784416,789670,791716,CAMV_22091980
94,1,8,6,2,1,0.25,795733,797478,799416,CAMV_22091980
95,1,8,8,2,0,0.85,814399,818422,820182,CAMV_22091980
96,1,4,4,2,1,0.85,824315,825142,827165,CAMV_22091980
97,1,5,3,1,1,0.85,830731,833334,835148,CAMV_22091980
98,1,8,3,1,1,0.85,838931,840726,842947,CAMV_22091980
99,1,8,4,2,0,0.85,847014,848982,851064,CAMV_22091980
100,1,8,4,1,0,0.85,854514,855605,857763,CAMV_22091980
101,1,2,2,2,0,0.85,861397,865685,867246,CAMV_22091980
102,1,7,8,1,1,0.85,870963,872725,875163,CAMV_22091980
103,1,5,6,1,1,0.85,879096,879653,882062,CAMV_22091980
104,1,4,2,1,0,0.85,886046,888069,889945,CAMV_22091980
105,1,3,2,1,1,0.85,893295,895349,897595,CAMV_22091980
106,1,4,6,1,1,0.85,901195,903813,905595,CAMV_22091980
107,1,3,2,1,1,0.85,908911,911013,913028,CAMV_22091980
108,1,4,2,1,0,0.85,916444,917557,919944,CAMV_22091980
109,1,3,6,2,0,0.85,923011,924485,926944,CAMV_22091980
110,1,2,6,1,0,0.85,930860,932117,933694,CAMV_22091980
111,0,4,4,1,0,0.15,937143,937845,939443,CAMV_22091980
112,0,8,3,1,0,0.15,943226,944645,946926,CAMV_22091980
113,0,5,5,1,1,0.15,950409,952149,953843,CAMV_22091980
114,0,8,7,1,0,0.15,956976,958901,961142,CAMV_22091980
115,0,6,6,1,1,0.15,964192,965237,967142,CAMV_22091980
116,0,8,4,1,0,0.15,970725,972645,974275,CAMV_22091980
117,0,8,2,1,0,0.15,977875,978293,979858,CAMV_22091980
118,0,3,4,2,1,0.15,983741,984421,986441,CAMV_22091980
119,0,8,5,2,1,0.15,989658,990485,992624,CAMV_22091980
120,0,6,4,2,1,0.15,996658,998117,1000274,CAMV_22091980
121,0,3,4,2,1,0.15,1003691,1004884,1006540,CAMV_22091980
122,0,8,8,2,0,0.15,1010274,1010932,1013207,CAMV_22091980
1,1,8,4,2,1,0.25,4049,4865,6466,CAPG_26101990
2,1,2,3,2,1,0.25,9966,10465,12782,CAPG_26101990
3,1,2,8,2,1,0.25,16415,17569,19665,CAPG_26101990
4,1,3,6,2,0,0.25,23282,24033,25582,CAPG_26101990
5,1,3,7,1,0,0.25,29048,29617,31681,CAPG_26101990
6,1,4,3,1,0,0.25,35048,35425,37948,CAPG_26101990
7,1,3,5,2,1,0.25,41414,41889,43614,CAPG_26101990
8,1,5,6,2,1,0.25,47414,48145,50314,CAPG_26101990
9,1,7,2,2,1,0.25,54031,54993,57380,CAPG_26101990
10,1,5,4,2,1,0.25,60514,61137,62747,CAPG_26101990
11,1,2,2,1,1,0.25,65863,66577,68730,CAPG_26101990
12,1,5,5,1,0,0.25,72180,72625,74996,CAPG_26101990
13,1,8,6,2,0,0.25,78780,79169,81329,CAPG_26101990
14,1,8,2,1,0,0.25,84813,85281,87512,CAPG_26101990
15,1,4,2,2,1,0.25,91112,91729,93729,CAPG_26101990
16,1,7,3,2,1,0.25,97262,97985,100129,CAPG_26101990
17,1,8,2,2,1,0.25,103278,103681,105728,CAPG_26101990
18,1,2,7,2,1,0.25,109362,109873,112078,CAPG_26101990
19,1,4,2,2,0,0.25,115311,116257,118728,CAPG_26101990
20,0,7,5,1,1,0.75,122444,122881,124728,CAPG_26101990
21,0,4,4,1,0,0.75,128244,129361,131711,CAPG_26101990
22,0,5,5,2,1,0.75,135110,136160,137960,CAPG_26101990
23,0,5,3,2,1,0.75,141410,142000,143943,CAPG_26101990
24,0,8,8,2,1,0.75,147093,147648,149260,CAPG_26101990
25,0,2,7,2,0,0.75,153226,153808,155710,CAPG_26101990
26,0,2,2,1,1,0.75,159559,160096,162026,CAPG_26101990
27,0,7,8,1,0,0.75,165692,166320,168242,CAPG_26101990
28,0,8,8,1,1,0.75,171676,172384,174342,CAPG_26101990
29,0,6,8,1,1,0.75,177842,178736,180642,CAPG_26101990
30,0,7,8,1,1,0.75,184675,185232,187425,CAPG_26101990
31,0,6,5,1,1,0.75,190658,191408,193175,CAPG_26101990
32,0,2,7,1,1,0.75,197058,197712,199608,CAPG_26101990
33,1,2,6,2,0,0.85,214757,216416,218457,CAPG_26101990
34,1,3,7,1,1,0.85,221890,222320,224023,CAPG_26101990
35,1,3,7,1,1,0.85,227857,228448,230940,CAPG_26101990
36,1,4,7,1,1,0.85,234756,235424,237473,CAPG_26101990
37,1,8,8,1,1,0.85,241423,241984,243723,CAPG_26101990
38,1,7,4,1,1,0.85,247422,248128,250272,CAPG_26101990
39,1,5,8,1,1,0.85,253622,254048,255789,CAPG_26101990
40,1,6,4,1,1,0.85,258972,259488,261072,CAPG_26101990
41,1,5,2,1,1,0.85,264538,265312,267638,CAPG_26101990
42,1,5,7,1,1,0.85,270905,271536,274021,CAPG_26101990
43,1,6,4,1,1,0.85,277788,278576,280304,CAPG_26101990
44,1,5,6,1,1,0.85,283438,293407,295620,CAPG_26101990
45,1,3,8,1,1,0.85,299487,300703,302853,CAPG_26101990
46,1,7,5,1,1,0.85,306270,307007,309136,CAPG_26101990
47,1,5,8,1,0,0.85,312236,313183,315269,CAPG_26101990
48,1,6,2,2,0,0.85,319103,319855,322069,CAPG_26101990
49,1,4,3,2,0,0.85,325152,325583,327536,CAPG_26101990
50,1,5,4,1,1,0.85,330986,331455,333269,CAPG_26101990
51,1,2,8,1,1,0.85,336385,337023,338569,CAPG_26101990
52,1,7,8,1,1,0.85,342252,342975,344602,CAPG_26101990
53,0,6,6,1,0,0.15,348501,349119,350951,CAPG_26101990
54,0,5,7,2,1,0.15,354285,354799,356934,CAPG_26101990
55,0,2,4,2,1,0.15,360984,361455,363384,CAPG_26101990
56,0,3,3,2,0,0.15,367384,367951,369784,CAPG_26101990
57,0,7,8,2,1,0.15,373400,374415,376767,CAPG_26101990
58,0,3,4,2,0,0.15,380667,381199,383483,CAPG_26101990
59,0,7,4,1,0,0.15,387350,387759,389433,CAPG_26101990
60,0,6,2,1,0,0.15,392716,393215,395633,CAPG_26101990
61,0,2,3,2,0,0.15,399016,399503,401833,CAPG_26101990
62,0,3,3,2,1,0.15,405632,406159,408216,CAPG_26101990
63,0,6,6,2,1,0.15,412115,412751,415182,CAPG_26101990
64,0,5,3,2,1,0.15,418798,419567,421898,CAPG_26101990
65,0,5,4,2,1,0.15,425348,425983,428465,CAPG_26101990
66,0,6,7,2,1,0.15,432465,433711,435781,CAPG_26101990
67,0,8,3,1,0,0.85,450880,452238,453814,CAPG_26101990
68,0,2,6,2,0,0.85,457647,458014,459780,CAPG_26101990
69,0,7,4,1,0,0.85,463397,464030,465796,CAPG_26101990
70,0,7,5,1,1,0.85,469780,470174,472629,CAPG_26101990
71,0,5,3,1,1,0.85,475779,476286,478146,CAPG_26101990
72,0,2,4,1,0,0.85,481479,482062,484562,CAPG_26101990
73,0,5,3,2,0,0.85,487679,488750,490579,CAPG_26101990
74,0,6,2,2,0,0.85,493679,494302,496462,CAPG_26101990
75,0,4,5,1,1,0.85,499695,500222,502145,CAPG_26101990
76,0,3,3,1,1,0.85,505561,506046,508278,CAPG_26101990
77,0,5,4,1,1,0.85,512228,512846,514411,CAPG_26101990
78,0,2,8,1,1,0.85,517978,518654,520261,CAPG_26101990
79,0,8,3,1,0,0.85,523444,524030,526094,CAPG_26101990
80,0,3,4,2,0,0.85,529977,530782,532960,CAPG_26101990
81,0,5,8,2,0,0.85,536643,537118,538893,CAPG_26101990
82,0,5,7,1,1,0.85,542193,542558,544493,CAPG_26101990
83,0,5,7,1,1,0.85,548410,548910,550543,CAPG_26101990
84,1,2,4,1,0,0.15,554126,555358,557109,CAPG_26101990
85,1,6,7,2,1,0.15,560292,561454,563709,CAPG_26101990
86,1,2,7,2,1,0.15,567492,567934,569475,CAPG_26101990
87,1,6,4,2,1,0.15,573392,574286,576175,CAPG_26101990
88,1,6,7,2,0,0.15,579608,580478,582308,CAPG_26101990
89,1,3,3,1,0,0.15,585925,587294,589658,CAPG_26101990
90,1,5,6,2,1,0.15,593274,594142,595808,CAPG_26101990
91,1,6,5,2,1,0.15,599707,600525,602474,CAPG_26101990
92,1,6,3,2,1,0.15,606190,606861,608490,CAPG_26101990
93,1,2,6,2,1,0.15,611707,612653,614490,CAPG_26101990
94,1,8,6,2,0,0.15,618257,618909,620657,CAPG_26101990
95,1,7,7,1,0,0.15,623756,624541,626840,CAPG_26101990
96,1,6,6,2,0,0.75,640639,641389,643572,CAPG_26101990
97,1,2,4,1,1,0.75,646789,647197,648972,CAPG_26101990
98,1,5,5,1,0,0.75,652405,652829,654588,CAPG_26101990
99,1,6,5,1,0,0.75,658505,658957,660538,CAPG_26101990
100,1,3,4,2,0,0.75,663771,664189,666155,CAPG_26101990
101,1,7,5,2,0,0.75,669488,670221,672338,CAPG_26101990
102,1,3,5,1,1,0.75,675421,675901,678104,CAPG_26101990
103,1,2,4,1,1,0.75,681354,681965,683854,CAPG_26101990
104,1,4,7,1,1,0.75,687454,687933,689737,CAPG_26101990
105,1,2,3,1,0,0.75,693203,693805,696203,CAPG_26101990
106,1,8,6,2,1,0.75,699453,699885,701420,CAPG_26101990
107,1,3,8,2,0,0.75,705303,705901,708436,CAPG_26101990
108,1,2,8,1,1,0.75,712136,712733,714486,CAPG_26101990
109,1,8,3,1,0,0.75,717652,718237,720702,CAPG_26101990
110,1,2,3,2,1,0.75,724202,724573,726702,CAPG_26101990
111,1,5,3,2,1,0.75,730035,730797,732768,CAPG_26101990
112,1,3,5,2,1,0.75,736368,736845,739268,CAPG_26101990
113,0,6,5,2,1,0.25,742851,743452,745085,CAPG_26101990
114,0,5,8,2,1,0.25,748434,748956,751368,CAPG_26101990
115,0,2,5,2,0,0.25,755118,755756,757701,CAPG_26101990
116,0,7,7,2,1,0.25,761301,762188,763834,CAPG_26101990
117,0,7,3,2,0,0.25,767317,767820,769350,CAPG_26101990
118,0,8,4,1,1,0.25,773383,773916,776150,CAPG_26101990
119,0,2,5,1,0,0.25,779783,780428,782916,CAPG_26101990
120,0,6,5,1,1,0.25,786800,788236,790466,CAPG_26101990
121,0,5,5,1,1,0.25,793533,794124,796349,CAPG_26101990
122,0,2,3,1,0,0.25,800082,800572,802749,CAPG_26101990
123,0,2,7,2,0,0.25,806115,806924,809315,CAPG_26101990
124,0,4,7,1,1,0.25,812782,813260,815198,CAPG_26101990
1,1,6,3,2,1,0.25,5549,8565,11066,CAPG_27061969
2,1,6,4,2,0,0.25,14566,15510,17465,CAPG_27061969
3,1,3,7,1,0,0.25,21199,22055,24498,CAPG_27061969
4,1,6,3,1,0,0.25,27948,27976,30348,CAPG_27061969
5,1,5,2,2,1,0.25,34331,35225,37331,CAPG_27061969
6,1,3,8,2,0,0.25,40548,42698,45214,CAPG_27061969
7,1,5,7,2,1,0.25,49081,50059,52547,CAPG_27061969
8,1,4,2,2,1,0.25,56247,57500,59347,CAPG_27061969
9,1,6,8,2,1,0.25,62480,63773,66147,CAPG_27061969
10,1,7,6,2,0,0.25,69280,70814,73113,CAPG_27061969
11,1,2,5,2,0,0.25,76613,77536,79796,CAPG_27061969
12,1,6,6,1,1,0.25,83613,84401,86613,CAPG_27061969
13,1,5,8,1,0,0.25,89862,91042,93312,CAPG_27061969
14,1,5,3,2,1,0.25,97095,97907,99962,CAPG_27061969
15,1,7,8,2,0,0.25,103062,104420,106128,CAPG_27061969
16,1,4,5,2,0,0.25,109578,110677,112311,CAPG_27061969
17,1,4,8,1,0,0.25,115778,116438,118495,CAPG_27061969
18,1,3,3,1,0,0.25,122061,122183,123961,CAPG_27061969
19,1,6,5,2,1,0.25,127144,127783,129827,CAPG_27061969
20,0,8,4,2,0,0.75,133427,134184,136177,CAPG_27061969
21,0,7,4,2,0,0.75,140160,141338,142943,CAPG_27061969
22,0,8,3,2,0,0.75,146160,146250,148760,CAPG_27061969
23,0,6,8,1,0,0.75,152543,153419,155143,CAPG_27061969
24,0,8,4,2,0,0.75,158359,159596,161609,CAPG_27061969
25,0,3,4,2,0,0.75,165059,166173,168459,CAPG_27061969
26,0,8,4,1,1,0.75,171809,172318,174675,CAPG_27061969
27,0,4,3,1,1,0.75,178142,179536,181692,CAPG_27061969
28,0,2,6,1,1,0.75,185308,186513,188625,CAPG_27061969
29,0,7,6,1,1,0.75,192125,193698,195841,CAPG_27061969
30,0,7,5,1,0,0.75,199208,200243,202341,CAPG_27061969
31,0,7,7,1,1,0.75,206207,207156,209207,CAPG_27061969
32,0,2,8,1,1,0.75,212307,214629,216690,CAPG_27061969
33,0,6,8,1,0,0.75,219874,221430,223273,CAPG_27061969
34,0,8,2,1,1,0.75,227057,228679,230206,CAPG_27061969
35,0,2,7,2,1,0.15,242439,244458,246072,CAPG_27061969
36,0,6,7,2,1,0.15,249539,250619,252955,CAPG_27061969
37,0,8,6,2,1,0.15,256272,257484,259589,CAPG_27061969
38,0,3,4,2,0,0.15,263588,264701,266472,CAPG_27061969
39,0,4,3,2,0,0.15,270321,270654,272605,CAPG_27061969
40,0,2,8,2,0,0.15,276571,277695,279871,CAPG_27061969
41,0,5,8,1,0,0.15,283288,283984,285587,CAPG_27061969
42,0,7,8,2,1,0.15,289404,291697,293537,CAPG_27061969
43,0,6,4,2,1,0.15,296770,298466,300387,CAPG_27061969
44,0,4,5,2,1,0.15,304170,305267,307270,CAPG_27061969
45,0,8,7,2,1,0.15,310420,312020,314303,CAPG_27061969
46,0,5,4,2,1,0.15,317903,319973,322236,CAPG_27061969
47,0,2,8,2,1,0.15,326202,326919,329252,CAPG_27061969
48,0,7,3,2,1,0.15,333135,333976,335819,CAPG_27061969
49,0,3,5,2,0,0.15,339818,341001,342602,CAPG_27061969
50,0,6,6,2,1,0.15,346352,347898,349551,CAPG_27061969
51,0,5,2,2,1,0.15,352718,353675,355784,CAPG_27061969
52,0,5,8,2,0,0.15,359101,360188,362301,CAPG_27061969
53,1,8,6,2,0,0.85,366034,366877,368734,CAPG_27061969
54,1,3,7,2,0,0.85,372217,373182,375467,CAPG_27061969
55,1,3,8,2,0,0.85,379400,379423,381050,CAPG_27061969
56,1,5,7,1,1,0.85,384833,385440,387233,CAPG_27061969
57,1,4,6,1,1,0.85,390916,391601,393750,CAPG_27061969
58,1,8,5,1,1,0.85,397733,398658,400383,CAPG_27061969
59,1,6,3,1,1,0.85,404132,404947,407182,CAPG_27061969
60,1,5,3,1,1,0.85,410615,413172,415432,CAPG_27061969
61,1,7,6,1,1,0.85,418498,419317,421415,CAPG_27061969
62,1,5,3,1,1,0.85,424765,425606,427465,CAPG_27061969
63,1,2,4,1,1,0.85,431465,432375,434431,CAPG_27061969
64,1,5,6,1,1,0.85,437848,438712,440881,CAPG_27061969
65,1,8,7,1,1,0.85,444197,445337,447314,CAPG_27061969
66,1,3,3,1,1,0.85,451264,451962,453697,CAPG_27061969
67,1,7,6,1,0,0.85,457114,457867,459930,CAPG_27061969
68,0,7,8,1,0,0.85,468780,469901,472413,CAPG_27061969
69,0,6,7,2,0,0.85,475679,476638,479013,CAPG_27061969
70,0,6,6,2,1,0.85,482529,483199,484812,CAPG_27061969
71,0,6,8,2,0,0.85,488579,489248,490929,CAPG_27061969
72,0,4,5,2,0,0.85,494612,495857,497995,CAPG_27061969
73,0,6,2,1,0,0.85,501978,502690,505211,CAPG_27061969
74,0,3,7,1,1,0.85,508328,509043,511178,CAPG_27061969
75,0,2,8,1,1,0.85,515028,515652,517594,CAPG_27061969
76,0,5,4,1,1,0.85,520994,521717,523611,CAPG_27061969
77,0,3,6,1,1,0.85,527644,528326,530827,CAPG_27061969
78,0,2,6,1,1,0.85,534544,535287,537477,CAPG_27061969
79,0,2,8,1,1,0.85,541027,541928,544376,CAPG_27061969
80,0,3,5,1,1,0.85,547826,548505,550210,CAPG_27061969
81,0,6,6,1,0,0.85,553309,554890,557259,CAPG_27061969
82,0,3,5,1,1,0.85,560426,561403,563292,CAPG_27061969
83,0,8,2,1,1,0.85,567275,568092,570009,CAPG_27061969
84,0,4,3,1,0,0.85,573342,574365,576208,CAPG_27061969
85,0,4,7,1,1,0.85,580092,580494,582758,CAPG_27061969
86,0,6,7,1,1,0.85,586341,587519,589425,CAPG_27061969
87,1,4,5,1,1,0.15,592774,594048,595974,CAPG_27061969
88,1,4,4,1,0,0.15,599557,600401,602807,CAPG_27061969
89,1,2,5,1,0,0.15,606540,607490,609857,CAPG_27061969
90,1,2,5,1,1,0.15,613224,615556,618057,CAPG_27061969
91,1,6,7,1,1,0.15,621290,623029,624656,CAPG_27061969
92,1,5,3,1,0,0.15,627956,629238,630989,CAPG_27061969
93,1,6,8,1,0,0.15,634323,635207,637173,CAPG_27061969
94,1,2,2,1,0,0.15,640406,641080,642672,CAPG_27061969
95,1,7,7,2,1,0.15,646239,646921,648655,CAPG_27061969
96,1,3,3,2,1,0.15,652222,652986,654905,CAPG_27061969
97,1,4,6,2,1,0.15,658705,659306,661055,CAPG_27061969
98,1,6,8,2,1,0.15,664171,665195,667321,CAPG_27061969
99,1,5,4,2,1,0.15,670421,671708,673788,CAPG_27061969
100,0,7,4,2,1,0.25,680437,681502,683571,CAPG_27061969
101,0,8,2,2,1,0.25,686754,687631,689604,CAPG_27061969
102,0,8,2,2,0,0.25,693203,694080,696603,CAPG_27061969
103,0,6,5,2,1,0.25,700203,701169,703020,CAPG_27061969
104,0,5,2,2,1,0.25,706386,709074,711103,CAPG_27061969
105,0,8,5,2,1,0.25,714136,715091,717352,CAPG_27061969
106,0,4,7,2,0,0.25,720986,721108,723002,CAPG_27061969
107,0,3,8,2,1,0.25,726119,726821,729135,CAPG_27061969
108,0,8,3,2,1,0.25,732402,733046,734785,CAPG_27061969
109,0,4,7,2,1,0.25,737868,738791,741218,CAPG_27061969
110,0,4,3,2,1,0.25,744618,746008,747768,CAPG_27061969
111,0,3,6,2,1,0.25,751784,752841,754551,CAPG_27061969
112,0,3,8,2,1,0.25,757584,758506,760417,CAPG_27061969
113,0,4,8,2,1,0.25,763684,764315,766250,CAPG_27061969
114,0,6,4,2,0,0.25,770050,770796,772967,CAPG_27061969
115,0,2,3,2,0,0.25,776467,783198,785116,CAPG_27061969
116,1,6,3,2,1,0.75,788983,789055,790966,CAPG_27061969
117,1,6,7,2,1,0.75,794266,795136,797266,CAPG_27061969
118,1,3,6,2,0,0.75,800616,801825,803849,CAPG_27061969
119,1,3,3,2,0,0.75,807299,808178,810565,CAPG_27061969
120,1,3,2,2,1,0.75,814482,815363,817548,CAPG_27061969
121,1,8,2,2,0,0.75,821431,822836,824915,CAPG_27061969
122,1,6,2,2,0,0.75,828948,830021,831998,CAPG_27061969
123,1,3,8,2,0,0.75,835364,836582,839047,CAPG_27061969
124,1,3,2,1,1,0.75,842980,844087,846514,CAPG_27061969
125,1,8,5,1,1,0.75,849730,850264,852663,CAPG_27061969
126,1,7,7,1,0,0.75,855963,856457,858746,CAPG_27061969
127,1,3,8,1,1,0.75,861980,862954,864496,CAPG_27061969
1,1,2,6,2,0,0.75,4666,5674,7549,CARM_09091978
2,1,5,6,1,1,0.75,11199,12730,14332,CARM_09091978
3,1,4,4,1,1,0.75,17449,18186,20682,CARM_09091978
4,1,6,7,1,1,0.75,24415,24986,27065,CARM_09091978
5,1,3,6,1,1,0.75,30648,31498,33065,CARM_09091978
6,1,8,6,1,0,0.75,36431,37194,39614,CARM_09091978
7,1,5,5,1,1,0.75,43631,44186,46347,CARM_09091978
8,1,3,8,1,0,0.75,50347,50970,52931,CARM_09091978
9,1,8,8,1,1,0.75,56847,57434,59730,CARM_09091978
10,1,4,4,1,1,0.75,63163,63802,66313,CARM_09091978
11,1,7,8,1,1,0.75,70280,72522,74796,CARM_09091978
12,1,8,3,1,1,0.75,77946,78634,80796,CARM_09091978
13,1,2,7,1,1,0.75,83896,84554,86846,CARM_09091978
14,1,4,4,1,0,0.75,89946,90697,92762,CARM_09091978
15,1,3,2,2,1,0.75,96695,97833,99695,CARM_09091978
16,1,5,6,2,0,0.75,103045,103753,106162,CARM_09091978
17,0,2,5,1,0,0.25,109461,109945,111745,CARM_09091978
18,0,6,3,2,1,0.25,115578,117161,119261,CARM_09091978
19,0,5,2,2,1,0.25,122411,123081,124694,CARM_09091978
20,0,5,4,2,1,0.25,128411,129513,131527,CARM_09091978
21,0,6,2,2,1,0.25,135577,135961,138377,CARM_09091978
22,0,6,4,2,1,0.25,141710,142393,144593,CARM_09091978
23,0,6,7,2,1,0.25,148210,148601,150676,CARM_09091978
24,0,4,3,2,1,0.25,154343,154665,156426,CARM_09091978
25,0,5,6,2,1,0.25,159509,160009,162076,CARM_09091978
26,0,7,3,2,1,0.25,165792,166489,168342,CARM_09091978
27,0,7,6,2,0,0.25,172242,172665,174259,CARM_09091978
28,0,6,6,2,1,0.25,178025,178473,180425,CARM_09091978
29,0,5,2,2,1,0.25,183675,184105,185708,CARM_09091978
30,0,5,7,2,1,0.25,188808,189113,191258,CARM_09091978
31,0,8,4,2,0,0.25,194641,195081,196708,CARM_09091978
32,0,4,4,2,0,0.25,199891,200681,202941,CARM_09091978
33,0,2,4,1,1,0.25,206724,208985,210540,CARM_09091978
34,0,8,5,1,0,0.25,213657,214921,216840,CARM_09091978
35,0,7,3,1,1,0.75,231723,232856,235339,CARM_09091978
36,0,3,5,1,1,0.75,238606,239096,240856,CARM_09091978
37,0,7,7,1,1,0.75,243972,244600,246189,CARM_09091978
38,0,6,7,1,0,0.75,249672,250408,252722,CARM_09091978
39,0,4,3,2,0,0.75,256755,257832,259855,CARM_09091978
40,0,2,4,1,1,0.75,262938,263320,265155,CARM_09091978
41,0,7,3,1,1,0.75,268888,269672,271804,CARM_09091978
42,0,4,7,1,1,0.75,275171,275672,277871,CARM_09091978
43,0,2,3,1,1,0.75,281704,282520,284404,CARM_09091978
44,0,6,7,1,1,0.75,287854,288344,290587,CARM_09091978
45,0,2,8,1,1,0.75,294070,294440,296737,CARM_09091978
46,0,5,2,1,1,0.75,299970,300680,302820,CARM_09091978
47,0,3,8,1,1,0.75,306636,307608,309286,CARM_09091978
48,0,6,2,1,0,0.75,313086,314696,316936,CARM_09091978
49,0,2,4,1,1,0.75,320836,320968,322869,CARM_09091978
50,0,4,2,1,0,0.75,326435,327112,328869,CARM_09091978
51,0,8,6,2,1,0.75,332168,332568,334852,CARM_09091978
52,0,6,8,2,0,0.75,338135,338808,340935,CARM_09091978
53,0,3,7,2,1,0.75,344118,344759,346801,CARM_09091978
54,1,6,5,2,1,0.25,349984,350743,352768,CARM_09091978
55,1,7,8,2,1,0.25,356767,357319,359417,CARM_09091978
56,1,8,3,2,1,0.25,363134,363911,365567,CARM_09091978
57,1,7,8,2,0,0.25,368800,369191,371350,CARM_09091978
58,1,5,5,2,1,0.25,374467,374951,377450,CARM_09091978
59,1,5,4,2,1,0.25,380566,382231,384600,CARM_09091978
60,1,4,7,2,1,0.25,388233,388647,390716,CARM_09091978
61,1,5,6,2,1,0.25,394216,394615,396166,CARM_09091978
62,1,6,8,2,0,0.25,400115,400471,402532,CARM_09091978
63,1,6,7,2,1,0.25,406482,407175,408998,CARM_09091978
64,1,7,3,2,1,0.25,412498,413015,414582,CARM_09091978
65,1,7,3,2,0,0.25,418098,418567,420165,CARM_09091978
66,1,7,7,2,1,0.25,423581,424151,426581,CARM_09091978
67,1,7,5,2,1,0.25,430497,431063,433347,CARM_09091978
68,1,8,8,1,1,0.85,444180,444983,446513,CARM_09091978
69,1,8,2,1,1,0.85,450397,450919,452497,CARM_09091978
70,1,6,7,1,1,0.85,456113,456599,458296,CARM_09091978
71,1,3,4,1,1,0.85,462013,462551,464979,CARM_09091978
72,1,8,7,1,1,0.85,468446,468982,470946,CARM_09091978
73,1,7,3,1,1,0.85,474679,475126,477445,CARM_09091978
74,1,8,7,1,1,0.85,481029,481510,483445,CARM_09091978
75,1,5,3,1,0,0.85,486645,487526,489978,CARM_09091978
76,1,7,8,1,0,0.85,493978,495302,497028,CARM_09091978
77,1,6,3,2,0,0.85,500344,500918,502761,CARM_09091978
78,1,5,5,2,0,0.85,506728,507094,509027,CARM_09091978
79,1,7,4,1,1,0.85,512844,515302,517627,CARM_09091978
80,1,4,5,1,1,0.85,521610,522118,524010,CARM_09091978
81,1,7,5,1,0,0.85,527677,528854,530910,CARM_09091978
82,1,5,3,1,1,0.85,534460,534854,536510,CARM_09091978
83,1,7,6,1,1,0.85,539826,540950,543459,CARM_09091978
84,1,2,4,1,1,0.85,547509,547862,550276,CARM_09091978
85,0,2,8,1,0,0.15,553459,554454,556859,CARM_09091978
86,0,4,6,2,1,0.15,560292,560710,562325,CARM_09091978
87,0,7,8,2,1,0.15,566242,566758,568742,CARM_09091978
88,0,8,7,2,1,0.15,572791,573206,575408,CARM_09091978
89,0,8,4,2,1,0.15,579441,579750,581608,CARM_09091978
90,0,5,2,2,0,0.15,585374,585638,587241,CARM_09091978
91,0,7,6,2,1,0.15,590391,590709,592940,CARM_09091978
92,0,3,2,2,1,0.15,596324,596677,598724,CARM_09091978
93,0,5,5,2,1,0.15,601823,602181,603740,CARM_09091978
94,0,3,5,2,1,0.15,607223,607541,609923,CARM_09091978
95,0,7,2,2,1,0.15,613840,614629,616723,CARM_09091978
96,0,8,4,2,1,0.15,620373,620997,622923,CARM_09091978
97,1,5,5,1,0,0.15,630855,631333,633005,CARM_09091978
98,1,4,4,2,0,0.15,636372,636709,638522,CARM_09091978
99,1,4,6,1,1,0.15,642555,643173,644738,CARM_09091978
100,1,5,3,1,0,0.15,648288,648757,650571,CARM_09091978
101,1,8,6,1,0,0.15,654604,655333,657688,CARM_09091978
102,1,2,3,2,1,0.15,661404,661701,663471,CARM_09091978
103,1,6,2,2,0,0.15,667521,667813,669804,CARM_09091978
104,1,3,2,2,1,0.15,673504,674165,676470,CARM_09091978
105,1,3,6,2,0,0.15,679737,680069,682037,CARM_09091978
106,1,7,3,2,1,0.15,685320,685637,687286,CARM_09091978
107,1,6,3,2,0,0.15,690386,691141,693003,CARM_09091978
108,1,5,4,2,0,0.15,696419,697365,699519,CARM_09091978
109,1,6,2,1,0,0.15,702719,703157,705602,CARM_09091978
110,1,6,3,1,0,0.15,709152,709493,711519,CARM_09091978
111,1,4,7,1,0,0.15,715035,716484,718918,CARM_09091978
112,1,4,4,2,1,0.15,722868,724436,726651,CARM_09091978
113,0,3,7,1,1,0.85,730285,731428,733468,CARM_09091978
114,0,4,4,2,0,0.85,736584,738996,741417,CARM_09091978
115,0,4,3,1,1,0.85,744834,746484,748384,CARM_09091978
116,0,8,4,1,1,0.85,751700,753636,755767,CARM_09091978
117,0,8,4,1,1,0.85,759667,760564,762450,CARM_09091978
118,0,2,8,1,1,0.85,765733,768020,769683,CARM_09091978
119,0,8,5,1,1,0.85,773366,780692,782399,CARM_09091978
120,0,5,8,1,1,0.85,785565,786548,788699,CARM_09091978
121,0,4,3,1,0,0.85,792482,796484,798448,CARM_09091978
122,0,3,7,1,0,0.85,801881,803940,806415,CARM_09091978
123,0,4,3,2,1,0.85,810114,811540,813198,CARM_09091978
124,0,5,3,2,0,0.85,816897,817828,819431,CARM_09091978
125,0,7,8,2,0,0.85,822531,826148,828230,CARM_09091978
1,0,4,4,3,1,0.15,26548,27637,29682,CARM_14011974
2,0,6,4,2,0,0.15,33631,35029,36648,CARM_14011974
3,0,2,8,2,1,0.15,40564,41860,44114,CARM_14011974
4,0,4,4,2,1,0.15,47347,48580,50181,CARM_14011974
5,0,7,6,2,1,0.15,54164,69124,71530,CARM_14011974
6,0,3,2,2,1,0.15,75563,77460,79829,CARM_14011974
7,0,5,6,2,0,0.15,83379,102884,105212,CARM_14011974
8,0,2,6,2,1,0.15,108495,109748,111678,CARM_14011974
9,0,6,2,1,0,0.15,115478,116084,118611,CARM_14011974
10,0,2,3,2,1,0.15,122178,123300,125594,CARM_14011974
11,0,7,2,2,1,0.15,129111,130004,132277,CARM_14011974
12,0,2,5,2,1,0.15,136027,136484,138660,CARM_14011974
13,0,8,6,2,0,0.15,141777,142340,144193,CARM_14011974
14,0,4,2,2,1,0.15,148276,149284,151410,CARM_14011974
15,0,3,4,2,1,0.15,155359,156868,158843,CARM_14011974
16,0,6,5,2,0,0.15,162742,163156,165026,CARM_14011974
17,0,2,4,2,0,0.15,168292,168995,170609,CARM_14011974
18,1,7,7,1,1,0.85,174142,174675,176475,CARM_14011974
19,1,4,4,1,1,0.85,180575,181811,184242,CARM_14011974
20,1,2,6,2,0,0.85,188025,188611,190275,CARM_14011974
21,1,5,5,2,0,0.85,194091,194483,196674,CARM_14011974
22,1,7,2,1,1,0.85,200507,201987,203824,CARM_14011974
23,1,4,8,1,1,0.85,207757,208563,210557,CARM_14011974
24,1,5,8,1,1,0.85,214590,215059,217223,CARM_14011974
25,1,6,6,1,0,0.85,220473,220803,222990,CARM_14011974
26,1,6,5,1,1,0.85,226740,227475,229806,CARM_14011974
27,1,3,4,2,0,0.85,233773,234099,235739,CARM_14011974
28,1,6,8,1,0,0.85,238939,240515,242156,CARM_14011974
29,1,4,5,1,1,0.85,245339,245907,248139,CARM_14011974
30,1,4,4,1,1,0.85,251822,252467,254855,CARM_14011974
31,1,5,3,2,1,0.85,258372,258819,261305,CARM_14011974
32,1,3,3,2,0,0.85,264738,265219,267505,CARM_14011974
33,1,8,8,1,1,0.85,271021,272051,274254,CARM_14011974
34,0,2,8,2,0,0.85,287204,288483,290587,CARM_14011974
35,0,5,2,1,0,0.85,294270,295587,297287,CARM_14011974
36,0,7,3,1,1,0.85,300670,301778,304336,CARM_14011974
37,0,6,7,2,0,0.85,307670,308210,310719,CARM_14011974
38,0,4,5,1,1,0.85,313836,314882,317086,CARM_14011974
39,0,7,6,2,0,0.85,320569,321810,324219,CARM_14011974
40,0,8,8,1,1,0.85,328019,328434,330685,CARM_14011974
41,0,8,3,1,1,0.85,334035,334786,336735,CARM_14011974
42,0,5,5,1,1,0.85,340768,341186,343635,CARM_14011974
43,0,4,6,1,1,0.85,346984,347618,350101,CARM_14011974
44,0,8,8,1,1,0.85,353834,354338,356767,CARM_14011974
45,0,4,4,1,1,0.85,360301,360786,363000,CARM_14011974
46,0,3,3,1,1,0.85,366350,366962,368584,CARM_14011974
47,0,7,5,1,1,0.85,372500,373250,375567,CARM_14011974
48,0,2,4,1,1,0.85,379000,379714,382166,CARM_14011974
49,0,4,4,1,1,0.85,386183,386754,389033,CARM_14011974
50,0,6,2,1,1,0.85,392683,393122,394932,CARM_14011974
51,0,4,5,1,1,0.85,399016,399794,401582,CARM_14011974
52,1,8,3,1,0,0.15,404982,405906,408432,CARM_14011974
53,1,4,5,2,1,0.15,411965,412482,414832,CARM_14011974
54,1,2,3,2,1,0.15,418181,418706,420465,CARM_14011974
55,1,2,8,2,1,0.15,423565,424497,426464,CARM_14011974
56,1,7,7,2,1,0.15,430198,430945,433014,CARM_14011974
57,1,8,3,2,1,0.15,436564,437233,438814,CARM_14011974
58,1,2,7,2,1,0.15,442480,443041,445230,CARM_14011974
59,1,5,3,2,1,0.15,448897,449361,450997,CARM_14011974
60,1,6,8,2,1,0.15,454180,456545,458596,CARM_14011974
61,1,2,3,2,1,0.15,462613,463585,465663,CARM_14011974
62,1,3,3,2,1,0.15,469296,469825,471579,CARM_14011974
63,1,4,6,2,1,0.15,475462,476193,478729,CARM_14011974
64,1,4,7,2,1,0.15,482179,482785,485095,CARM_14011974
65,1,8,5,2,1,0.15,489095,489713,491795,CARM_14011974
66,1,6,5,2,1,0.15,494961,495841,497478,CARM_14011974
67,1,2,8,2,0,0.15,501294,501889,504011,CARM_14011974
68,1,7,8,1,0,0.15,507578,508049,509911,CARM_14011974
69,0,2,4,2,1,0.25,524477,525761,527527,CARM_14011974
70,0,4,2,2,1,0.25,531327,531809,533993,CARM_14011974
71,0,2,4,2,1,0.25,537910,538353,540876,CARM_14011974
72,0,7,8,2,1,0.25,544276,545041,547209,CARM_14011974
73,0,2,2,2,1,0.25,550359,551185,553592,CARM_14011974
74,0,2,4,2,0,0.25,556909,557712,560159,CARM_14011974
75,0,6,4,1,1,0.25,564192,564176,565808,CARM_14011974
76,0,4,3,1,0,0.25,569008,576736,578441,CARM_14011974
77,0,8,7,1,0,0.25,581874,583120,585674,CARM_14011974
78,0,6,2,2,1,0.25,588907,588896,591174,CARM_14011974
79,0,8,5,2,1,0.25,595090,595616,597240,CARM_14011974
80,0,2,7,2,1,0.25,600724,601248,602823,CARM_14011974
81,0,4,8,2,0,0.25,606073,606608,608740,CARM_14011974
82,0,6,7,2,1,0.25,611956,612624,614806,CARM_14011974
83,0,2,4,2,1,0.25,618406,618784,620723,CARM_14011974
84,0,2,8,2,1,0.25,624389,624736,627206,CARM_14011974
85,0,6,4,2,1,0.25,630839,631360,633789,CARM_14011974
86,0,5,6,2,0,0.25,636939,637856,640105,CARM_14011974
87,0,3,7,2,1,0.25,644038,646784,648921,CARM_14011974
88,1,2,6,2,0,0.75,652988,653536,655821,CARM_14011974
89,1,3,5,2,0,0.75,659321,659296,661688,CARM_14011974
90,1,7,8,1,1,0.75,665254,665776,667454,CARM_14011974
91,1,4,4,1,1,0.75,671037,671472,673470,CARM_14011974
92,1,7,6,1,0,0.75,677154,677504,679753,CARM_14011974
93,1,3,7,2,0,0.75,683753,684447,686770,CARM_14011974
94,1,5,2,2,0,0.75,690336,691279,693036,CARM_14011974
95,1,5,3,2,0,0.75,696503,696783,699003,CARM_14011974
96,1,2,5,1,1,0.75,702386,703199,705752,CARM_14011974
97,1,3,6,1,1,0.75,708852,709951,712385,CARM_14011974
98,1,4,5,1,0,0.75,715835,716191,718552,CARM_14011974
99,1,4,6,1,1,0.75,722202,723167,724768,CARM_14011974
100,1,6,8,2,1,0.25,739718,740607,742667,CARM_14011974
101,1,2,3,2,1,0.25,746684,747199,749034,CARM_14011974
102,1,3,8,2,1,0.25,752234,752815,755384,CARM_14011974
103,1,5,5,2,1,0.25,759017,759599,761583,CARM_14011974
104,1,6,5,2,1,0.25,765550,766287,767916,CARM_14011974
105,1,3,7,2,1,0.25,771666,772351,774466,CARM_14011974
106,1,2,6,2,1,0.25,778066,778783,780749,CARM_14011974
107,1,4,2,2,1,0.25,784082,784831,787049,CARM_14011974
108,1,8,6,2,1,0.25,790482,797295,799715,CARM_14011974
109,1,4,7,2,1,0.25,803015,803567,805765,CARM_14011974
110,1,3,4,2,0,0.25,808898,809583,811881,CARM_14011974
111,1,7,6,1,0,0.25,815281,816014,818264,CARM_14011974
112,1,7,8,1,0,0.25,821564,822286,824714,CARM_14011974
113,1,7,7,2,1,0.25,827897,828302,829930,CARM_14011974
114,1,8,7,2,0,0.25,833313,833758,835563,CARM_14011974
115,1,4,8,2,0,0.25,838730,839358,841580,CARM_14011974
116,0,3,5,2,0,0.75,844746,845214,847763,CARM_14011974
117,0,7,2,1,1,0.75,850896,851310,853363,CARM_14011974
118,0,7,3,1,1,0.75,857012,858158,860329,CARM_14011974
119,0,8,7,1,1,0.75,863479,864222,866362,CARM_14011974
120,0,7,2,1,0,0.75,870312,871070,873078,CARM_14011974
121,0,5,6,2,0,0.75,876828,877758,879895,CARM_14011974
122,0,2,5,1,1,0.75,883961,884558,886378,CARM_14011974
123,0,5,4,1,1,0.75,889928,890590,892578,CARM_14011974
124,0,2,4,1,1,0.75,896461,897134,899527,CARM_14011974
125,0,6,7,1,1,0.75,903194,904094,906344,CARM_14011974
126,0,6,8,1,1,0.75,910343,910942,913477,CARM_14011974
127,0,5,6,1,1,0.75,916977,918110,920243,CARM_14011974
128,0,4,5,1,1,0.75,923910,924798,926826,CARM_14011974
129,0,6,2,1,1,0.75,930526,931406,933242,CARM_14011974
130,0,5,8,1,1,0.75,937076,937614,939276,CARM_14011974
131,0,5,2,1,1,0.75,943175,943742,946159,CARM_14011974
132,0,8,6,1,1,0.75,949908,950605,952908,CARM_14011974
133,0,4,2,1,1,0.75,956042,956685,958691,CARM_14011974
1,1,2,8,2,1,0.15,17449,18877,20515,CAWG_08021975
2,1,4,4,2,1,0.15,24565,25645,27682,CAWG_08021975
3,1,2,3,2,1,0.15,31065,31949,34348,CAWG_08021975
4,1,8,2,2,1,0.15,37481,41469,43414,CAWG_08021975
5,1,3,5,2,1,0.15,46748,47773,49547,CAWG_08021975
6,1,4,6,2,1,0.15,53197,53901,55447,CAWG_08021975
7,1,6,2,2,1,0.15,58964,59629,61530,CAWG_08021975
8,1,3,4,2,1,0.15,65297,66173,67763,CAWG_08021975
9,1,5,7,2,1,0.15,71363,72029,73613,CAWG_08021975
10,1,8,4,2,0,0.15,76796,77629,80146,CAWG_08021975
11,1,8,4,2,1,0.15,83479,85453,87096,CAWG_08021975
12,1,3,5,2,1,0.15,90796,91884,93912,CAWG_08021975
13,1,8,7,2,1,0.15,97479,98108,99795,CAWG_08021975
14,1,6,5,2,1,0.15,103412,104140,106362,CAWG_08021975
15,1,2,8,2,1,0.15,109562,110380,112228,CAWG_08021975
16,1,8,8,2,1,0.15,115378,116332,118578,CAWG_08021975
17,0,8,3,2,0,0.85,121761,122284,123961,CAWG_08021975
18,0,5,3,2,0,0.85,127378,128188,130244,CAWG_08021975
19,0,2,4,2,1,0.85,134294,135420,137744,CAWG_08021975
20,0,2,4,2,0,0.85,141310,142028,143960,CAWG_08021975
21,0,5,2,2,0,0.85,147777,148364,150643,CAWG_08021975
22,0,7,8,1,1,0.85,154676,155052,157126,CAWG_08021975
23,0,8,5,1,0,0.85,161143,161740,163959,CAWG_08021975
24,0,6,8,2,0,0.85,167243,167820,169792,CAWG_08021975
25,0,6,5,2,0,0.85,173609,174044,176309,CAWG_08021975
26,0,5,4,2,0,0.85,179775,180828,182492,CAWG_08021975
27,0,3,6,1,1,0.85,185592,185980,187725,CAWG_08021975
28,0,7,6,1,1,0.85,191658,192156,194658,CAWG_08021975
29,0,8,3,1,1,0.75,203474,205052,206591,CAWG_08021975
30,0,4,4,1,1,0.75,210374,210924,213224,CAWG_08021975
31,0,5,8,1,0,0.75,216774,217196,219557,CAWG_08021975
32,0,8,5,1,1,0.75,223523,223836,225690,CAWG_08021975
33,0,3,7,1,1,0.75,229257,229788,231706,CAWG_08021975
34,0,5,8,1,1,0.75,235056,235740,238190,CAWG_08021975
35,0,6,5,1,0,0.75,241289,241964,244339,CAWG_08021975
36,0,6,5,1,1,0.75,248122,249291,251039,CAWG_08021975
37,0,6,6,1,0,0.75,254839,255803,257922,CAWG_08021975
38,0,8,3,1,1,0.75,261422,262059,264322,CAWG_08021975
39,0,5,4,1,1,0.75,268022,269195,271638,CAWG_08021975
40,0,8,6,1,0,0.75,274921,275563,277371,CAWG_08021975
41,0,4,3,1,1,0.75,280438,281355,283338,CAWG_08021975
42,0,2,4,1,1,0.75,287154,287899,289471,CAWG_08021975
43,0,6,5,1,1,0.75,293137,293835,295704,CAWG_08021975
44,0,8,5,1,1,0.75,298920,299595,301954,CAWG_08021975
45,1,5,5,1,0,0.25,305653,306315,308853,CAWG_08021975
46,1,6,7,1,1,0.25,312620,313339,315003,CAWG_08021975
47,1,5,4,1,0,0.25,318386,320347,322586,CAWG_08021975
48,1,5,3,1,0,0.25,326419,329003,330836,CAWG_08021975
49,1,5,3,1,0,0.25,334335,334779,337302,CAWG_08021975
50,1,8,3,1,1,0.25,341102,341611,343452,CAWG_08021975
51,1,7,7,1,0,0.25,347018,347771,350251,CAWG_08021975
52,1,7,5,1,0,0.25,353535,354139,355768,CAWG_08021975
53,1,6,7,1,1,0.25,359801,360235,362551,CAWG_08021975
54,1,4,5,1,0,0.25,365901,366651,368251,CAWG_08021975
55,1,5,8,1,0,0.25,372101,373099,374917,CAWG_08021975
56,1,6,5,1,0,0.25,378850,379595,381933,CAWG_08021975
57,1,3,7,1,1,0.75,390516,392219,393816,CAWG_08021975
58,1,8,5,1,0,0.75,397066,397914,399999,CAWG_08021975
59,1,4,4,1,0,0.75,403283,403818,405832,CAWG_08021975
60,1,3,6,2,1,0.75,409599,410106,411699,CAWG_08021975
61,1,6,4,2,1,0.75,415582,416218,418515,CAWG_08021975
62,1,5,6,2,0,0.75,422332,423130,424898,CAWG_08021975
63,1,4,3,2,1,0.75,428798,429386,431298,CAWG_08021975
64,1,3,2,2,0,0.75,434665,435482,437098,CAWG_08021975
65,1,2,5,2,0,0.75,440931,441594,443131,CAWG_08021975
66,1,5,2,2,0,0.75,447031,447610,449397,CAWG_08021975
67,1,8,7,1,1,0.75,452930,453290,455130,CAWG_08021975
68,1,3,3,1,1,0.75,459197,459882,462280,CAWG_08021975
69,1,3,7,1,1,0.75,465597,466074,467913,CAWG_08021975
70,1,6,7,1,1,0.75,471463,472042,474046,CAWG_08021975
71,1,5,3,1,0,0.75,477863,479594,482096,CAWG_08021975
72,1,2,5,1,0,0.75,485346,486602,489062,CAWG_08021975
73,0,8,5,1,0,0.25,492445,493050,495562,CAWG_08021975
74,0,7,8,2,0,0.25,498962,499818,501912,CAWG_08021975
75,0,2,6,1,1,0.25,505028,505418,507028,CAWG_08021975
76,0,7,3,1,0,0.25,510811,511482,513395,CAWG_08021975
77,0,3,8,1,1,0.25,516561,517034,518711,CAWG_08021975
78,0,7,8,1,0,0.25,522011,522634,524844,CAWG_08021975
79,0,4,8,1,0,0.25,528144,528746,530727,CAWG_08021975
80,0,4,4,2,1,0.25,534477,534986,536927,CAWG_08021975
81,0,4,8,2,0,0.25,540827,541657,544127,CAWG_08021975
82,0,2,5,2,0,0.25,547993,548633,550710,CAWG_08021975
83,0,3,7,1,0,0.25,554760,555225,556959,CAWG_08021975
84,0,4,2,2,1,0.25,560509,561017,563176,CAWG_08021975
85,0,6,5,2,1,0.15,571492,573241,575542,CAWG_08021975
86,0,2,3,2,1,0.15,579375,580137,581875,CAWG_08021975
87,0,3,5,2,1,0.15,585092,586345,588708,CAWG_08021975
88,0,2,3,2,0,0.15,592025,593177,595641,CAWG_08021975
89,0,5,5,2,1,0.15,599524,600217,602124,CAWG_08021975
90,0,7,2,2,0,0.15,605591,606713,609191,CAWG_08021975
91,0,5,8,2,1,0.15,612924,613545,615724,CAWG_08021975
92,0,8,7,2,1,0.15,619157,619865,621840,CAWG_08021975
93,0,8,7,2,1,0.15,625790,626393,628223,CAWG_08021975
94,0,3,8,2,1,0.15,631906,632841,635223,CAWG_08021975
95,0,3,7,2,1,0.15,639006,639801,642289,CAWG_08021975
96,0,2,3,2,1,0.15,645739,646345,648522,CAWG_08021975
97,0,3,6,2,0,0.15,652022,652665,655055,CAWG_08021975
98,0,5,7,2,1,0.15,658172,658665,660238,CAWG_08021975
99,0,3,8,2,0,0.15,663822,664233,666522,CAWG_08021975
100,0,8,4,2,0,0.15,670238,670617,672738,CAWG_08021975
101,1,7,8,2,0,0.85,676321,676873,679388,CAWG_08021975
102,1,2,8,2,0,0.85,682554,682985,685171,CAWG_08021975
103,1,2,5,2,1,0.85,688304,688776,691070,CAWG_08021975
104,1,4,7,2,0,0.85,694620,695208,697487,CAWG_08021975
105,1,4,4,2,0,0.85,700753,701336,703553,CAWG_08021975
106,1,5,8,1,1,0.85,707003,708040,709753,CAWG_08021975
107,1,7,7,1,0,0.85,713386,714008,716503,CAWG_08021975
108,1,3,2,1,1,0.85,719719,720360,722352,CAWG_08021975
109,1,5,2,1,1,0.85,726169,726968,728836,CAWG_08021975
110,1,2,7,1,0,0.85,732202,732808,734769,CAWG_08021975
111,1,3,3,1,1,0.85,738085,738568,740285,CAWG_08021975
112,1,6,8,1,1,0.85,743652,745384,747718,CAWG_08021975
113,1,2,8,1,1,0.85,751685,752440,754768,CAWG_08021975
114,1,8,6,1,1,0.85,758101,758984,760734,CAWG_08021975
115,1,4,8,1,1,0.85,764751,765544,767817,CAWG_08021975
1,0,3,3,1,1,0.75,7483,11212,13382,CDPQ_08041963
2,0,6,6,2,0,0.75,17099,17692,19549,CDPQ_08041963
3,0,5,6,1,1,0.75,22832,22828,25098,CDPQ_08041963
4,0,8,4,2,0,0.75,28848,29532,31198,CDPQ_08041963
5,0,5,7,2,1,0.75,34815,35820,37898,CDPQ_08041963
6,0,4,5,2,0,0.75,41298,42092,44514,CDPQ_08041963
7,0,3,8,2,0,0.75,48014,48988,50697,CDPQ_08041963
8,0,8,5,1,0,0.75,53764,54668,56697,CDPQ_08041963
9,0,6,6,2,0,0.75,60430,61196,62864,CDPQ_08041963
10,0,2,7,2,0,0.75,66097,66923,68880,CDPQ_08041963
11,0,7,3,1,1,0.75,72463,73579,76096,CDPQ_08041963
12,0,4,3,1,1,0.75,79396,80427,82213,CDPQ_08041963
13,0,2,2,2,0,0.75,85713,86635,89096,CDPQ_08041963
14,0,2,4,2,1,0.75,92712,93739,95629,CDPQ_08041963
15,0,3,2,1,1,0.75,99095,100283,102095,CDPQ_08041963
16,0,3,4,2,0,0.75,105595,106635,108428,CDPQ_08041963
17,0,3,3,1,1,0.75,111645,112379,114011,CDPQ_08041963
18,1,6,4,1,0,0.25,117628,119051,120678,CDPQ_08041963
19,1,5,3,2,1,0.25,124461,125243,127444,CDPQ_08041963
20,1,7,6,2,0,0.25,131444,132123,134494,CDPQ_08041963
21,1,2,4,1,1,0.25,137794,138491,140594,CDPQ_08041963
22,1,3,2,1,0,0.25,143960,144987,146893,CDPQ_08041963
23,1,7,8,2,1,0.25,150426,151659,153260,CDPQ_08041963
24,1,2,6,2,0,0.25,157010,158123,160126,CDPQ_08041963
25,1,6,2,1,0,0.25,164059,164779,167009,CDPQ_08041963
26,1,2,7,1,0,0.25,170126,170763,172659,CDPQ_08041963
27,1,5,6,2,0,0.25,176509,177387,179659,CDPQ_08041963
28,1,8,5,2,0,0.25,183292,184555,186392,CDPQ_08041963
29,1,7,8,2,1,0.25,190241,190955,192941,CDPQ_08041963
30,1,4,2,2,0,0.25,196875,197867,199858,CDPQ_08041963
31,1,6,4,2,1,0.25,203758,204875,206691,CDPQ_08041963
32,1,7,2,2,1,0.25,210407,212090,213874,CDPQ_08041963
33,0,6,8,2,1,0.25,223273,226570,228873,CDPQ_08041963
34,0,3,2,2,1,0.25,232490,233386,235056,CDPQ_08041963
35,0,6,6,1,1,0.25,239056,242698,245006,CDPQ_08041963
36,0,5,6,2,1,0.25,248089,249210,251506,CDPQ_08041963
37,0,3,5,2,1,0.25,255105,255914,258055,CDPQ_08041963
38,0,6,6,2,1,0.25,261472,262794,264772,CDPQ_08041963
39,0,2,5,2,1,0.25,268355,270058,272221,CDPQ_08041963
40,0,6,3,1,1,0.25,275405,276426,278838,CDPQ_08041963
41,0,6,3,1,0,0.25,282121,283306,285787,CDPQ_08041963
42,0,6,2,2,1,0.25,289404,290138,292404,CDPQ_08041963
43,0,4,5,1,0,0.25,295970,297546,299287,CDPQ_08041963
44,0,8,3,2,1,0.25,302737,303578,305187,CDPQ_08041963
45,0,2,3,2,1,0.25,308653,310170,312003,CDPQ_08041963
46,0,7,8,2,0,0.25,315669,316394,318819,CDPQ_08041963
47,0,2,8,2,1,0.25,322119,322954,324636,CDPQ_08041963
48,0,2,2,2,1,0.25,328336,329242,331419,CDPQ_08041963
49,0,3,3,2,1,0.25,334569,335370,336919,CDPQ_08041963
50,1,7,5,1,1,0.75,340635,341418,343518,CDPQ_08041963
51,1,3,2,1,1,0.75,347218,349354,351868,CDPQ_08041963
52,1,6,3,1,0,0.75,355785,356538,358234,CDPQ_08041963
53,1,6,8,2,1,0.75,361551,362105,364434,CDPQ_08041963
54,1,6,8,2,0,0.75,368251,368953,371251,CDPQ_08041963
55,1,5,4,1,1,0.75,375017,376009,377934,CDPQ_08041963
56,1,8,4,2,0,0.75,381417,381977,383583,CDPQ_08041963
57,1,5,6,2,0,0.75,387533,388537,390316,CDPQ_08041963
58,1,3,8,2,0,0.75,393816,394505,396399,CDPQ_08041963
59,1,8,7,1,1,0.75,400033,400713,403082,CDPQ_08041963
60,1,7,8,2,0,0.75,406149,406953,408866,CDPQ_08041963
61,1,5,6,2,0,0.75,412032,412761,414915,CDPQ_08041963
62,1,7,8,2,1,0.15,426765,427465,429048,CDPQ_08041963
63,1,6,4,1,0,0.15,432731,433849,436181,CDPQ_08041963
64,1,7,8,2,1,0.15,439848,440617,442281,CDPQ_08041963
65,1,2,5,2,1,0.15,445914,446761,448314,CDPQ_08041963
66,1,8,2,1,0,0.15,451764,452681,454730,CDPQ_08041963
67,1,5,2,1,0,0.15,458463,459401,461247,CDPQ_08041963
68,1,7,3,1,0,0.15,464663,465401,467163,CDPQ_08041963
69,1,3,7,2,1,0.15,470363,471177,473630,CDPQ_08041963
70,1,8,4,1,0,0.15,477229,478073,479629,CDPQ_08041963
71,1,8,5,1,1,0.15,483596,484633,486912,CDPQ_08041963
72,1,5,5,2,1,0.15,490479,491529,493562,CDPQ_08041963
73,1,5,6,2,1,0.15,496762,498057,500495,CDPQ_08041963
74,1,8,2,1,0,0.15,503962,504521,506545,CDPQ_08041963
75,1,7,5,1,0,0.15,509728,510552,512228,CDPQ_08041963
76,1,4,8,2,1,0.15,515661,516440,518028,CDPQ_08041963
77,1,2,4,2,1,0.15,521994,522824,525294,CDPQ_08041963
78,0,4,2,1,1,0.85,528661,529720,531677,CDPQ_08041963
79,0,8,3,1,1,0.85,535160,535864,537477,CDPQ_08041963
80,0,8,3,1,1,0.85,541060,542248,544193,CDPQ_08041963
81,0,8,7,1,1,0.85,548143,548760,551143,CDPQ_08041963
82,0,5,8,2,0,0.85,554509,556552,558143,CDPQ_08041963
83,0,3,6,2,1,0.85,561326,562008,564292,CDPQ_08041963
84,0,7,2,1,1,0.85,567659,568280,570759,CDPQ_08041963
85,0,5,5,2,0,0.85,574042,574360,576508,CDPQ_08041963
86,0,7,5,1,1,0.85,580075,580680,582258,CDPQ_08041963
87,0,3,6,2,0,0.85,586108,586936,589325,CDPQ_08041963
88,0,6,5,1,1,0.85,592508,593416,595208,CDPQ_08041963
89,0,3,8,2,0,0.85,598941,599880,601824,CDPQ_08041963
90,0,2,5,2,0,0.85,604991,605832,607507,CDPQ_08041963
91,0,6,4,2,1,0.85,610807,611784,613807,CDPQ_08041963
92,0,3,4,2,0,0.85,617190,618056,620390,CDPQ_08041963
93,0,8,8,2,1,0.15,627773,628648,631139,CDPQ_08041963
94,0,8,2,1,0,0.15,634623,635112,637189,CDPQ_08041963
95,0,8,8,2,1,0.15,640856,641576,643789,CDPQ_08041963
96,0,4,7,2,1,0.15,647589,648152,649755,CDPQ_08041963
97,0,5,3,1,0,0.15,653022,653976,656022,CDPQ_08041963
98,0,4,3,1,0,0.15,659488,660519,662988,CDPQ_08041963
99,0,6,4,1,0,0.15,666905,667639,669571,CDPQ_08041963
100,0,5,8,2,1,0.15,673038,673383,675138,CDPQ_08041963
101,0,5,3,1,0,0.15,678488,679095,680704,CDPQ_08041963
102,0,5,4,1,0,0.15,684354,685079,686787,CDPQ_08041963
103,0,7,7,2,0,0.15,690804,691303,692904,CDPQ_08041963
104,0,4,6,2,1,0.15,696070,696711,699120,CDPQ_08041963
105,0,3,7,2,1,0.15,702886,703511,705470,CDPQ_08041963
106,0,4,2,1,0,0.15,708953,709287,711436,CDPQ_08041963
107,0,7,5,1,0,0.15,715019,715703,717969,CDPQ_08041963
108,0,6,2,1,0,0.15,722002,722615,724719,CDPQ_08041963
109,0,2,3,1,0,0.15,727835,728519,730202,CDPQ_08041963
110,0,2,8,2,0,0.15,733635,734679,736602,CDPQ_08041963
111,0,8,4,1,0,0.15,739918,740535,743018,CDPQ_08041963
112,1,3,2,1,1,0.85,746318,747111,748685,CDPQ_08041963
113,1,3,7,2,0,0.85,752518,753031,755268,CDPQ_08041963
114,1,7,6,1,1,0.85,758734,759399,761517,CDPQ_08041963
115,1,4,2,2,1,0.85,765484,766135,768600,CDPQ_08041963
116,1,7,4,1,1,0.85,771934,772471,774417,CDPQ_08041963
117,1,4,3,2,1,0.85,778317,778983,781150,CDPQ_08041963
118,1,3,6,2,0,0.85,784916,785383,787350,CDPQ_08041963
119,1,3,4,1,1,0.85,791349,791751,793549,CDPQ_08041963
120,1,2,2,2,0,0.85,797566,798519,800249,CDPQ_08041963
121,1,7,4,2,0,0.85,803966,804630,806549,CDPQ_08041963
122,1,6,8,2,0,0.85,809649,810438,812515,CDPQ_08041963
123,1,4,5,2,1,0.85,815632,816246,818132,CDPQ_08041963
1,0,4,7,1,1,0.15,32698,33785,36298,CDPR_25031986
2,0,3,7,1,0,0.15,40331,40905,43264,CDPR_25031986
3,0,4,4,1,0,0.15,47164,47704,49647,CDPR_25031986
4,0,7,4,2,1,0.15,53047,53784,55797,CDPR_25031986
5,0,7,6,2,0,0.15,59697,60232,62747,CDPR_25031986
6,0,7,3,2,1,0.15,66330,67032,69446,CDPR_25031986
7,0,3,4,2,1,0.15,73363,73912,75713,CDPR_25031986
8,0,7,8,2,0,0.15,78879,79512,81913,CDPR_25031986
9,0,5,5,2,0,0.15,85779,86360,88579,CDPR_25031986
10,0,3,6,1,0,0.15,91995,92568,94279,CDPR_25031986
11,0,4,5,1,0,0.15,97412,97992,100495,CDPR_25031986
12,0,6,2,2,1,0.15,104178,104600,107111,CDPR_25031986
13,0,5,2,2,1,0.15,110411,111416,113895,CDPR_25031986
14,0,3,8,2,1,0.15,117561,118200,120444,CDPR_25031986
15,0,6,4,2,0,0.15,124111,124856,126527,CDPR_25031986
16,0,3,6,1,1,0.15,129694,130152,131894,CDPR_25031986
17,1,8,7,1,1,0.85,135827,136360,138727,CDPR_25031986
18,1,5,8,2,1,0.85,142343,143208,144843,CDPR_25031986
19,1,5,7,2,0,0.85,148376,148904,150760,CDPR_25031986
20,1,6,7,1,1,0.85,153909,154344,156176,CDPR_25031986
21,1,7,5,1,1,0.85,159909,160728,162392,CDPR_25031986
22,1,2,8,1,1,0.85,166242,166936,169359,CDPR_25031986
23,1,4,4,2,0,0.85,173025,173768,175492,CDPR_25031986
24,1,3,8,1,1,0.85,179192,179576,181475,CDPR_25031986
25,1,6,5,1,1,0.85,184775,185767,187975,CDPR_25031986
26,1,6,5,1,1,0.85,191441,192231,194391,CDPR_25031986
27,1,5,8,1,1,0.85,197858,198631,200757,CDPR_25031986
28,1,2,7,1,1,0.85,204407,205063,206940,CDPR_25031986
29,0,3,7,2,0,0.85,216123,217783,219607,CDPR_25031986
30,0,2,4,1,1,0.85,223340,224119,225806,CDPR_25031986
31,0,6,2,1,1,0.85,229256,230055,231839,CDPR_25031986
32,0,6,3,2,0,0.85,235706,236551,239039,CDPR_25031986
33,0,8,6,1,1,0.85,242789,243303,245772,CDPR_25031986
34,0,5,5,1,1,0.85,249455,250119,252572,CDPR_25031986
35,0,3,5,1,1,0.85,255705,256167,258022,CDPR_25031986
36,0,3,7,1,1,0.85,261321,262151,263721,CDPR_25031986
37,0,7,8,1,1,0.85,267688,268407,270804,CDPR_25031986
38,0,5,3,1,1,0.85,274754,275639,277671,CDPR_25031986
39,0,2,2,1,0,0.85,281787,282487,284087,CDPR_25031986
40,0,7,8,2,0,0.85,287220,287607,289237,CDPR_25031986
41,0,2,7,1,1,0.85,292870,293255,295137,CDPR_25031986
42,0,6,6,1,1,0.85,298553,299511,301620,CDPR_25031986
43,0,7,6,1,1,0.85,304803,305831,307953,CDPR_25031986
44,0,2,8,1,1,0.85,311353,312311,314686,CDPR_25031986
45,0,2,6,1,1,0.85,318252,319175,321535,CDPR_25031986
46,0,5,5,1,1,0.85,325185,326006,327735,CDPR_25031986
47,0,8,5,1,1,0.85,331768,332822,335152,CDPR_25031986
48,1,5,8,2,1,0.15,338668,339766,341785,CDPR_25031986
49,1,6,4,1,0,0.15,344951,345638,347484,CDPR_25031986
50,1,8,3,1,0,0.15,351034,351510,354067,CDPR_25031986
51,1,8,2,2,1,0.15,357901,358550,360784,CDPR_25031986
52,1,5,5,2,1,0.15,364500,365238,367500,CDPR_25031986
53,1,2,4,2,0,0.15,371583,372390,374433,CDPR_25031986
54,1,6,7,2,1,0.15,378450,381846,383933,CDPR_25031986
55,1,5,6,2,1,0.15,387416,388294,390032,CDPR_25031986
56,1,7,2,2,1,0.15,393849,395030,396949,CDPR_25031986
57,1,8,6,2,1,0.15,400949,401654,403765,CDPR_25031986
58,1,3,2,2,1,0.15,407848,408822,410882,CDPR_25031986
59,1,6,5,2,1,0.15,414181,415254,417598,CDPR_25031986
60,1,3,5,2,1,0.15,420814,421478,423264,CDPR_25031986
61,1,5,6,2,0,0.15,426831,427686,429714,CDPR_25031986
62,1,5,6,1,0,0.15,433631,434214,436114,CDPR_25031986
63,1,3,3,1,1,0.15,439764,441670,443263,CDPR_25031986
64,1,2,4,2,1,0.25,453996,455542,457746,CDPR_25031986
65,1,5,2,2,1,0.25,461529,462326,464529,CDPR_25031986
66,1,3,4,2,1,0.25,468412,469061,470662,CDPR_25031986
67,1,2,6,2,0,0.25,474229,474917,477395,CDPR_25031986
68,1,4,5,2,1,0.25,481079,481717,483878,CDPR_25031986
69,1,6,7,2,1,0.25,487362,488069,490361,CDPR_25031986
70,1,2,6,2,1,0.25,493961,494709,496528,CDPR_25031986
71,1,7,6,2,0,0.25,500644,501637,504161,CDPR_25031986
72,1,2,5,2,0,0.25,507594,508325,510144,CDPR_25031986
73,1,5,4,1,0,0.25,514077,514725,517160,CDPR_25031986
74,1,5,5,1,0,0.25,520443,521061,523460,CDPR_25031986
75,1,8,8,2,1,0.25,527043,527445,529526,CDPR_25031986
76,1,8,8,2,0,0.25,532660,533349,535843,CDPR_25031986
77,1,5,7,2,1,0.25,539676,540341,542559,CDPR_25031986
78,1,5,6,2,1,0.25,546509,547253,549576,CDPR_25031986
79,1,5,3,2,1,0.25,552809,553813,555875,CDPR_25031986
80,0,2,2,2,0,0.75,559375,560453,562458,CDPR_25031986
81,0,5,4,1,1,0.75,565708,566437,568925,CDPR_25031986
82,0,6,5,2,1,0.75,572358,573285,575074,CDPR_25031986
83,0,5,8,2,0,0.75,579024,579845,581657,CDPR_25031986
84,0,3,7,1,1,0.75,585657,586117,588024,CDPR_25031986
85,0,3,3,2,0,0.75,591157,591877,593690,CDPR_25031986
86,0,5,2,1,0,0.75,596857,597221,599557,CDPR_25031986
87,0,7,2,2,0,0.75,602673,603253,605456,CDPR_25031986
88,0,4,2,2,0,0.75,609240,609732,611839,CDPR_25031986
89,0,8,7,2,0,0.75,615723,616356,618556,CDPR_25031986
90,0,7,8,1,1,0.75,621822,622292,624406,CDPR_25031986
91,0,6,8,1,1,0.75,628039,628740,631189,CDPR_25031986
92,0,2,7,1,0,0.75,634739,635396,637438,CDPR_25031986
93,0,7,6,1,0,0.75,640738,640708,642438,CDPR_25031986
94,0,4,8,2,1,0.75,645905,646724,648521,CDPR_25031986
95,0,3,8,1,1,0.75,652404,653156,655588,CDPR_25031986
96,0,4,3,1,1,0.75,659521,660324,661937,CDPR_25031986
97,0,5,7,1,1,0.75,665570,666484,668737,CDPR_25031986
98,0,8,5,1,0,0.75,672154,672852,674753,CDPR_25031986
99,0,7,5,2,1,0.25,684803,686628,688453,CDPR_25031986
100,0,6,4,2,1,0.25,691953,692580,695136,CDPR_25031986
101,0,4,6,2,1,0.25,698619,699444,701769,CDPR_25031986
102,0,8,6,2,1,0.25,705435,706164,708185,CDPR_25031986
103,0,8,6,2,0,0.25,711602,712132,714168,CDPR_25031986
104,0,2,8,1,1,0.25,718218,718932,721235,CDPR_25031986
105,0,6,5,1,1,0.25,724801,725284,727418,CDPR_25031986
106,0,7,5,1,1,0.25,731034,731876,733568,CDPR_25031986
107,0,4,8,1,1,0.25,737267,737876,740334,CDPR_25031986
108,0,7,6,1,1,0.25,744150,744900,747234,CDPR_25031986
109,0,2,5,1,0,0.25,751100,752019,753817,CDPR_25031986
110,0,4,6,2,1,0.25,757533,758211,759800,CDPR_25031986
111,0,4,7,2,1,0.25,763833,764819,766799,CDPR_25031986
112,0,5,8,2,1,0.25,769966,770771,773232,CDPR_25031986
113,0,2,7,2,1,0.25,776349,777107,779466,CDPR_25031986
114,0,6,8,2,1,0.25,783282,784147,786649,CDPR_25031986
115,0,6,4,2,0,0.25,790715,791555,793298,CDPR_25031986
116,0,2,5,1,1,0.25,796815,797187,799615,CDPR_25031986
117,1,7,8,1,1,0.75,802815,803267,805664,CDPR_25031986
118,1,3,2,1,1,0.75,808931,809571,812047,CDPR_25031986
119,1,8,6,1,1,0.75,815281,816323,818480,CDPR_25031986
120,1,2,3,1,0,0.75,822514,823027,824764,CDPR_25031986
121,1,7,4,2,0,0.75,828330,828643,830547,CDPR_25031986
122,1,6,5,2,0,0.75,834196,834771,836946,CDPR_25031986
123,1,3,6,1,0,0.75,840230,840819,842663,CDPR_25031986
124,1,2,5,1,1,0.75,846213,846707,848346,CDPR_25031986
125,1,5,2,1,1,0.75,851879,852771,854979,CDPR_25031986
126,1,4,3,1,0,0.75,858262,858883,860995,CDPR_25031986
127,1,7,2,1,0,0.75,864145,865155,866962,CDPR_25031986
128,1,7,5,1,1,0.75,870312,871171,873395,CDPR_25031986
1,0,6,6,2,1,0.15,10516,12197,14699,CEAS_23071992
2,0,6,3,1,0,0.15,18165,19013,21115,CEAS_23071992
3,0,8,2,2,0,0.15,24982,27189,29365,CEAS_23071992
4,0,6,7,2,1,0.15,32598,33365,35181,CEAS_23071992
5,0,2,8,2,1,0.15,38981,39637,42114,CEAS_23071992
6,0,4,7,2,1,0.15,45981,46741,49247,CEAS_23071992
7,0,6,5,1,1,0.15,53297,54213,55797,CEAS_23071992
8,0,3,3,2,0,0.15,59814,62821,65163,CEAS_23071992
9,0,4,8,2,1,0.15,68297,68933,71030,CEAS_23071992
10,0,5,7,2,0,0.15,74830,75413,77763,CEAS_23071992
11,0,4,7,1,0,0.15,81113,81989,84129,CEAS_23071992
12,0,7,2,1,0,0.15,87196,88501,90879,CEAS_23071992
13,0,5,2,2,1,0.15,94296,94725,96345,CEAS_23071992
14,0,5,6,2,1,0.15,100179,101685,103362,CEAS_23071992
15,0,4,8,2,1,0.15,106545,107029,109428,CEAS_23071992
16,0,7,5,2,0,0.15,113028,114164,116361,CEAS_23071992
17,1,2,8,2,1,0.85,119978,121700,123261,CEAS_23071992
18,1,7,2,1,1,0.85,126594,129444,131227,CEAS_23071992
19,1,8,8,1,1,0.85,134477,136356,138560,CEAS_23071992
20,1,4,6,1,0,0.85,142060,143812,146093,CEAS_23071992
21,1,3,4,1,1,0.85,150043,151188,153593,CEAS_23071992
22,1,4,2,1,1,0.85,157526,158036,159993,CEAS_23071992
23,1,3,4,2,0,0.85,163309,166724,168376,CEAS_23071992
24,1,5,8,1,1,0.85,171976,172420,174009,CEAS_23071992
25,1,3,8,1,1,0.85,177525,181076,182675,CEAS_23071992
26,1,6,3,1,1,0.85,185792,186452,188958,CEAS_23071992
27,1,5,3,1,1,0.85,192608,193572,195291,CEAS_23071992
28,1,8,7,1,0,0.85,198924,199668,201708,CEAS_23071992
29,1,3,8,1,0,0.85,205574,208868,211324,CEAS_23071992
30,0,3,6,2,0,0.85,225957,227396,229673,CEAS_23071992
31,0,4,6,1,1,0.85,233690,234708,236456,CEAS_23071992
32,0,2,4,1,1,0.85,239656,241300,243823,CEAS_23071992
33,0,5,3,1,1,0.85,247722,248420,250456,CEAS_23071992
34,0,7,8,1,1,0.85,254239,254787,256939,CEAS_23071992
35,0,4,4,1,1,0.85,260939,261923,264172,CEAS_23071992
36,0,7,3,1,1,0.85,268038,268819,270538,CEAS_23071992
37,0,4,4,1,1,0.85,273921,274867,276405,CEAS_23071992
38,0,4,4,1,1,0.85,280188,280707,282938,CEAS_23071992
39,0,5,8,1,1,0.85,286771,287139,289071,CEAS_23071992
40,0,3,2,1,1,0.85,292921,293619,296104,CEAS_23071992
41,0,8,7,1,1,0.85,299554,300803,302337,CEAS_23071992
42,0,8,2,1,1,0.85,305403,305827,307670,CEAS_23071992
43,0,5,4,1,0,0.85,310786,311459,313703,CEAS_23071992
44,0,5,2,1,1,0.85,317353,317827,319803,CEAS_23071992
45,0,3,7,1,0,0.85,323619,324051,326519,CEAS_23071992
46,1,7,8,1,0,0.15,330252,330739,333086,CEAS_23071992
47,1,8,3,2,1,0.15,336202,338851,340402,CEAS_23071992
48,1,4,4,2,1,0.15,343652,345491,347668,CEAS_23071992
49,1,8,2,2,1,0.15,350785,351459,353301,CEAS_23071992
50,1,4,5,2,1,0.15,357168,357731,359268,CEAS_23071992
51,1,4,3,2,1,0.15,362501,362963,364651,CEAS_23071992
52,1,6,7,2,1,0.15,368417,369123,371534,CEAS_23071992
53,1,2,4,2,1,0.15,375167,375507,377117,CEAS_23071992
54,1,4,8,2,1,0.15,381167,381683,383550,CEAS_23071992
55,1,2,4,2,1,0.15,387050,387507,389666,CEAS_23071992
56,1,2,5,2,1,0.15,393516,394259,395850,CEAS_23071992
57,1,7,8,2,1,0.15,399183,399571,401316,CEAS_23071992
58,1,8,6,2,1,0.15,405332,407219,409116,CEAS_23071992
59,1,4,5,2,1,0.15,412399,414802,416349,CEAS_23071992
60,0,8,2,1,1,0.75,431115,434194,436581,CEAS_23071992
61,0,5,6,1,1,0.75,440148,441330,442964,CEAS_23071992
62,0,4,6,1,1,0.75,446731,447746,449547,CEAS_23071992
63,0,4,4,1,1,0.75,453414,454338,455964,CEAS_23071992
64,0,3,8,1,1,0.75,459714,462626,464630,CEAS_23071992
65,0,6,3,1,0,0.75,467747,468386,470646,CEAS_23071992
66,0,5,7,1,1,0.75,474013,474354,476729,CEAS_23071992
67,0,8,7,1,1,0.75,480429,480786,482596,CEAS_23071992
68,0,5,3,1,1,0.75,485829,486162,488512,CEAS_23071992
69,0,5,7,1,1,0.75,492312,492770,494495,CEAS_23071992
70,0,2,8,1,1,0.75,498295,499026,500612,CEAS_23071992
71,0,6,8,1,0,0.75,504595,505154,507495,CEAS_23071992
72,0,3,4,1,1,0.75,511011,511330,513628,CEAS_23071992
73,0,5,7,1,1,0.75,517028,517314,519711,CEAS_23071992
74,0,6,8,1,0,0.75,522911,523250,525261,CEAS_23071992
75,0,2,6,1,1,0.75,528727,529090,531261,CEAS_23071992
76,0,4,8,1,1,0.75,534444,534786,537194,CEAS_23071992
77,1,4,6,1,0,0.25,540260,540754,543210,CEAS_23071992
78,1,8,6,1,1,0.25,546710,547010,549493,CEAS_23071992
79,1,8,4,1,0,0.25,553426,553794,556259,CEAS_23071992
80,1,7,7,1,1,0.25,559643,560418,562359,CEAS_23071992
81,1,6,6,2,1,0.25,566359,566737,568859,CEAS_23071992
82,1,7,8,1,0,0.25,572759,573249,575659,CEAS_23071992
83,1,8,8,2,1,0.25,578742,579121,580858,CEAS_23071992
84,1,7,8,2,0,0.25,584642,584993,586741,CEAS_23071992
85,1,4,6,2,1,0.25,590708,591073,593541,CEAS_23071992
86,1,7,5,2,1,0.25,597058,597985,599941,CEAS_23071992
87,1,4,3,2,0,0.25,603341,604289,606341,CEAS_23071992
88,1,5,2,2,0,0.25,609474,609825,611407,CEAS_23071992
89,1,5,4,1,0,0.25,615440,615761,618057,CEAS_23071992
90,0,5,6,2,1,0.25,632306,633521,635323,CEAS_23071992
91,0,2,3,2,1,0.25,638973,639681,641906,CEAS_23071992
92,0,8,4,2,1,0.25,645739,647361,649306,CEAS_23071992
93,0,5,8,2,0,0.25,652955,653361,655172,CEAS_23071992
94,0,3,5,2,0,0.25,658338,659121,661238,CEAS_23071992
95,0,6,4,1,0,0.25,665221,666049,668505,CEAS_23071992
96,0,8,3,2,1,0.25,672288,672561,674388,CEAS_23071992
97,0,5,6,2,1,0.25,678388,678785,680721,CEAS_23071992
98,0,3,5,2,0,0.25,684004,684449,686854,CEAS_23071992
99,0,3,4,1,1,0.25,690904,693456,695820,CEAS_23071992
100,0,2,3,1,0,0.25,699037,699345,701020,CEAS_23071992
101,0,2,2,1,0,0.25,704986,705313,707520,CEAS_23071992
102,0,7,3,2,1,0.25,710703,711008,712886,CEAS_23071992
103,0,3,7,1,0,0.25,716669,717040,719436,CEAS_23071992
104,0,4,7,2,1,0.25,722919,724128,726552,CEAS_23071992
105,0,3,2,2,1,0.25,730202,734688,736335,CEAS_23071992
106,0,7,6,2,1,0.25,739502,740096,741702,CEAS_23071992
107,0,6,8,2,0,0.25,744851,745136,746835,CEAS_23071992
108,0,4,2,2,1,0.25,750101,750720,752435,CEAS_23071992
109,1,8,6,2,0,0.75,756284,756848,758918,CEAS_23071992
110,1,8,6,2,0,0.75,762834,763376,765451,CEAS_23071992
111,1,3,8,2,0,0.75,768700,768960,770917,CEAS_23071992
112,1,3,5,1,1,0.75,774734,775168,777450,CEAS_23071992
113,1,7,2,1,0,0.75,781333,782128,783983,CEAS_23071992
114,1,3,5,2,0,0.75,787250,787824,789366,CEAS_23071992
115,1,3,5,1,0,0.75,793083,793936,796116,CEAS_23071992
116,1,3,4,1,0,0.75,799366,799808,802332,CEAS_23071992
117,1,4,7,2,1,0.75,805516,806368,808315,CEAS_23071992
118,1,7,6,2,0,0.75,812182,812496,814699,CEAS_23071992
119,1,3,6,2,0,0.75,818498,818592,821048,CEAS_23071992
120,1,8,2,2,0,0.75,824798,825184,826798,CEAS_23071992
121,1,6,7,1,1,0.75,830748,831712,833698,CEAS_23071992
1,1,8,8,2,0,0.75,3083,3619,5383,CEBT_30091989
2,1,2,5,1,1,0.75,9099,9635,11349,CEBT_30091989
3,1,3,6,1,1,0.75,14766,15123,16682,CEBT_30091989
4,1,2,3,1,1,0.75,20365,20723,23232,CEBT_30091989
5,1,3,7,1,1,0.75,26848,27283,29365,CEBT_30091989
6,1,8,6,1,0,0.75,33065,33699,35448,CEBT_30091989
7,1,5,2,2,0,0.75,39464,40899,43214,CEBT_30091989
8,1,6,3,1,1,0.75,46431,47235,49447,CEBT_30091989
9,1,4,6,1,0,0.75,53081,53411,55130,CEBT_30091989
10,1,3,8,1,1,0.75,58214,59539,61680,CEBT_30091989
11,1,3,4,1,1,0.75,65597,65939,68430,CEBT_30091989
12,1,8,7,2,0,0.75,72496,72947,74980,CEBT_30091989
13,1,8,7,1,1,0.75,78913,79203,80829,CEBT_30091989
14,1,3,7,1,0,0.75,84596,84963,87112,CEBT_30091989
15,1,4,8,1,1,0.75,90529,91074,92612,CEBT_30091989
16,1,4,4,1,1,0.75,96512,97106,99379,CEBT_30091989
17,1,2,3,1,1,0.75,103262,103650,105912,CEBT_30091989
18,1,3,3,1,1,0.75,109761,110354,112445,CEBT_30091989
19,1,5,3,1,1,0.75,115744,117570,119444,CEBT_30091989
20,0,2,7,1,0,0.25,122944,123554,126044,CEBT_30091989
21,0,5,4,1,0,0.25,129361,135826,137977,CEBT_30091989
22,0,7,2,1,1,0.25,141610,142594,144710,CEBT_30091989
23,0,6,5,1,0,0.25,148743,149090,150960,CEBT_30091989
24,0,4,8,1,0,0.25,154093,154530,156426,CEBT_30091989
25,0,5,7,2,1,0.25,159993,160578,162976,CEBT_30091989
26,0,2,6,2,1,0.25,166709,166786,168959,CEBT_30091989
27,0,2,4,2,0,0.25,172892,173618,175709,CEBT_30091989
28,0,2,6,2,1,0.25,179242,181522,183775,CEBT_30091989
29,0,8,3,2,1,0.25,187158,190834,192808,CEBT_30091989
30,0,4,2,2,1,0.25,196624,197426,199791,CEBT_30091989
31,0,3,5,2,1,0.25,203491,204146,206524,CEBT_30091989
32,0,2,3,2,1,0.25,209757,213953,215957,CEBT_30091989
33,0,8,2,2,1,0.25,219307,219985,222440,CEBT_30091989
34,0,2,3,1,1,0.85,231339,235329,237006,CEBT_30091989
35,0,6,4,1,1,0.85,240522,240993,242689,CEBT_30091989
36,0,7,5,1,1,0.85,246322,246737,248989,CEBT_30091989
37,0,4,7,1,1,0.85,252739,253377,255138,CEBT_30091989
38,0,7,7,1,1,0.85,259122,259905,262321,CEBT_30091989
39,0,2,7,1,1,0.85,265371,270913,272888,CEBT_30091989
40,0,4,4,1,0,0.85,276704,277185,279204,CEBT_30091989
41,0,8,6,2,0,0.85,282237,282881,285320,CEBT_30091989
42,0,8,4,1,1,0.85,289054,289361,291437,CEBT_30091989
43,0,4,5,1,1,0.85,294787,295377,297170,CEBT_30091989
44,0,3,7,1,1,0.85,300920,303393,305286,CEBT_30091989
45,0,7,3,1,1,0.85,308403,309105,311119,CEBT_30091989
46,0,6,7,1,0,0.85,314769,318273,320452,CEBT_30091989
47,0,7,6,1,1,0.85,324402,324817,326585,CEBT_30091989
48,0,3,3,1,1,0.85,330435,330641,333135,CEBT_30091989
49,0,5,4,1,1,0.85,337102,340481,342785,CEBT_30091989
50,1,2,5,1,0,0.15,346301,346752,348468,CEBT_30091989
51,1,7,8,1,0,0.15,351901,353088,354867,CEBT_30091989
52,1,4,2,1,1,0.15,358334,358704,361000,CEBT_30091989
53,1,8,8,1,0,0.15,364467,364944,366534,CEBT_30091989
54,1,8,5,1,0,0.15,369617,370368,372250,CEBT_30091989
55,1,4,3,2,0,0.15,375483,376048,378366,CEBT_30091989
56,1,6,5,1,0,0.15,382066,386544,388266,CEBT_30091989
57,1,7,4,2,1,0.15,392249,392848,395282,CEBT_30091989
58,1,5,3,2,1,0.15,398449,400992,403365,CEBT_30091989
59,1,4,4,2,1,0.15,406415,408352,410348,CEBT_30091989
60,1,8,5,2,1,0.15,413948,414688,416315,CEBT_30091989
61,1,5,6,2,1,0.15,419848,421344,423864,CEBT_30091989
62,1,2,3,1,0,0.15,427498,430320,432214,CEBT_30091989
63,1,4,7,2,1,0.15,436247,436704,438330,CEBT_30091989
64,1,2,5,2,1,0.15,442030,442512,444797,CEBT_30091989
65,0,4,5,2,1,0.75,453363,454208,456230,CEBT_30091989
66,0,6,7,1,0,0.75,459280,459664,461396,CEBT_30091989
67,0,7,7,2,0,0.75,464863,465375,467563,CEBT_30091989
68,0,3,3,2,1,0.75,471196,471983,473729,CEBT_30091989
69,0,5,5,2,0,0.75,477529,482607,485078,CEBT_30091989
70,0,5,3,1,1,0.75,488112,488655,490845,CEBT_30091989
71,0,7,8,1,0,0.75,494111,494799,497128,CEBT_30091989
72,0,8,5,1,1,0.75,500644,502911,505294,CEBT_30091989
73,0,7,5,1,1,0.75,508444,510383,512211,CEBT_30091989
74,0,2,8,1,0,0.75,515277,520351,522160,CEBT_30091989
75,0,7,6,2,0,0.75,525343,525823,528243,CEBT_30091989
76,0,3,6,1,1,0.75,532176,532895,534810,CEBT_30091989
77,0,8,3,2,0,0.75,538243,538671,540709,CEBT_30091989
78,0,4,2,2,0,0.75,544409,548255,550526,CEBT_30091989
79,0,5,7,1,1,0.75,554009,554639,556225,CEBT_30091989
80,0,5,2,1,0,0.75,560225,560703,562708,CEBT_30091989
81,0,6,6,1,1,0.75,565758,566383,568208,CEBT_30091989
82,1,4,5,1,1,0.25,571975,575119,577074,CEBT_30091989
83,1,6,7,1,0,0.25,580674,581231,583674,CEBT_30091989
84,1,4,6,2,1,0.25,587424,587439,589657,CEBT_30091989
85,1,5,4,1,0,0.25,593224,596206,598257,CEBT_30091989
86,1,8,5,1,1,0.25,601340,608302,610790,CEBT_30091989
87,1,7,4,1,0,0.25,614739,615310,617739,CEBT_30091989
88,1,2,4,1,1,0.25,621623,622190,624439,CEBT_30091989
89,1,6,5,1,0,0.25,628289,629038,631472,CEBT_30091989
90,1,2,2,1,0,0.25,635005,635806,637738,CEBT_30091989
91,1,7,2,1,0,0.25,641488,647774,649555,CEBT_30091989
92,1,6,6,2,1,0.25,652954,653342,654954,CEBT_30091989
93,1,2,5,2,1,0.25,658938,659358,661237,CEBT_30091989
94,1,7,5,2,0,0.25,664621,666046,667621,CEBT_30091989
95,1,6,5,2,0,0.25,671270,675246,676920,CEBT_30091989
96,1,7,7,1,1,0.25,680820,681438,683470,CEBT_30091989
97,1,6,4,1,0,0.25,687053,690126,691986,CEBT_30091989
98,1,6,3,2,1,0.25,695619,696430,698919,CEBT_30091989
99,0,8,5,2,1,0.15,706669,706702,709119,CEBT_30091989
100,0,8,7,2,1,0.15,713052,713502,715168,CEBT_30091989
101,0,8,4,2,1,0.15,718685,719069,721218,CEBT_30091989
102,0,5,3,2,1,0.15,724768,726045,728218,CEBT_30091989
103,0,7,3,2,1,0.15,731384,732061,734101,CEBT_30091989
104,0,7,5,2,1,0.15,737617,738157,740301,CEBT_30091989
105,0,8,6,2,1,0.15,744034,747357,749017,CEBT_30091989
106,0,4,5,2,1,0.15,752900,753565,755833,CEBT_30091989
107,0,3,6,2,1,0.15,759300,764189,766483,CEBT_30091989
108,0,2,2,2,0,0.15,769933,770493,772516,CEBT_30091989
109,0,4,7,2,1,0.15,775966,776877,778499,CEBT_30091989
110,0,5,3,2,1,0.15,782382,782957,785115,CEBT_30091989
111,0,5,6,2,1,0.15,788849,790653,792598,CEBT_30091989
112,0,6,5,2,1,0.15,796365,800957,802981,CEBT_30091989
113,0,7,8,2,1,0.15,806481,810941,812748,CEBT_30091989
114,0,5,4,2,1,0.15,816397,816909,818997,CEBT_30091989
115,0,2,3,2,1,0.15,822764,828109,829680,CEBT_30091989
116,1,2,4,2,0,0.85,833530,834029,836180,CEBT_30091989
117,1,6,2,2,0,0.85,839880,840333,842246,CEBT_30091989
118,1,5,4,2,0,0.85,845313,849996,851729,CEBT_30091989
119,1,6,4,1,0,0.85,855379,855644,857512,CEBT_30091989
120,1,5,8,2,0,0.85,860845,861324,863579,CEBT_30091989
121,1,5,8,1,1,0.85,867528,867884,869695,CEBT_30091989
122,1,2,3,1,1,0.85,872845,873404,875195,CEBT_30091989
123,1,3,5,1,1,0.85,878495,878972,881278,CEBT_30091989
124,1,2,2,1,1,0.85,884578,885020,887461,CEBT_30091989
125,1,8,4,1,1,0.85,890711,891100,893261,CEBT_30091989
126,1,2,7,1,1,0.85,896311,896748,899260,CEBT_30091989
127,1,4,4,2,0,0.85,902744,904140,906577,CEBT_30091989
1,1,8,4,1,1,0.75,7416,8376,10032,CECC_06081986
2,1,4,4,1,1,0.75,13549,13880,16082,CECC_06081986
3,1,2,4,1,1,0.75,19949,20600,22132,CECC_06081986
4,1,2,2,1,1,0.75,25932,26600,28748,CECC_06081986
5,1,5,5,1,1,0.75,31865,32600,34665,CECC_06081986
6,1,4,2,1,1,0.75,37748,38232,40448,CECC_06081986
7,1,8,7,1,0,0.75,44364,45255,47114,CECC_06081986
8,1,2,8,1,1,0.75,50231,50711,52314,CECC_06081986
9,1,8,2,1,1,0.75,56180,58391,60064,CECC_06081986
10,1,5,6,1,1,0.75,63563,64055,66030,CECC_06081986
11,1,8,2,1,1,0.75,69430,70679,72463,CECC_06081986
12,1,8,2,1,1,0.75,76380,77639,79829,CECC_06081986
13,1,5,7,1,1,0.75,83813,87687,89512,CECC_06081986
14,1,5,7,1,1,0.75,93429,94503,96479,CECC_06081986
15,1,6,5,1,1,0.75,100129,101543,103545,CECC_06081986
16,1,5,2,1,1,0.75,107012,109367,110945,CECC_06081986
17,0,7,5,1,1,0.25,114778,116439,118594,CECC_06081986
18,0,8,2,1,0,0.25,121744,123655,125327,CECC_06081986
19,0,4,8,1,1,0.25,129177,130087,131744,CECC_06081986
20,0,6,3,1,1,0.25,135410,136151,138260,CECC_06081986
21,0,7,5,1,0,0.25,141510,142295,144610,CECC_06081986
22,0,7,8,2,1,0.25,148493,149255,151610,CECC_06081986
23,0,6,4,2,0,0.25,155393,156359,158126,CECC_06081986
24,0,5,6,2,1,0.25,161576,162151,163976,CECC_06081986
25,0,5,7,2,1,0.25,167009,167559,169209,CECC_06081986
26,0,3,5,2,1,0.25,173109,173815,176075,CECC_06081986
27,0,4,5,2,0,0.25,179758,180359,181992,CECC_06081986
28,0,2,7,2,1,0.25,185841,186518,188508,CECC_06081986
29,1,4,8,2,1,0.25,200874,202918,204891,CECC_06081986
30,1,7,4,2,1,0.25,208057,209366,211857,CECC_06081986
31,1,7,3,2,1,0.25,215440,216230,218423,CECC_06081986
32,1,2,5,2,1,0.25,222323,223542,225123,CECC_06081986
33,1,8,6,2,0,0.25,228406,229414,231856,CECC_06081986
34,1,2,5,2,0,0.25,235706,236790,238889,CECC_06081986
35,1,3,7,1,1,0.25,242106,244230,246072,CECC_06081986
36,1,3,6,1,0,0.25,249872,251398,253539,CECC_06081986
37,1,2,6,1,0,0.25,256888,257990,260222,CECC_06081986
38,1,3,5,2,1,0.25,263955,264630,266705,CECC_06081986
39,1,4,4,2,1,0.25,270554,271430,273838,CECC_06081986
40,1,3,4,2,1,0.25,277171,278614,281054,CECC_06081986
41,1,2,8,2,1,0.25,284854,287110,289120,CECC_06081986
42,1,5,8,2,1,0.25,293153,294678,296653,CECC_06081986
43,1,5,7,2,1,0.25,300237,302726,304303,CECC_06081986
44,1,7,8,2,1,0.25,307803,309494,311786,CECC_06081986
45,0,2,2,2,1,0.75,315302,316694,318719,CECC_06081986
46,0,5,6,2,1,0.75,322086,322837,324435,CECC_06081986
47,0,8,2,2,0,0.75,328119,329557,331735,CECC_06081986
48,0,7,2,2,0,0.75,335235,335989,338085,CECC_06081986
49,0,7,7,1,1,0.75,341868,343445,345435,CECC_06081986
50,0,2,8,1,1,0.75,349068,350293,352151,CECC_06081986
51,0,6,8,1,0,0.75,355251,356325,358001,CECC_06081986
52,0,8,3,2,0,0.75,361934,364837,366767,CECC_06081986
53,0,5,3,1,1,0.75,370183,370677,372733,CECC_06081986
54,0,5,4,1,1,0.75,376367,377029,378783,CECC_06081986
55,0,4,4,1,1,0.75,382500,383381,385816,CECC_06081986
56,0,4,7,1,1,0.75,389433,390981,393232,CECC_06081986
57,0,8,4,1,0,0.85,405065,407829,409815,CECC_06081986
58,0,7,5,2,0,0.85,413765,414437,416531,CECC_06081986
59,0,4,7,2,0,0.85,420531,421285,423748,CECC_06081986
60,0,8,6,1,1,0.85,427414,427861,429814,CECC_06081986
61,0,8,3,1,1,0.85,433514,434021,436314,CECC_06081986
62,0,6,4,1,1,0.85,439380,440597,443114,CECC_06081986
63,0,2,4,1,1,0.85,446313,447189,449663,CECC_06081986
64,0,8,4,1,1,0.85,453463,454645,456563,CECC_06081986
65,0,6,8,1,1,0.85,460313,461221,463463,CECC_06081986
66,0,8,3,1,1,0.85,466813,468916,470846,CECC_06081986
67,0,7,2,1,1,0.85,474696,477508,479529,CECC_06081986
68,0,8,7,1,1,0.85,482779,485156,487278,CECC_06081986
69,0,4,6,1,0,0.85,491262,493396,495711,CECC_06081986
70,0,8,4,2,0,0.85,499261,500308,501861,CECC_06081986
71,0,5,7,2,0,0.85,505894,506596,508994,CECC_06081986
72,0,4,5,1,1,0.85,512344,512996,515460,CECC_06081986
73,0,8,6,1,1,0.85,518727,519524,521094,CECC_06081986
74,0,5,7,1,1,0.85,524843,525844,527910,CECC_06081986
75,0,8,4,1,1,0.85,531893,532932,534810,CECC_06081986
76,0,5,3,1,1,0.85,538143,544772,547159,CECC_06081986
77,0,8,5,1,1,0.85,550492,554164,555825,CECC_06081986
78,0,3,5,1,1,0.85,559175,561140,563342,CECC_06081986
79,1,8,3,1,0,0.15,566992,571828,574008,CECC_06081986
80,1,4,5,1,0,0.15,577724,578340,580541,CECC_06081986
81,1,4,8,2,1,0.15,583824,584820,586807,CECC_06081986
82,1,6,6,2,1,0.15,589907,592388,594574,CECC_06081986
83,1,8,3,2,1,0.15,598507,600644,602807,CECC_06081986
84,1,7,4,2,1,0.15,605923,608915,610490,CECC_06081986
85,1,5,4,2,1,0.15,613623,615795,617589,CECC_06081986
86,1,4,8,2,1,0.15,621523,624515,626689,CECC_06081986
87,1,7,2,2,0,0.15,629872,633235,635105,CECC_06081986
88,1,6,4,2,1,0.15,638872,639571,641272,CECC_06081986
89,1,4,6,2,1,0.15,645055,647603,649238,CECC_06081986
90,1,8,8,2,0,0.15,653238,655587,657271,CECC_06081986
91,0,5,2,1,0,0.15,668737,671091,673487,CECC_06081986
92,0,6,5,1,0,0.15,676687,677427,679003,CECC_06081986
93,0,3,4,2,1,0.15,682087,682355,684803,CECC_06081986
94,0,7,6,2,1,0.15,687986,691683,693969,CECC_06081986
95,0,5,5,2,1,0.15,697086,699347,701669,CECC_06081986
96,0,8,6,2,0,0.15,705052,706963,709019,CECC_06081986
97,0,2,7,2,1,0.15,712935,714419,716302,CECC_06081986
98,0,4,7,2,1,0.15,720285,722467,724018,CECC_06081986
99,0,7,8,2,1,0.15,728001,729843,731768,CECC_06081986
100,0,5,6,2,1,0.15,735601,737619,739601,CECC_06081986
101,0,3,6,2,1,0.15,742851,745875,747950,CECC_06081986
102,0,2,8,2,1,0.15,751850,754770,756367,CECC_06081986
103,0,5,6,2,1,0.15,760117,760914,762883,CECC_06081986
104,0,2,7,2,1,0.15,766233,768114,769833,CECC_06081986
105,0,4,6,2,0,0.15,773216,774706,776866,CECC_06081986
106,0,5,7,2,0,0.15,780616,781842,783465,CECC_06081986
107,0,4,7,1,0,0.15,786915,787474,789832,CECC_06081986
108,1,2,8,1,1,0.85,793515,793986,796298,CECC_06081986
109,1,2,3,1,1,0.85,800081,800626,802381,CECC_06081986
110,1,7,5,1,0,0.85,805898,806674,808531,CECC_06081986
111,1,5,4,1,0,0.85,812181,812610,814797,CECC_06081986
112,1,2,5,1,1,0.85,818397,818898,820681,CECC_06081986
113,1,6,3,1,1,0.85,824330,825298,827197,CECC_06081986
114,1,4,8,1,1,0.85,830880,832130,834147,CECC_06081986
115,1,5,3,1,1,0.85,837196,838834,840963,CECC_06081986
116,1,7,2,1,1,0.85,844013,845538,847779,CECC_06081986
117,1,3,4,1,1,0.85,851179,853058,855096,CECC_06081986
118,1,3,7,1,1,0.85,858512,859698,861812,CECC_06081986
119,1,5,6,1,0,0.85,864862,866898,869178,CECC_06081986
120,1,8,5,1,0,0.85,872662,873378,875445,CECC_06081986
121,1,3,6,2,0,0.85,878995,880114,881778,CECC_06081986
122,1,3,6,1,1,0.85,885044,885586,887711,CECC_06081986
1,1,3,8,1,0,0.75,4116,5275,7416,CEZM_26121994
2,1,6,5,1,1,0.75,10582,11355,13816,CEZM_26121994
3,1,5,2,1,1,0.75,16915,18283,19982,CEZM_26121994
4,1,5,8,1,1,0.75,23432,23931,26215,CEZM_26121994
5,1,2,6,1,1,0.75,30182,30523,32515,CEZM_26121994
6,1,3,6,1,0,0.75,36398,36778,38448,CEZM_26121994
7,1,5,4,2,1,0.75,41998,42394,44614,CEZM_26121994
8,1,3,4,1,1,0.75,47964,48986,51197,CEZM_26121994
9,1,6,4,1,1,0.75,55130,55786,57614,CEZM_26121994
10,1,5,6,1,0,0.75,61347,62106,64413,CEZM_26121994
11,1,8,2,2,0,0.75,67513,68410,70396,CEZM_26121994
12,1,5,2,1,1,0.75,73763,74858,77213,CEZM_26121994
13,1,3,8,1,1,0.75,80929,81370,82996,CEZM_26121994
14,1,2,4,2,0,0.75,86946,88138,90529,CEZM_26121994
15,1,2,2,1,1,0.75,94345,94938,96695,CEZM_26121994
16,1,6,2,1,1,0.75,100362,100922,102578,CEZM_26121994
17,0,8,2,1,0,0.25,105645,105978,107512,CEZM_26121994
18,0,6,7,2,0,0.25,111461,113178,115611,CEZM_26121994
19,0,5,2,2,1,0.25,119011,120474,122744,CEZM_26121994
20,0,6,6,2,1,0.25,126411,128522,130694,CEZM_26121994
21,0,3,6,1,0,0.25,133827,135018,137360,CEZM_26121994
22,0,5,8,1,1,0.25,141260,142346,144760,CEZM_26121994
23,0,5,3,2,1,0.25,148743,150426,152860,CEZM_26121994
24,0,2,6,1,0,0.25,156543,158202,160076,CEZM_26121994
25,0,2,3,1,1,0.25,163792,165674,167226,CEZM_26121994
26,0,6,4,1,0,0.25,170876,172074,174475,CEZM_26121994
27,0,8,5,2,1,0.25,177875,178297,180092,CEZM_26121994
28,0,8,6,2,1,0.25,184058,184793,187141,CEZM_26121994
29,0,6,7,2,1,0.15,197924,199705,202107,CEZM_26121994
30,0,4,4,2,1,0.15,205541,207241,209141,CEZM_26121994
31,0,4,7,1,0,0.15,212957,214073,216457,CEZM_26121994
32,0,4,2,2,1,0.15,219707,220729,222473,CEZM_26121994
33,0,7,4,2,1,0.15,225690,226201,227990,CEZM_26121994
34,0,5,4,2,1,0.15,231606,232265,233923,CEZM_26121994
35,0,7,3,2,1,0.15,237106,237401,239573,CEZM_26121994
36,0,4,7,2,1,0.15,243272,244233,246439,CEZM_26121994
37,0,7,8,1,0,0.15,249505,250921,253072,CEZM_26121994
38,0,7,6,2,1,0.15,256555,257689,259288,CEZM_26121994
39,0,7,8,2,1,0.15,262822,263577,265155,CEZM_26121994
40,0,7,7,2,1,0.15,268671,269497,271604,CEZM_26121994
41,0,2,4,2,1,0.15,275371,276041,278404,CEZM_26121994
42,0,4,3,2,1,0.15,282271,285097,287120,CEZM_26121994
43,0,7,5,2,1,0.15,291154,292009,294370,CEZM_26121994
44,0,7,3,2,1,0.15,298120,300009,301853,CEZM_26121994
45,0,4,8,2,1,0.15,305720,306377,307986,CEZM_26121994
46,0,8,7,2,1,0.15,311703,312473,314869,CEZM_26121994
47,1,6,5,2,1,0.85,318302,319288,321069,CEZM_26121994
48,1,5,7,2,0,0.85,324919,325912,328302,CEZM_26121994
49,1,4,3,1,1,0.85,332319,334264,336018,CEZM_26121994
50,1,2,4,1,1,0.85,339302,340744,343218,CEZM_26121994
51,1,5,2,1,1,0.85,347051,351768,353301,CEZM_26121994
52,1,5,6,1,1,0.85,357334,358360,360551,CEZM_26121994
53,1,7,6,1,0,0.85,363734,365176,367534,CEZM_26121994
54,1,6,6,2,0,0.85,371567,373240,375083,CEZM_26121994
55,1,8,5,1,1,0.85,378250,379944,382133,CEZM_26121994
56,1,6,5,1,1,0.85,386050,386904,388449,CEZM_26121994
57,1,6,3,1,1,0.85,392133,393576,395899,CEZM_26121994
58,1,8,4,1,1,0.85,399332,403048,404982,CEZM_26121994
59,1,8,6,1,1,0.85,408149,409656,412132,CEZM_26121994
60,1,4,5,1,1,0.85,415698,416216,418665,CEZM_26121994
61,1,3,4,1,0,0.85,422115,423320,425581,CEZM_26121994
62,1,4,2,2,1,0.85,428998,429704,431314,CEZM_26121994
63,0,3,8,2,0,0.85,441214,442488,444147,CEZM_26121994
64,0,5,3,1,1,0.85,448130,449432,451863,CEZM_26121994
65,0,8,7,1,1,0.85,455513,456503,458413,CEZM_26121994
66,0,8,5,1,1,0.85,462313,466167,468129,CEZM_26121994
67,0,4,5,1,1,0.85,471379,473383,475229,CEZM_26121994
68,0,3,7,1,0,0.85,478412,479127,480812,CEZM_26121994
69,0,2,2,2,0,0.85,484779,486855,489145,CEZM_26121994
70,0,8,4,1,1,0.85,492545,494087,495695,CEZM_26121994
71,0,2,8,1,0,0.85,499528,500071,501611,CEZM_26121994
72,0,6,7,1,1,0.85,504711,506567,508544,CEZM_26121994
73,0,5,5,2,0,0.85,511827,514023,516244,CEZM_26121994
74,0,3,7,1,0,0.85,519727,520455,522960,CEZM_26121994
75,0,6,2,1,1,0.85,526477,527287,529360,CEZM_26121994
76,0,2,3,1,1,0.85,533293,534167,535726,CEZM_26121994
77,0,5,4,1,1,0.85,539526,541207,543559,CEZM_26121994
78,0,2,2,2,0,0.85,547276,550535,552626,CEZM_26121994
79,0,7,5,1,0,0.85,556376,556887,558425,CEZM_26121994
80,0,3,7,1,1,0.85,562342,564343,566808,CEZM_26121994
81,0,2,6,1,1,0.85,570642,575143,577441,CEZM_26121994
82,0,7,6,1,1,0.85,580758,582151,584358,CEZM_26121994
83,0,4,2,1,1,0.85,587741,589911,592441,CEZM_26121994
84,1,2,5,1,0,0.15,596340,597111,598940,CEZM_26121994
85,1,4,2,1,0,0.15,602357,603494,605340,CEZM_26121994
86,1,7,8,2,1,0.15,608690,609574,612090,CEZM_26121994
87,1,7,5,1,0,0.15,615740,616166,618673,CEZM_26121994
88,1,6,6,2,1,0.15,621989,623238,625156,CEZM_26121994
89,1,8,8,2,0,0.15,629039,629526,631706,CEZM_26121994
90,1,8,5,1,0,0.15,635022,635558,637555,CEZM_26121994
91,1,8,4,2,1,0.15,640722,641174,643122,CEZM_26121994
92,1,6,5,2,1,0.15,646905,647878,650305,CEZM_26121994
93,1,3,7,2,1,0.15,653905,654678,656238,CEZM_26121994
94,1,6,7,2,0,0.15,659604,660902,662621,CEZM_26121994
95,1,5,3,1,0,0.15,665921,669142,671554,CEZM_26121994
96,1,7,5,2,0,0.15,674754,676454,678504,CEZM_26121994
97,1,6,2,1,0,0.25,685320,686278,688353,CEZM_26121994
98,1,8,4,1,0,0.25,691870,692870,694520,CEZM_26121994
99,1,5,3,2,0,0.25,698353,698342,700786,CEZM_26121994
100,1,2,4,2,1,0.25,704052,705734,707386,CEZM_26121994
101,1,3,2,2,0,0.25,711052,711958,713919,CEZM_26121994
102,1,3,6,1,0,0.25,717369,718822,720518,CEZM_26121994
103,1,7,3,2,1,0.25,724368,725206,726918,CEZM_26121994
104,1,4,6,2,1,0.25,730051,730950,732685,CEZM_26121994
105,1,4,8,2,1,0.25,736134,737254,739668,CEZM_26121994
106,1,5,6,2,1,0.25,743584,744469,746784,CEZM_26121994
107,1,4,8,2,1,0.25,750351,751013,752734,CEZM_26121994
108,1,7,2,2,1,0.25,756267,759029,761417,CEZM_26121994
109,1,4,7,1,1,0.25,765317,768773,770366,CEZM_26121994
110,1,4,3,1,0,0.25,773833,776981,778883,CEZM_26121994
111,1,4,7,2,1,0.25,782366,783077,785149,CEZM_26121994
112,1,8,2,2,1,0.25,789066,790501,792065,CEZM_26121994
113,1,6,8,2,1,0.25,795815,797061,799432,CEZM_26121994
114,1,7,4,2,1,0.25,803248,806565,808198,CEZM_26121994
115,0,8,2,2,0,0.75,811431,814277,816631,CEZM_26121994
116,0,6,4,2,0,0.75,819781,822933,824631,CEZM_26121994
117,0,2,6,1,1,0.75,828080,829445,831430,CEZM_26121994
118,0,7,4,1,1,0.75,834664,835813,837947,CEZM_26121994
119,0,4,5,1,1,0.75,841463,841797,844113,CEZM_26121994
120,0,8,5,1,0,0.75,847546,848421,850296,CEZM_26121994
121,0,7,2,2,1,0.75,854079,855541,857546,CEZM_26121994
122,0,7,2,2,0,0.75,861029,861893,864412,CEZM_26121994
123,0,2,4,1,1,0.75,867462,869333,871529,CEZM_26121994
124,0,4,2,1,0,0.75,875012,875493,877978,CEZM_26121994
125,0,5,7,2,1,0.75,881378,881764,883495,CEZM_26121994
126,0,5,7,2,1,0.75,887278,887620,890128,CEZM_26121994
127,0,5,7,2,1,0.75,893444,895348,897827,CEZM_26121994
128,0,5,8,2,0,0.75,901011,901556,903111,CEZM_26121994
129,0,3,7,1,0,0.75,906794,907604,910010,CEZM_26121994
1,1,4,7,2,1,0.75,6083,8471,10832,CFOI_23101987
2,1,2,3,2,0,0.75,14882,17447,19649,CFOI_23101987
3,1,8,5,1,0,0.75,22715,25015,26898,CFOI_23101987
4,1,4,5,2,0,0.75,30682,31751,34215,CFOI_23101987
5,1,7,3,1,0,0.75,37648,41495,43564,CFOI_23101987
6,1,6,5,1,1,0.75,46798,49543,51231,CFOI_23101987
7,1,7,4,1,1,0.75,54564,57639,59730,CFOI_23101987
8,1,6,3,1,1,0.75,62864,65111,67613,CFOI_23101987
9,1,5,6,1,0,0.75,71430,74487,76696,CFOI_23101987
10,1,5,2,1,1,0.75,80429,82151,84329,CFOI_23101987
11,1,7,3,1,1,0.75,88146,90087,92062,CFOI_23101987
12,1,8,8,1,1,0.75,95829,98263,100445,CFOI_23101987
13,1,2,3,1,0,0.75,103812,105431,107245,CFOI_23101987
14,1,2,5,1,1,0.75,110645,112439,114878,CFOI_23101987
15,1,4,6,1,1,0.75,118311,120215,122628,CFOI_23101987
16,1,5,4,1,1,0.75,126528,127975,130061,CFOI_23101987
17,1,6,8,1,1,0.75,133144,135031,136794,CFOI_23101987
18,1,6,6,1,0,0.75,140160,141462,143443,CFOI_23101987
19,1,8,7,1,1,0.75,147327,148246,149843,CFOI_23101987
20,1,7,3,1,1,0.75,153843,154694,156343,CFOI_23101987
21,1,6,2,1,0,0.75,159559,160614,162726,CFOI_23101987
22,0,5,8,2,0,0.25,166659,170086,171709,CFOI_23101987
23,0,8,4,1,0,0.25,175625,176598,178759,CFOI_23101987
24,0,5,7,2,1,0.25,182458,184790,186708,CFOI_23101987
25,0,6,4,2,0,0.25,190158,191478,193291,CFOI_23101987
26,0,4,2,2,1,0.25,196808,198326,200258,CFOI_23101987
27,0,3,8,2,1,0.25,203458,204806,207324,CFOI_23101987
28,0,7,7,2,1,0.25,211041,212902,214807,CFOI_23101987
29,0,3,3,2,0,0.25,217940,219174,221240,CFOI_23101987
30,0,5,2,2,1,0.25,224707,225702,227573,CFOI_23101987
31,0,3,6,2,1,0.25,231340,232134,234390,CFOI_23101987
32,0,6,3,2,1,0.25,237440,238406,240089,CFOI_23101987
33,0,2,2,2,1,0.25,243439,244758,246489,CFOI_23101987
34,0,5,8,2,1,0.25,250422,251830,253706,CFOI_23101987
35,0,5,8,2,1,0.15,267705,277318,279788,CFOI_23101987
36,0,2,4,2,1,0.15,283788,284726,286787,CFOI_23101987
37,0,6,4,2,1,0.15,290721,291637,293337,CFOI_23101987
38,0,2,2,2,1,0.15,296670,297973,299804,CFOI_23101987
39,0,7,6,2,1,0.15,303353,304261,306670,CFOI_23101987
40,0,6,8,2,1,0.15,310603,311733,313920,CFOI_23101987
41,0,2,8,2,0,0.15,317270,318245,320369,CFOI_23101987
42,0,6,4,2,1,0.15,324386,325349,327002,CFOI_23101987
43,0,7,4,2,1,0.15,330569,331157,333419,CFOI_23101987
44,0,2,5,2,1,0.15,337302,338085,339735,CFOI_23101987
45,0,5,5,2,1,0.15,343702,344533,346168,CFOI_23101987
46,0,2,6,2,1,0.15,349701,350773,352868,CFOI_23101987
47,0,4,2,2,1,0.15,356318,357365,359051,CFOI_23101987
48,0,5,2,2,1,0.15,362651,363493,365234,CFOI_23101987
49,0,2,2,2,1,0.15,368901,370133,372217,CFOI_23101987
50,0,6,3,2,1,0.15,375634,376997,379017,CFOI_23101987
51,0,2,3,2,1,0.15,382283,384725,386917,CFOI_23101987
52,1,8,6,2,0,0.85,390166,391621,393416,CFOI_23101987
53,1,5,3,2,0,0.85,397233,398245,399899,CFOI_23101987
54,1,6,4,1,1,0.85,403083,403861,405449,CFOI_23101987
55,1,5,4,1,1,0.85,408966,409973,412099,CFOI_23101987
56,1,2,2,1,1,0.85,415399,416485,418165,CFOI_23101987
57,1,8,5,1,0,0.85,421282,421989,423932,CFOI_23101987
58,1,4,2,1,1,0.85,427465,428405,429931,CFOI_23101987
59,1,2,8,1,1,0.85,433415,434372,436581,CFOI_23101987
60,1,5,2,1,1,0.85,440214,441524,443748,CFOI_23101987
61,1,3,2,1,1,0.85,447431,448500,450781,CFOI_23101987
62,1,7,4,1,1,0.85,454080,455268,457297,CFOI_23101987
63,1,5,3,1,1,0.85,461163,462548,464897,CFOI_23101987
64,1,5,7,1,1,0.85,468880,470580,472430,CFOI_23101987
65,0,4,2,1,1,0.75,486079,489972,491629,CFOI_23101987
66,0,8,5,1,1,0.75,495612,496756,498662,CFOI_23101987
67,0,8,2,1,1,0.75,501778,503044,504878,CFOI_23101987
68,0,3,5,1,0,0.75,508928,510580,512745,CFOI_23101987
69,0,2,6,1,1,0.75,516261,517364,518944,CFOI_23101987
70,0,3,5,1,1,0.75,522744,523860,526227,CFOI_23101987
71,0,6,5,1,1,0.75,530011,531236,533310,CFOI_23101987
72,0,2,6,1,1,0.75,537044,538148,540010,CFOI_23101987
73,0,6,5,1,0,0.75,543410,544628,546727,CFOI_23101987
74,0,5,5,1,0,0.75,550610,551684,553976,CFOI_23101987
75,0,4,4,2,1,0.75,557693,558356,560159,CFOI_23101987
76,0,8,4,2,0,0.75,564009,565044,567509,CFOI_23101987
77,0,7,3,2,0,0.75,570876,571812,574025,CFOI_23101987
78,0,5,4,1,1,0.75,577392,578100,580392,CFOI_23101987
79,0,7,8,1,1,0.75,584442,585555,587525,CFOI_23101987
80,0,4,8,1,0,0.75,591425,592979,594558,CFOI_23101987
81,0,2,8,1,0,0.75,598358,599411,600974,CFOI_23101987
82,0,7,6,2,1,0.75,604091,604787,606507,CFOI_23101987
83,1,5,3,2,1,0.25,609841,611011,612657,CFOI_23101987
84,1,6,6,2,0,0.25,616274,617251,619223,CFOI_23101987
85,1,5,5,2,1,0.25,622973,623827,625440,CFOI_23101987
86,1,4,3,2,0,0.25,629123,630931,633240,CFOI_23101987
87,1,2,6,2,0,0.25,636456,639491,641956,CFOI_23101987
88,1,6,8,1,0,0.25,645972,647219,649006,CFOI_23101987
89,1,8,6,1,1,0.25,652422,653523,655639,CFOI_23101987
90,1,3,8,1,0,0.25,659305,660819,662605,CFOI_23101987
91,1,7,5,1,0,0.25,666638,668483,670621,CFOI_23101987
92,1,6,5,2,1,0.25,674471,675043,676688,CFOI_23101987
93,1,7,3,2,0,0.25,680388,681651,683521,CFOI_23101987
94,1,6,5,2,1,0.25,687071,688723,690970,CFOI_23101987
95,1,8,7,2,1,0.25,695004,696547,698770,CFOI_23101987
96,1,8,5,2,1,0.25,702820,705043,706670,CFOI_23101987
97,1,4,8,2,1,0.25,710020,711619,714036,CFOI_23101987
98,1,3,2,2,1,0.25,717953,719939,721936,CFOI_23101987
99,1,8,7,2,1,0.25,725169,726995,728569,CFOI_23101987
100,1,2,6,2,0,0.15,742152,745746,747585,CFOI_23101987
101,1,6,4,1,0,0.15,750885,752146,754101,CFOI_23101987
102,1,5,4,1,0,0.15,757434,758914,761334,CFOI_23101987
103,1,6,4,1,0,0.15,765134,767378,769184,CFOI_23101987
104,1,2,2,2,1,0.15,773217,774370,776284,CFOI_23101987
105,1,4,8,2,0,0.15,780217,781346,783333,CFOI_23101987
106,1,2,8,2,1,0.15,786650,787666,789900,CFOI_23101987
107,1,7,4,2,1,0.15,793183,795186,796899,CFOI_23101987
108,1,2,8,2,1,0.15,800233,802642,804366,CFOI_23101987
109,1,8,8,2,0,0.15,807449,808866,810765,CFOI_23101987
110,1,8,2,2,1,0.15,814049,816066,818315,CFOI_23101987
111,1,2,6,2,1,0.15,821548,822962,825415,CFOI_23101987
112,1,4,8,2,1,0.15,828665,830242,832415,CFOI_23101987
113,1,5,2,2,1,0.15,836131,837858,839864,CFOI_23101987
114,1,6,8,2,1,0.15,843031,844466,846397,CFOI_23101987
115,1,6,8,2,1,0.15,850164,851298,853597,CFOI_23101987
116,1,2,7,2,1,0.15,857463,859106,861547,CFOI_23101987
117,1,6,6,2,1,0.15,864797,866738,869113,CFOI_23101987
118,0,4,2,2,0,0.85,872896,875826,877979,CFOI_23101987
119,0,8,8,2,0,0.85,881596,883249,885529,CFOI_23101987
120,0,3,4,2,0,0.85,889312,890593,892712,CFOI_23101987
121,0,8,7,1,1,0.85,896728,897905,899562,CFOI_23101987
122,0,6,6,1,1,0.85,903378,904721,906661,CFOI_23101987
123,0,3,6,1,1,0.85,910195,912657,914494,CFOI_23101987
124,0,6,6,1,1,0.85,918094,920529,922577,CFOI_23101987
125,0,2,8,1,1,0.85,925794,928529,930244,CFOI_23101987
126,0,8,5,1,1,0.85,933960,936097,938443,CFOI_23101987
127,0,4,6,1,1,0.85,942227,943793,945776,CFOI_23101987
128,0,3,3,1,1,0.85,949676,951521,953259,CFOI_23101987
129,0,2,6,1,1,0.85,956776,958865,961009,CFOI_23101987
130,0,6,4,1,1,0.85,964326,965713,967642,CFOI_23101987
131,0,7,3,1,1,0.85,971592,973169,975225,CFOI_23101987
1,1,6,4,2,0,0.75,11216,12413,14032,CFPL_08021984
2,1,6,8,1,1,0.75,17865,18333,20099,CFPL_08021984
3,1,2,5,1,1,0.75,23948,24621,26715,CFPL_08021984
4,1,6,4,1,1,0.75,30448,31069,32648,CFPL_08021984
5,1,2,7,1,1,0.75,36448,37053,38681,CFPL_08021984
6,1,6,3,1,1,0.75,42314,42909,44798,CFPL_08021984
7,1,2,4,1,1,0.75,48431,49069,51297,CFPL_08021984
8,1,7,6,1,0,0.75,54797,55437,57747,CFPL_08021984
9,1,2,6,1,1,0.75,61247,61869,63747,CFPL_08021984
10,1,5,5,1,0,0.75,67647,68492,70696,CFPL_08021984
11,1,4,3,1,1,0.75,74146,74748,76730,CFPL_08021984
12,1,5,8,1,1,0.75,80413,81020,83279,CFPL_08021984
13,1,7,6,1,1,0.75,86996,87612,89696,CFPL_08021984
14,1,7,6,1,1,0.75,93546,94220,96445,CFPL_08021984
15,1,7,2,1,1,0.75,99712,100444,102028,CFPL_08021984
16,1,6,4,1,0,0.75,105112,105740,107912,CFPL_08021984
17,0,4,7,1,0,0.25,111845,112476,114228,CFPL_08021984
18,0,3,8,2,1,0.25,118111,118524,120894,CFPL_08021984
19,0,4,7,2,1,0.25,124128,124812,126744,CFPL_08021984
20,0,6,4,2,1,0.25,130511,132156,134210,CFPL_08021984
21,0,7,6,2,1,0.25,137310,137772,139344,CFPL_08021984
22,0,4,2,2,1,0.25,142610,143260,145127,CFPL_08021984
23,0,2,3,2,0,0.25,148860,149356,151593,CFPL_08021984
24,0,6,4,2,1,0.25,155660,156412,158426,CFPL_08021984
25,0,4,5,2,0,0.25,162109,162764,165092,CFPL_08021984
26,0,3,8,1,0,0.25,168859,169964,171826,CFPL_08021984
27,0,6,2,2,1,0.25,174959,176556,178892,CFPL_08021984
28,0,8,8,2,1,0.25,182475,184364,186642,CFPL_08021984
29,0,7,3,2,1,0.25,190358,191196,193208,CFPL_08021984
30,0,8,2,2,0,0.25,196474,197180,199658,CFPL_08021984
31,0,6,5,2,1,0.25,203041,203772,206241,CFPL_08021984
32,0,5,5,2,1,0.25,209341,210715,212940,CFPL_08021984
33,0,5,5,2,1,0.25,216407,217147,218940,CFPL_08021984
34,0,4,3,2,0,0.25,222857,223355,224923,CFPL_08021984
35,1,2,4,1,0,0.25,234473,235707,237939,CFPL_08021984
36,1,4,3,2,1,0.25,241689,242091,243706,CFPL_08021984
37,1,7,3,2,1,0.25,246889,247403,249172,CFPL_08021984
38,1,6,6,2,0,0.25,252555,253003,254889,CFPL_08021984
39,1,4,5,2,1,0.25,258805,259563,261172,CFPL_08021984
40,1,3,3,2,1,0.25,264555,264971,266988,CFPL_08021984
41,1,5,5,2,0,0.25,270238,270891,272805,CFPL_08021984
42,1,6,7,1,0,0.25,276771,277387,279238,CFPL_08021984
43,1,2,7,2,1,0.25,283121,283499,285254,CFPL_08021984
44,1,5,8,2,1,0.25,288521,289227,291270,CFPL_08021984
45,1,7,2,2,1,0.25,295070,295675,298003,CFPL_08021984
46,1,4,4,2,1,0.25,301587,302027,304037,CFPL_08021984
47,1,4,3,2,0,0.25,308036,308715,310903,CFPL_08021984
48,1,6,5,1,0,0.25,314269,315131,317103,CFPL_08021984
49,1,2,4,2,1,0.25,320769,321403,323869,CFPL_08021984
50,1,7,5,2,1,0.25,327436,329035,331185,CFPL_08021984
51,1,6,4,2,1,0.25,334435,334875,336852,CFPL_08021984
52,1,7,4,2,0,0.25,340802,341371,343785,CFPL_08021984
53,0,7,8,2,1,0.75,347035,347611,349735,CFPL_08021984
54,0,2,4,2,0,0.75,353601,354266,356334,CFPL_08021984
55,0,8,4,1,1,0.75,359668,360090,361817,CFPL_08021984
56,0,8,6,1,0,0.75,365467,366426,368617,CFPL_08021984
57,0,7,2,2,0,0.75,372234,372570,375050,CFPL_08021984
58,0,8,6,2,1,0.75,378933,379498,381383,CFPL_08021984
59,0,8,7,2,0,0.75,385266,385882,387600,CFPL_08021984
60,0,8,6,2,0,0.75,391033,391386,393099,CFPL_08021984
61,0,4,4,1,1,0.75,396349,396938,398583,CFPL_08021984
62,0,5,6,1,0,0.75,402099,402794,404982,CFPL_08021984
63,0,7,4,2,1,0.75,408565,409082,410715,CFPL_08021984
64,0,5,2,2,0,0.75,413799,414154,415815,CFPL_08021984
65,1,4,8,1,1,0.85,424948,425850,428115,CFPL_08021984
66,1,7,4,1,1,0.85,431631,431978,434481,CFPL_08021984
67,1,8,2,1,0,0.85,438131,438666,440214,CFPL_08021984
68,1,6,8,1,1,0.85,443381,444970,447464,CFPL_08021984
69,1,3,4,1,0,0.85,451147,451498,453697,CFPL_08021984
70,1,4,8,2,0,0.85,457497,457866,460330,CFPL_08021984
71,1,4,7,1,0,0.85,463830,464282,466613,CFPL_08021984
72,1,5,5,1,1,0.85,469880,470202,472396,CFPL_08021984
73,1,8,4,2,0,0.85,475696,476122,478362,CFPL_08021984
74,1,4,7,1,1,0.85,482379,482778,484979,CFPL_08021984
75,1,8,3,1,1,0.85,488045,488506,490429,CFPL_08021984
76,1,7,2,1,1,0.85,494162,494650,497128,CFPL_08021984
77,1,7,8,1,1,0.85,500295,500762,502545,CFPL_08021984
78,1,8,8,1,1,0.85,506095,506409,508278,CFPL_08021984
79,1,3,7,1,1,0.85,512111,512745,514478,CFPL_08021984
80,1,3,8,1,0,0.85,517894,518633,520327,CFPL_08021984
81,0,5,5,2,0,0.15,524177,526121,527777,CFPL_08021984
82,0,7,2,1,0,0.15,531577,532185,534277,CFPL_08021984
83,0,2,2,1,0,0.15,537410,537769,539543,CFPL_08021984
84,0,5,5,2,1,0.15,543060,543401,545810,CFPL_08021984
85,0,5,8,2,1,0.15,549576,550697,553159,CFPL_08021984
86,0,2,7,2,1,0.15,556559,557065,558592,CFPL_08021984
87,0,7,6,2,1,0.15,562526,563065,565259,CFPL_08021984
88,0,7,2,2,1,0.15,568959,569625,571892,CFPL_08021984
89,0,3,2,2,1,0.15,575892,576345,578858,CFPL_08021984
90,0,2,8,2,0,0.15,582925,583353,585008,CFPL_08021984
91,0,7,7,1,0,0.15,588241,588713,590924,CFPL_08021984
92,0,2,8,2,1,0.15,594291,594713,596341,CFPL_08021984
93,0,3,8,2,1,0.15,600374,601129,603241,CFPL_08021984
94,0,6,2,2,1,0.15,606424,607321,609440,CFPL_08021984
95,0,3,7,2,1,0.15,613307,614153,615957,CFPL_08021984
96,1,8,3,2,1,0.15,624540,625817,628356,CFPL_08021984
97,1,6,7,2,1,0.15,632156,632761,634389,CFPL_08021984
98,1,7,3,2,0,0.15,637672,638569,640322,CFPL_08021984
99,1,6,8,1,0,0.15,644155,644824,646822,CFPL_08021984
100,1,7,3,2,1,0.15,650572,651017,653222,CFPL_08021984
101,1,6,6,2,1,0.15,656805,657336,659571,CFPL_08021984
102,1,5,5,2,1,0.15,662905,663544,665805,CFPL_08021984
103,1,6,5,2,0,0.15,669771,670424,672771,CFPL_08021984
104,1,2,4,2,1,0.15,676321,677368,679537,CFPL_08021984
105,1,3,3,2,1,0.15,682737,683944,686137,CFPL_08021984
106,1,8,7,2,1,0.15,689304,689960,692253,CFPL_08021984
107,1,6,8,2,0,0.15,696320,696808,698553,CFPL_08021984
108,1,4,2,1,0,0.15,702386,703896,705969,CFPL_08021984
109,1,6,3,2,1,0.15,709319,709880,711819,CFPL_08021984
110,1,5,7,2,1,0.15,715852,716824,719019,CFPL_08021984
111,1,4,8,2,1,0.15,722519,723672,725552,CFPL_08021984
112,1,6,3,2,1,0.15,729485,730360,732368,CFPL_08021984
113,0,5,4,2,0,0.85,736285,736792,738735,CFPL_08021984
114,0,2,2,1,1,0.85,742685,743128,745368,CFPL_08021984
115,0,3,7,1,0,0.85,748451,749240,750984,CFPL_08021984
116,0,5,2,2,0,0.85,754017,755432,757767,CFPL_08021984
117,0,4,8,2,0,0.85,761700,762216,763817,CFPL_08021984
118,0,3,6,1,1,0.85,767600,768280,770267,CFPL_08021984
119,0,7,4,1,1,0.85,773733,774360,776250,CFPL_08021984
120,0,8,7,1,1,0.85,779483,780280,782083,CFPL_08021984
121,0,2,4,1,1,0.85,786133,786600,788283,CFPL_08021984
122,0,8,7,1,1,0.85,791749,792152,794666,CFPL_08021984
123,0,2,5,1,1,0.85,798582,799287,801265,CFPL_08021984
124,0,4,3,1,1,0.85,805265,806023,808198,CFPL_08021984
125,0,4,5,1,1,0.85,811315,812247,813965,CFPL_08021984
126,0,3,7,1,1,0.85,817731,818423,820531,CFPL_08021984
127,0,4,8,1,1,0.85,823964,824615,827131,CFPL_08021984
1,0,2,5,1,1,0.85,8716,9360,11816,CJGV_24021957
2,0,5,6,1,1,0.85,15265,15728,17715,CJGV_24021957
3,0,5,5,1,1,0.85,21515,21904,23532,CJGV_24021957
4,0,2,2,1,1,0.85,26898,27280,28915,CJGV_24021957
5,0,4,3,1,1,0.85,31965,32336,34481,CJGV_24021957
6,0,7,3,1,1,0.85,37665,38048,40198,CJGV_24021957
7,0,3,5,1,1,0.85,43781,44192,46681,CJGV_24021957
8,0,2,3,1,1,0.85,50647,51104,53247,CJGV_24021957
9,0,8,8,1,1,0.85,56380,57008,58647,CJGV_24021957
10,0,8,8,1,1,0.85,62430,63648,65863,CJGV_24021957
11,0,4,3,1,1,0.85,69430,70320,71946,CJGV_24021957
12,0,2,7,1,1,0.85,75496,75888,78396,CJGV_24021957
13,0,6,4,1,1,0.85,81563,82096,84212,CJGV_24021957
14,0,4,7,1,1,0.85,87279,88032,90362,CJGV_24021957
15,0,3,2,1,0,0.85,93412,93888,95845,CJGV_24021957
16,0,2,2,2,0,0.85,99328,100144,101928,CJGV_24021957
17,0,2,4,2,0,0.85,105528,105967,107895,CJGV_24021957
18,0,4,3,1,1,0.85,111828,112287,114478,CJGV_24021957
19,0,6,6,1,1,0.85,117628,118031,119894,CJGV_24021957
20,0,2,8,1,1,0.85,122977,123359,124961,CJGV_24021957
21,0,3,6,1,0,0.85,128544,128959,130960,CJGV_24021957
22,0,7,6,2,0,0.85,134744,135375,137393,CJGV_24021957
23,1,7,8,1,0,0.15,141093,141487,143927,CJGV_24021957
24,1,5,3,1,0,0.15,147093,148223,150210,CJGV_24021957
25,1,3,2,1,0,0.15,153909,154319,156793,CJGV_24021957
26,1,7,5,2,0,0.15,160559,160943,163176,CJGV_24021957
27,1,6,6,2,1,0.15,166809,167183,169109,CJGV_24021957
28,1,6,8,2,0,0.15,172659,172991,174792,CJGV_24021957
29,1,6,2,1,0,0.15,178258,178639,180375,CJGV_24021957
30,1,6,3,1,1,0.15,184208,184511,186925,CJGV_24021957
31,1,2,7,1,1,0.15,190191,190559,192391,CJGV_24021957
32,1,8,7,1,1,0.15,195941,196271,198591,CJGV_24021957
33,1,6,6,1,0,0.15,201691,202015,203607,CJGV_24021957
34,1,5,5,1,0,0.15,207540,207855,210024,CJGV_24021957
35,0,8,4,1,0,0.15,219573,220431,222173,CJGV_24021957
36,0,5,7,2,1,0.15,225806,226222,228756,CJGV_24021957
37,0,3,5,2,0,0.15,232306,232638,234406,CJGV_24021957
38,0,5,7,2,1,0.15,238056,238382,240606,CJGV_24021957
39,0,6,8,2,1,0.15,244155,244510,246089,CJGV_24021957
40,0,4,3,2,1,0.15,249805,250334,252372,CJGV_24021957
41,0,2,6,2,1,0.15,256138,256750,258638,CJGV_24021957
42,0,7,8,2,1,0.15,262188,262750,264405,CJGV_24021957
43,0,5,8,2,1,0.15,267838,268222,270388,CJGV_24021957
44,0,4,5,2,0,0.15,274371,274814,277287,CJGV_24021957
45,0,6,3,1,0,0.15,280837,281342,283554,CJGV_24021957
46,0,6,2,1,0,0.15,286620,286942,289170,CJGV_24021957
47,0,5,2,1,0,0.15,292837,293214,294920,CJGV_24021957
48,0,7,6,1,1,0.15,298703,299166,301320,CJGV_24021957
49,0,5,7,1,0,0.15,305319,305646,307536,CJGV_24021957
50,0,2,3,2,1,0.15,310803,311118,312752,CJGV_24021957
51,0,8,4,2,1,0.15,316452,316782,318802,CJGV_24021957
52,1,3,7,2,1,0.85,322419,322766,324635,CJGV_24021957
53,1,7,7,2,0,0.85,328618,328942,331302,CJGV_24021957
54,1,3,8,2,0,0.85,334935,335358,337451,CJGV_24021957
55,1,4,8,1,1,0.85,340485,340862,342534,CJGV_24021957
56,1,6,2,1,1,0.85,345618,345950,348251,CJGV_24021957
57,1,4,3,1,1,0.85,351451,351918,354067,CJGV_24021957
58,1,6,4,1,1,0.85,358017,358430,360450,CJGV_24021957
59,1,8,2,1,1,0.85,363750,364109,366067,CJGV_24021957
60,1,6,4,1,1,0.85,369400,369773,371833,CJGV_24021957
61,1,3,5,1,1,0.85,375233,375661,377650,CJGV_24021957
62,1,3,4,1,0,0.85,381399,381821,384083,CJGV_24021957
63,1,8,6,2,0,0.85,387383,387789,389482,CJGV_24021957
64,1,2,5,2,0,0.85,393116,393693,396132,CJGV_24021957
65,1,8,7,1,1,0.85,399582,399917,401549,CJGV_24021957
66,1,3,7,1,1,0.85,404765,405149,407498,CJGV_24021957
67,1,8,5,1,0,0.85,411082,411437,413431,CJGV_24021957
68,0,5,3,1,1,0.75,419931,421645,423198,CJGV_24021957
69,0,6,3,1,1,0.75,427031,427501,429797,CJGV_24021957
70,0,7,6,1,0,0.75,433147,433581,435214,CJGV_24021957
71,0,6,5,2,1,0.75,439147,439485,441647,CJGV_24021957
72,0,3,5,2,0,0.75,444913,445357,447047,CJGV_24021957
73,0,7,7,2,1,0.75,450713,451037,452730,CJGV_24021957
74,0,3,3,2,0,0.75,455863,456285,458813,CJGV_24021957
75,0,5,7,1,0,0.75,462696,463085,465079,CJGV_24021957
76,0,5,6,1,1,0.75,468146,468461,470312,CJGV_24021957
77,0,5,2,1,0,0.75,473762,474093,476429,CJGV_24021957
78,0,3,3,1,1,0.75,480245,480604,482612,CJGV_24021957
79,0,8,7,1,1,0.75,486528,487164,489195,CJGV_24021957
80,0,3,4,1,1,0.75,492795,493964,496461,CJGV_24021957
81,0,2,3,1,1,0.75,499544,499980,501661,CJGV_24021957
82,0,7,6,1,0,0.75,505661,505996,507727,CJGV_24021957
83,0,8,4,2,1,0.75,511660,512332,513910,CJGV_24021957
84,1,3,8,2,1,0.25,517027,517404,519260,CJGV_24021957
85,1,4,8,2,0,0.25,522427,522828,525060,CJGV_24021957
86,1,6,8,1,0,0.25,529010,530028,532426,CJGV_24021957
87,1,4,4,1,0,0.25,535609,535916,537576,CJGV_24021957
88,1,2,3,1,0,0.25,541126,541452,543792,CJGV_24021957
89,1,7,4,2,0,0.25,546959,547324,549825,CJGV_24021957
90,1,3,3,1,0,0.25,553025,553420,555775,CJGV_24021957
91,1,7,3,1,0,0.25,559508,559836,561825,CJGV_24021957
92,1,5,3,1,0,0.25,565358,565660,567775,CJGV_24021957
93,1,7,6,1,0,0.25,571708,572028,573808,CJGV_24021957
94,1,8,8,2,1,0.25,577274,577596,579691,CJGV_24021957
95,1,8,3,2,1,0.25,583241,583564,585257,CJGV_24021957
96,1,2,6,2,1,0.25,588774,589084,591407,CJGV_24021957
97,1,5,6,2,0,0.75,598257,599291,601673,CJGV_24021957
98,1,6,8,1,1,0.75,605590,605932,608323,CJGV_24021957
99,1,5,7,1,1,0.75,612306,612651,614356,CJGV_24021957
100,1,4,7,1,1,0.75,618356,618747,620606,CJGV_24021957
101,1,6,7,1,0,0.75,623956,624331,625872,CJGV_24021957
102,1,3,6,1,0,0.75,628989,629323,631339,CJGV_24021957
103,1,4,4,2,0,0.75,634938,635611,637372,CJGV_24021957
104,1,7,2,2,0,0.75,640488,640843,643321,CJGV_24021957
105,1,6,4,1,1,0.75,647171,648139,649804,CJGV_24021957
106,1,4,4,1,0,0.75,653404,653787,655354,CJGV_24021957
107,1,8,3,1,1,0.75,659004,659387,661654,CJGV_24021957
108,1,6,4,1,1,0.75,665487,666203,668370,CJGV_24021957
109,1,2,2,1,0,0.75,671887,672283,674587,CJGV_24021957
110,1,4,3,2,0,0.75,678136,678571,680286,CJGV_24021957
111,1,4,3,2,0,0.75,683820,684123,685869,CJGV_24021957
112,1,8,2,1,1,0.75,689369,689707,691603,CJGV_24021957
113,1,6,5,1,0,0.75,695069,695403,697736,CJGV_24021957
114,1,2,5,2,1,0.75,701485,702411,704052,CJGV_24021957
115,0,3,7,2,1,0.25,707869,708283,710285,CJGV_24021957
116,0,8,8,2,0,0.25,713835,714155,716601,CJGV_24021957
117,0,8,8,2,1,0.25,720118,720443,722051,CJGV_24021957
118,0,3,4,2,0,0.25,725701,726027,728068,CJGV_24021957
119,0,8,3,1,0,0.25,731617,732282,733851,CJGV_24021957
120,0,8,4,1,1,0.25,737051,737450,739084,CJGV_24021957
121,0,2,2,1,1,0.25,742767,743114,745200,CJGV_24021957
122,0,7,7,1,1,0.25,749133,749866,751950,CJGV_24021957
123,0,6,3,1,0,0.25,755133,755466,757666,CJGV_24021957
124,0,7,7,1,1,0.25,761283,761594,763466,CJGV_24021957
125,0,4,2,1,0,0.25,767099,767434,769183,CJGV_24021957
126,0,5,8,2,1,0.25,772832,773306,775149,CJGV_24021957
127,0,6,3,2,1,0.25,779065,779418,781349,CJGV_24021957
1,1,8,5,1,1,0.75,7599,11143,13582,CLMM_19021983
2,1,8,2,1,0,0.75,17499,18743,20599,CLMM_19021983
3,1,3,5,2,0,0.75,24498,25159,26865,CLMM_19021983
4,1,4,4,2,0,0.75,30365,32327,34598,CLMM_19021983
5,1,5,4,1,1,0.75,38148,39351,41531,CLMM_19021983
6,1,5,2,1,1,0.75,44931,45671,47964,CLMM_19021983
7,1,6,4,1,1,0.75,51631,52471,54397,CLMM_19021983
8,1,3,3,1,1,0.75,58347,59447,61280,CLMM_19021983
9,1,4,8,1,0,0.75,65063,65207,67097,CLMM_19021983
10,1,2,8,2,1,0.75,70497,70535,72096,CLMM_19021983
11,1,3,7,1,1,0.75,76046,76599,79079,CLMM_19021983
12,1,3,8,1,1,0.75,82896,83783,85913,CLMM_19021983
13,1,5,5,2,0,0.75,89746,91447,93746,CLMM_19021983
14,1,4,7,1,0,0.75,97362,98215,100145,CLMM_19021983
15,1,3,5,1,1,0.75,104028,104567,106178,CLMM_19021983
16,1,7,8,1,0,0.75,110062,110599,112545,CLMM_19021983
17,0,5,2,1,0,0.25,116478,117223,119411,CLMM_19021983
18,0,2,8,2,1,0.25,122511,124647,127127,CLMM_19021983
19,0,2,2,1,0,0.25,131094,132167,134544,CLMM_19021983
20,0,7,3,2,1,0.25,137960,139462,141127,CLMM_19021983
21,0,8,5,2,1,0.25,145110,145894,148210,CLMM_19021983
22,0,8,6,2,1,0.25,151543,152230,154643,CLMM_19021983
23,0,3,5,2,0,0.25,158043,158918,160726,CLMM_19021983
24,0,7,6,1,0,0.25,164676,165398,167359,CLMM_19021983
25,0,2,6,2,0,0.25,171376,172038,174459,CLMM_19021983
26,0,6,4,2,1,0.25,178109,180662,182642,CLMM_19021983
27,0,4,2,2,1,0.25,186458,187286,189208,CLMM_19021983
28,0,2,2,1,0,0.25,192708,194486,196191,CLMM_19021983
29,0,6,6,2,1,0.25,199591,200822,202524,CLMM_19021983
30,0,3,3,2,1,0.25,206374,206918,208674,CLMM_19021983
31,0,3,8,2,1,0.25,212274,212806,214557,CLMM_19021983
32,0,2,4,2,0,0.75,224023,226486,228440,CLMM_19021983
33,0,6,4,1,1,0.75,232006,233030,235090,CLMM_19021983
34,0,6,6,1,1,0.75,238656,239174,241373,CLMM_19021983
35,0,5,8,1,1,0.75,244672,245446,247406,CLMM_19021983
36,0,8,2,1,1,0.75,250772,251926,254139,CLMM_19021983
37,0,8,3,1,1,0.75,258005,259030,260772,CLMM_19021983
38,0,3,3,1,1,0.75,264472,265222,266822,CLMM_19021983
39,0,7,8,1,1,0.75,270571,271414,273788,CLMM_19021983
40,0,6,8,1,1,0.75,277054,277846,279421,CLMM_19021983
41,0,5,7,1,0,0.75,282504,283958,285621,CLMM_19021983
42,0,5,4,2,0,0.75,289587,290357,291920,CLMM_19021983
43,0,8,4,2,0,0.75,295204,295797,297470,CLMM_19021983
44,0,2,4,1,1,0.75,300753,302597,304770,CLMM_19021983
45,0,4,6,1,0,0.75,308420,309029,311253,CLMM_19021983
46,0,2,7,1,1,0.75,314520,316197,318003,CLMM_19021983
47,0,6,3,1,0,0.75,321503,322773,325169,CLMM_19021983
48,1,6,5,1,0,0.25,329186,330101,332402,CLMM_19021983
49,1,5,6,2,1,0.25,336185,336885,339052,CLMM_19021983
50,1,2,2,2,1,0.25,342968,343717,345618,CLMM_19021983
51,1,5,8,2,1,0.25,349218,349749,352268,CLMM_19021983
52,1,3,7,2,1,0.25,355534,356293,358518,CLMM_19021983
53,1,7,5,2,1,0.25,361701,362357,364251,CLMM_19021983
54,1,6,7,2,1,0.25,367751,369013,371467,CLMM_19021983
55,1,3,2,2,0,0.25,375117,375765,377467,CLMM_19021983
56,1,4,5,1,1,0.25,381383,382389,384083,CLMM_19021983
57,1,4,7,1,0,0.25,387333,389141,391000,CLMM_19021983
58,1,6,6,1,0,0.25,394666,397013,399283,CLMM_19021983
59,1,6,8,2,0,0.25,402399,402901,405316,CLMM_19021983
60,1,3,6,2,1,0.15,416615,418117,420298,CLMM_19021983
61,1,4,6,2,1,0.15,423998,424933,426831,CLMM_19021983
62,1,4,4,2,1,0.15,430848,431620,433948,CLMM_19021983
63,1,4,3,2,1,0.15,437831,438868,440831,CLMM_19021983
64,1,7,7,2,1,0.15,444197,445012,447481,CLMM_19021983
65,1,8,3,2,1,0.15,450830,451924,454397,CLMM_19021983
66,1,8,2,2,1,0.15,458163,459492,461563,CLMM_19021983
67,1,4,4,2,1,0.15,464680,467252,469080,CLMM_19021983
68,1,7,3,2,1,0.15,472213,476500,478596,CLMM_19021983
69,1,5,2,2,0,0.15,482379,483908,485712,CLMM_19021983
70,1,7,3,1,0,0.15,489445,493124,495495,CLMM_19021983
71,1,7,7,1,0,0.15,499062,500452,502128,CLMM_19021983
72,1,4,4,2,1,0.15,505261,506868,508411,CLMM_19021983
73,1,4,4,2,1,0.15,512294,513124,515078,CLMM_19021983
74,1,4,3,2,1,0.15,518611,519844,521944,CLMM_19021983
75,1,7,2,2,1,0.15,525611,526692,529160,CLMM_19021983
76,0,6,2,2,0,0.85,532960,534276,535910,CLMM_19021983
77,0,2,3,2,0,0.85,539377,540948,542510,CLMM_19021983
78,0,3,7,1,1,0.85,546393,549396,551643,CLMM_19021983
79,0,5,3,1,0,0.85,555259,556340,558242,CLMM_19021983
80,0,4,7,2,0,0.85,561909,562932,564809,CLMM_19021983
81,0,2,2,2,0,0.85,568425,568932,570675,CLMM_19021983
82,0,3,4,1,1,0.85,573975,574451,576675,CLMM_19021983
83,0,8,8,1,0,0.85,579775,580835,582575,CLMM_19021983
84,0,5,8,1,1,0.85,586108,587427,589091,CLMM_19021983
85,0,8,5,2,0,0.85,592841,593427,594974,CLMM_19021983
86,0,7,6,1,1,0.85,598357,598947,601024,CLMM_19021983
87,0,6,2,1,1,0.85,604241,605331,606957,CLMM_19021983
88,1,3,7,1,1,0.85,616757,618387,620207,CLMM_19021983
89,1,8,3,1,1,0.85,624156,624979,627173,CLMM_19021983
90,1,2,2,1,1,0.85,630306,630899,633023,CLMM_19021983
91,1,6,3,1,0,0.85,636472,637619,639922,CLMM_19021983
92,1,4,7,2,0,0.85,643189,643859,646072,CLMM_19021983
93,1,6,7,1,1,0.85,649722,651027,652938,CLMM_19021983
94,1,3,4,1,1,0.85,656322,656979,659072,CLMM_19021983
95,1,4,4,1,1,0.85,662838,663507,665305,CLMM_19021983
96,1,7,7,1,0,0.85,668671,669459,671588,CLMM_19021983
97,1,7,4,1,1,0.85,674938,676019,677921,CLMM_19021983
98,1,7,4,1,1,0.85,681304,682099,684604,CLMM_19021983
99,1,5,3,1,1,0.85,688237,688803,691304,CLMM_19021983
100,1,7,8,1,1,0.85,694937,695523,697203,CLMM_19021983
101,1,8,6,1,1,0.85,701170,702211,704053,CLMM_19021983
102,1,5,4,1,1,0.85,707303,707795,709919,CLMM_19021983
103,1,7,8,1,1,0.85,713303,714243,716269,CLMM_19021983
104,0,3,2,1,0,0.15,719869,720866,723269,CLMM_19021983
105,0,7,4,1,0,0.15,726752,727362,729219,CLMM_19021983
106,0,2,6,2,1,0.15,732435,733010,735385,CLMM_19021983
107,0,2,2,2,0,0.15,738535,739426,741001,CLMM_19021983
108,0,4,5,2,1,0.15,744101,744770,746484,CLMM_19021983
109,0,7,4,2,1,0.15,750501,751042,753401,CLMM_19021983
110,0,4,7,2,1,0.15,757267,757842,759717,CLMM_19021983
111,0,6,5,2,1,0.15,763334,763794,765350,CLMM_19021983
112,0,5,3,2,1,0.15,769200,771810,774000,CLMM_19021983
113,0,5,4,2,1,0.15,777583,778226,780583,CLMM_19021983
114,0,3,8,2,0,0.15,784566,785490,787416,CLMM_19021983
115,0,4,6,2,1,0.15,791366,794242,796349,CLMM_19021983
1,1,3,5,1,1,0.85,8449,9396,11516,CMCO_17051975
2,1,6,4,1,1,0.85,14982,15780,17982,CMCO_17051975
3,1,3,7,1,1,0.85,21982,22436,24965,CMCO_17051975
4,1,5,4,1,1,0.85,29032,29876,32031,CMCO_17051975
5,1,4,5,1,1,0.85,35898,36564,39031,CMCO_17051975
6,1,3,4,1,1,0.85,42564,43108,44764,CMCO_17051975
7,1,2,2,1,0,0.85,48131,48788,50847,CMCO_17051975
8,1,5,4,1,1,0.85,54414,54532,56797,CMCO_17051975
9,1,7,5,1,1,0.85,60530,61044,63463,CMCO_17051975
10,1,7,4,1,1,0.85,66930,67780,70296,CMCO_17051975
11,1,5,3,1,1,0.85,73946,75028,77179,CMCO_17051975
12,1,4,6,1,1,0.85,81163,83236,84779,CMCO_17051975
13,1,6,4,1,1,0.85,88162,89140,91645,CMCO_17051975
14,1,3,6,1,1,0.85,95212,96868,98545,CMCO_17051975
15,1,2,8,1,1,0.85,101662,102660,104728,CMCO_17051975
16,1,4,8,1,1,0.85,108428,109204,111261,CMCO_17051975
17,0,2,8,1,0,0.15,115144,115940,117544,CMCO_17051975
18,0,6,3,1,0,0.15,121544,121971,123861,CMCO_17051975
19,0,4,2,2,1,0.15,127144,127699,130160,CMCO_17051975
20,0,6,8,2,1,0.15,134160,134659,136460,CMCO_17051975
21,0,2,4,2,1,0.15,140010,140755,142927,CMCO_17051975
22,0,2,7,2,1,0.15,146360,147059,148810,CMCO_17051975
23,0,2,4,2,1,0.15,152159,153011,154693,CMCO_17051975
24,0,3,3,2,1,0.15,158293,158787,160826,CMCO_17051975
25,0,8,4,2,1,0.15,164542,165043,167325,CMCO_17051975
26,0,7,8,2,1,0.15,170959,172019,173842,CMCO_17051975
27,0,5,8,2,1,0.15,177008,177635,180075,CMCO_17051975
28,0,7,6,2,1,0.15,184075,185059,187025,CMCO_17051975
29,1,8,6,1,0,0.25,194758,196067,198374,CMCO_17051975
30,1,6,3,2,0,0.25,202441,202803,204640,CMCO_17051975
31,1,6,2,2,1,0.25,208474,208915,210790,CMCO_17051975
32,1,7,5,2,1,0.25,214373,214819,216773,CMCO_17051975
33,1,4,8,2,1,0.25,220373,220707,222590,CMCO_17051975
34,1,8,2,2,1,0.25,226106,226803,228973,CMCO_17051975
35,1,7,5,2,1,0.25,232906,233299,235556,CMCO_17051975
36,1,5,8,2,0,0.25,238689,239411,241139,CMCO_17051975
37,1,3,2,2,1,0.25,244872,245394,247339,CMCO_17051975
38,1,2,8,2,1,0.25,251422,251842,253905,CMCO_17051975
39,1,6,2,2,1,0.25,257438,257938,259505,CMCO_17051975
40,1,5,5,2,1,0.25,262738,263426,265155,CMCO_17051975
41,1,6,8,2,0,0.25,268638,269138,271604,CMCO_17051975
42,1,3,5,2,1,0.25,274754,275378,277504,CMCO_17051975
43,1,7,5,2,1,0.25,280837,281410,283070,CMCO_17051975
44,1,3,3,2,1,0.25,286904,287426,289720,CMCO_17051975
45,1,6,2,2,1,0.25,292953,294114,295770,CMCO_17051975
46,0,5,2,2,0,0.75,299170,300130,301720,CMCO_17051975
47,0,7,8,2,1,0.75,305469,306834,309203,CMCO_17051975
48,0,7,7,2,1,0.75,312969,313506,315336,CMCO_17051975
49,0,7,6,2,0,0.75,318435,319154,321169,CMCO_17051975
50,0,7,8,2,0,0.75,324252,324690,326668,CMCO_17051975
51,0,5,8,1,1,0.75,330102,330594,332852,CMCO_17051975
52,0,2,5,1,0,0.75,336268,336962,339401,CMCO_17051975
53,0,5,5,1,1,0.75,343101,343490,345068,CMCO_17051975
54,0,7,2,1,1,0.75,348667,349106,351251,CMCO_17051975
55,0,5,6,1,0,0.75,354567,355154,357217,CMCO_17051975
56,0,4,3,1,1,0.75,360834,361650,363767,CMCO_17051975
57,0,4,3,1,1,0.75,367817,368626,370450,CMCO_17051975
58,0,8,8,1,1,0.75,373800,374945,376883,CMCO_17051975
59,0,5,2,1,1,0.85,385933,387153,389566,CMCO_17051975
60,0,8,8,1,1,0.85,393366,394145,396499,CMCO_17051975
61,0,2,3,1,1,0.85,400549,401617,404082,CMCO_17051975
62,0,6,4,1,1,0.85,407348,408401,410348,CMCO_17051975
63,0,3,8,1,1,0.85,413698,415201,416981,CMCO_17051975
64,0,5,2,1,1,0.85,420614,421649,423214,CMCO_17051975
65,0,6,6,1,1,0.85,426681,428465,430231,CMCO_17051975
66,0,4,7,2,0,0.85,434014,437377,439014,CMCO_17051975
67,0,2,6,1,1,0.85,442913,443313,445830,CMCO_17051975
68,0,3,5,1,1,0.85,449813,451697,453846,CMCO_17051975
69,0,7,5,1,1,0.85,457679,458321,460329,CMCO_17051975
70,0,7,7,1,1,0.85,464062,465153,466979,CMCO_17051975
71,0,8,8,1,1,0.85,470379,471329,473679,CMCO_17051975
72,0,3,7,1,1,0.85,477145,478321,479878,CMCO_17051975
73,0,4,5,1,1,0.85,483228,484577,486961,CMCO_17051975
74,0,3,6,1,1,0.85,490311,491361,493678,CMCO_17051975
75,0,3,7,1,1,0.85,496811,497568,499261,CMCO_17051975
76,0,4,2,1,1,0.85,503044,503936,506144,CMCO_17051975
77,1,8,2,1,0,0.15,509827,510464,512944,CMCO_17051975
78,1,8,5,1,0,0.15,516477,517072,518943,CMCO_17051975
79,1,3,7,2,1,0.15,522960,523664,525326,CMCO_17051975
80,1,4,6,2,1,0.15,529210,530016,531626,CMCO_17051975
81,1,3,8,2,1,0.15,535609,536432,538792,CMCO_17051975
82,1,7,2,2,1,0.15,542409,543568,545792,CMCO_17051975
83,1,8,4,2,1,0.15,549175,549920,552425,CMCO_17051975
84,1,2,5,2,1,0.15,555525,556736,558792,CMCO_17051975
85,1,5,3,2,1,0.15,561875,563152,564975,CMCO_17051975
86,1,8,3,2,1,0.15,568441,569216,570908,CMCO_17051975
87,1,7,7,2,1,0.15,574908,576672,578924,CMCO_17051975
88,1,4,2,2,1,0.15,582424,583376,585257,CMCO_17051975
89,1,6,8,2,1,0.15,588424,589184,591490,CMCO_17051975
90,1,5,3,2,1,0.15,594740,595888,597723,CMCO_17051975
91,1,2,8,2,0,0.75,607523,608576,610173,CMCO_17051975
92,1,6,2,2,0,0.75,613773,614224,616106,CMCO_17051975
93,1,5,3,1,0,0.75,620056,620688,622672,CMCO_17051975
94,1,5,2,1,0,0.75,626105,626527,628289,CMCO_17051975
95,1,4,4,2,0,0.75,632238,632639,635088,CMCO_17051975
96,1,5,5,1,0,0.75,638405,638751,640405,CMCO_17051975
97,1,6,7,2,0,0.75,644371,644863,647304,CMCO_17051975
98,1,4,8,2,1,0.75,650704,651247,652887,CMCO_17051975
99,1,4,2,1,1,0.75,656654,658671,660670,CMCO_17051975
100,1,7,8,2,0,0.75,664704,665071,666654,CMCO_17051975
101,1,5,4,2,0,0.75,670087,670927,672787,CMCO_17051975
102,1,8,4,1,0,0.75,676336,676863,678770,CMCO_17051975
103,1,6,4,2,0,0.75,682303,682975,685219,CMCO_17051975
104,1,3,2,1,0,0.75,688486,689919,691586,CMCO_17051975
105,1,4,7,2,0,0.75,695502,696367,698735,CMCO_17051975
106,1,8,5,2,0,0.75,702769,703087,705452,CMCO_17051975
107,1,5,2,2,0,0.75,708718,709215,711585,CMCO_17051975
108,0,6,3,1,0,0.25,715135,715583,717135,CMCO_17051975
109,0,7,5,2,1,0.25,720868,721231,723284,CMCO_17051975
110,0,2,2,2,0,0.25,727118,727887,729901,CMCO_17051975
111,0,3,5,2,1,0.25,733734,734127,736250,CMCO_17051975
112,0,5,8,1,0,0.25,739834,740175,742084,CMCO_17051975
113,0,2,4,1,0,0.25,745600,746110,747717,CMCO_17051975
114,0,3,8,1,0,0.25,751533,751886,754283,CMCO_17051975
115,0,7,5,2,1,0.25,757516,757822,760199,CMCO_17051975
116,0,5,2,1,0,0.25,763983,765534,767516,CMCO_17051975
117,0,7,4,2,1,0.25,771432,772190,773749,CMCO_17051975
118,0,3,6,2,1,0.25,777165,777518,779149,CMCO_17051975
119,0,5,6,2,1,0.25,782898,783358,785248,CMCO_17051975
1,0,4,4,1,1,0.85,6666,9300,11032,CMLL_11051985
2,0,6,5,1,1,0.85,15016,15653,17182,CMLL_11051985
3,0,2,3,1,1,0.85,20632,21524,23765,CMLL_11051985
4,0,5,7,1,0,0.85,27365,28436,30482,CMLL_11051985
5,0,3,5,1,1,0.85,34115,34452,35998,CMLL_11051985
6,0,3,8,1,1,0.85,39581,41300,43681,CMLL_11051985
7,0,7,7,1,1,0.85,47281,49604,51581,CMLL_11051985
8,0,4,8,1,1,0.85,55247,55700,57480,CMLL_11051985
9,0,6,5,1,1,0.85,61414,62084,63680,CMLL_11051985
10,0,7,5,1,0,0.85,67463,68484,70397,CMLL_11051985
11,0,7,4,1,1,0.85,74330,74740,76513,CMLL_11051985
12,0,2,5,1,1,0.85,80379,80900,83196,CMLL_11051985
13,0,6,8,1,1,0.85,86529,86948,88846,CMLL_11051985
14,0,8,2,1,1,0.85,92362,92724,95029,CMLL_11051985
15,0,4,3,2,0,0.85,98462,99284,101395,CMLL_11051985
16,0,6,2,1,1,0.85,105178,105476,107862,CMLL_11051985
17,0,6,2,1,1,0.85,111028,111524,113178,CMLL_11051985
18,1,6,2,1,1,0.15,116295,116660,119161,CMLL_11051985
19,1,5,6,1,1,0.15,122928,124820,126611,CMLL_11051985
20,1,2,4,1,0,0.15,130411,130644,132444,CMLL_11051985
21,1,4,5,2,1,0.15,135544,135924,137760,CMLL_11051985
22,1,7,6,2,1,0.15,140844,141284,143293,CMLL_11051985
23,1,4,3,2,1,0.15,147310,147620,149810,CMLL_11051985
24,1,7,2,2,1,0.15,153010,153748,156126,CMLL_11051985
25,1,6,5,2,1,0.15,159759,160116,161776,CMLL_11051985
26,1,3,5,2,1,0.15,164926,165331,167076,CMLL_11051985
27,1,7,7,2,0,0.15,171126,172259,174242,CMLL_11051985
28,1,6,5,2,1,0.15,178292,178627,180775,CMLL_11051985
29,1,8,6,2,1,0.15,184275,184643,187025,CMLL_11051985
30,1,5,8,2,1,0.15,190408,190899,192658,CMLL_11051985
31,1,5,7,1,0,0.75,204791,205555,207607,CMLL_11051985
32,1,7,7,2,0,0.75,211291,212547,214607,CMLL_11051985
33,1,7,6,2,1,0.75,218640,219747,221607,CMLL_11051985
34,1,8,6,2,0,0.75,224757,225635,227257,CMLL_11051985
35,1,3,4,1,1,0.75,231073,232387,234906,CMLL_11051985
36,1,2,6,1,1,0.75,238739,240787,243289,CMLL_11051985
37,1,4,3,2,0,0.75,247222,247763,250222,CMLL_11051985
38,1,6,5,1,1,0.75,254039,254371,256039,CMLL_11051985
39,1,5,8,1,0,0.75,259389,260099,261972,CMLL_11051985
40,1,8,7,2,0,0.75,265305,266051,267822,CMLL_11051985
41,1,4,4,2,0,0.75,271488,272083,274488,CMLL_11051985
42,1,2,5,1,1,0.75,277771,278275,280288,CMLL_11051985
43,1,4,6,1,1,0.75,284271,284819,286354,CMLL_11051985
44,1,5,4,1,1,0.75,290187,291907,293837,CMLL_11051985
45,1,3,8,1,1,0.75,297604,297939,300337,CMLL_11051985
46,1,4,6,1,1,0.75,303953,304627,306403,CMLL_11051985
47,1,4,2,1,1,0.75,309536,310146,311686,CMLL_11051985
48,1,8,3,1,1,0.75,315186,315666,317286,CMLL_11051985
49,1,2,8,1,1,0.75,321303,321554,324036,CMLL_11051985
50,0,3,5,1,0,0.25,327402,327858,329536,CMLL_11051985
51,0,8,2,2,0,0.25,332635,333074,334952,CMLL_11051985
52,0,3,3,1,0,0.25,338219,338850,340835,CMLL_11051985
53,0,4,2,2,1,0.25,344818,345106,347235,CMLL_11051985
54,0,2,3,2,0,0.25,350851,351106,353568,CMLL_11051985
55,0,5,4,2,1,0.25,356651,357954,360418,CMLL_11051985
56,0,6,2,2,1,0.25,364117,364450,366767,CMLL_11051985
57,0,2,2,2,0,0.25,369967,370450,372234,CMLL_11051985
58,0,7,2,1,0,0.25,375934,376194,378450,CMLL_11051985
59,0,5,2,2,1,0.25,382133,382514,384617,CMLL_11051985
60,0,2,3,1,1,0.25,388316,389826,392050,CMLL_11051985
61,0,6,2,2,1,0.25,395633,396178,398533,CMLL_11051985
62,0,7,2,2,0,0.25,402299,402994,405082,CMLL_11051985
63,0,5,8,1,0,0.25,408932,409506,411499,CMLL_11051985
64,0,6,8,2,1,0.25,414582,415202,416765,CMLL_11051985
65,0,7,7,1,1,0.15,428415,428818,430665,CMLL_11051985
66,0,3,4,1,1,0.15,434181,434786,436914,CMLL_11051985
67,0,6,5,1,0,0.15,440881,441442,443497,CMLL_11051985
68,0,6,2,2,1,0.15,447214,449042,451014,CMLL_11051985
69,0,4,7,1,0,0.15,454347,454913,456864,CMLL_11051985
70,0,4,8,2,1,0.15,460130,461873,463930,CMLL_11051985
71,0,4,4,1,0,0.15,467796,467953,469480,CMLL_11051985
72,0,4,5,2,1,0.15,472696,473297,475213,CMLL_11051985
73,0,2,8,1,0,0.15,478879,479825,481612,CMLL_11051985
74,0,8,6,2,1,0.15,484962,487281,489812,CMLL_11051985
75,0,2,3,1,0,0.15,493312,494097,496029,CMLL_11051985
76,0,2,2,1,0,0.15,499295,500385,502545,CMLL_11051985
77,0,2,6,2,1,0.15,506595,506833,508745,CMLL_11051985
78,0,6,3,2,1,0.15,512694,513089,515528,CMLL_11051985
79,0,4,2,2,1,0.15,519511,520225,521794,CMLL_11051985
80,0,5,8,1,0,0.15,525494,526561,528977,CMLL_11051985
81,0,7,3,2,1,0.15,532810,533249,535660,CMLL_11051985
82,0,6,6,2,0,0.15,539410,541585,543160,CMLL_11051985
83,0,6,4,1,0,0.15,547193,547601,549393,CMLL_11051985
84,0,5,5,1,0,0.15,552893,553649,555476,CMLL_11051985
85,0,3,4,1,0,0.15,558643,559345,561126,CMLL_11051985
86,1,5,7,2,0,0.85,564326,564769,566609,CMLL_11051985
87,1,5,5,2,0,0.85,570592,571329,572992,CMLL_11051985
88,1,4,6,2,0,0.85,576858,577377,578958,CMLL_11051985
89,1,5,5,2,0,0.85,582842,583713,586158,CMLL_11051985
90,1,8,6,1,1,0.85,590158,590705,592624,CMLL_11051985
91,1,7,8,1,1,0.85,596358,599425,601707,CMLL_11051985
92,1,4,6,1,1,0.85,605241,605728,608174,CMLL_11051985
93,1,3,6,1,0,0.85,611224,611601,613890,CMLL_11051985
94,1,7,3,1,1,0.85,617590,618000,619990,CMLL_11051985
95,1,4,6,1,1,0.85,623606,624048,626023,CMLL_11051985
96,1,5,4,2,0,0.85,629706,630064,631789,CMLL_11051985
97,1,6,5,2,0,0.85,635123,635456,637656,CMLL_11051985
98,0,6,3,1,1,0.75,645622,646416,648822,CMLL_11051985
99,0,7,3,1,1,0.75,652605,653056,655322,CMLL_11051985
100,0,2,8,1,1,0.75,659072,659776,661688,CMLL_11051985
101,0,8,4,1,1,0.75,665338,667168,669455,CMLL_11051985
102,0,3,8,1,1,0.75,673471,673936,675571,CMLL_11051985
103,0,5,7,1,0,0.75,678704,680576,682737,CMLL_11051985
104,0,3,5,1,1,0.75,686137,686688,689170,CMLL_11051985
105,0,4,5,1,1,0.75,692304,692928,694537,CMLL_11051985
106,0,5,3,1,1,0.75,698453,699712,701936,CMLL_11051985
107,0,7,6,1,1,0.75,705920,706960,708620,CMLL_11051985
108,0,7,3,1,1,0.75,711703,712352,714669,CMLL_11051985
109,0,6,5,1,1,0.75,718469,719056,720752,CMLL_11051985
110,0,3,5,1,0,0.75,723886,724400,726302,CMLL_11051985
111,0,3,4,1,1,0.75,730252,731056,733268,CMLL_11051985
112,0,4,5,1,0,0.75,736568,737248,738935,CMLL_11051985
113,0,4,8,1,0,0.75,742468,743056,744885,CMLL_11051985
114,0,3,4,1,1,0.75,748301,748863,750968,CMLL_11051985
115,0,5,8,1,0,0.75,754301,755135,757367,CMLL_11051985
116,0,6,8,2,0,0.75,760501,761215,762867,CMLL_11051985
117,0,8,4,1,0,0.75,766034,768751,770384,CMLL_11051985
118,0,4,5,1,1,0.75,773450,777279,778833,CMLL_11051985
119,1,6,6,2,1,0.25,782450,782895,784916,CMLL_11051985
120,1,2,5,2,0,0.25,788516,788879,790716,CMLL_11051985
121,1,8,7,1,0,0.25,794133,794607,796183,CMLL_11051985
122,1,6,6,1,0,0.25,799716,800031,801749,CMLL_11051985
123,1,5,8,2,1,0.25,804865,805215,807649,CMLL_11051985
124,1,5,8,2,0,0.25,811415,811471,813982,CMLL_11051985
125,1,4,6,1,0,0.25,817865,818335,820565,CMLL_11051985
126,1,7,4,2,1,0.25,824481,824879,826531,CMLL_11051985
127,1,7,3,2,1,0.25,830048,830815,833131,CMLL_11051985
128,1,7,4,2,1,0.25,836414,837087,839447,CMLL_11051985
129,1,5,8,2,0,0.25,842981,843407,845847,CMLL_11051985
130,1,7,6,2,0,0.25,849647,850575,852113,CMLL_11051985
131,1,2,4,1,0,0.25,855513,856079,858513,CMLL_11051985
1,1,6,8,2,0,0.75,7333,8976,10916,CMRM_02101965
2,1,3,5,2,0,0.75,14616,22016,23815,CMRM_02101965
3,1,8,3,1,1,0.75,27682,28544,30998,CMRM_02101965
4,1,3,4,1,0,0.75,34598,35408,37765,CMRM_02101965
5,1,7,8,1,1,0.75,41598,44384,46014,CMRM_02101965
6,1,3,5,1,1,0.75,50064,51280,52847,CMRM_02101965
7,1,7,4,1,1,0.75,56447,57216,59064,CMRM_02101965
8,1,7,7,1,1,0.75,62514,63456,65497,CMRM_02101965
9,1,3,2,1,1,0.75,68697,69856,71880,CMRM_02101965
10,1,4,2,1,0,0.75,75880,76608,79113,CMRM_02101965
11,1,5,8,1,1,0.75,83013,83712,85563,CMRM_02101965
12,1,7,2,1,1,0.75,88696,89568,91896,CMRM_02101965
13,1,7,4,1,1,0.75,95395,96144,97695,CMRM_02101965
14,1,4,4,1,1,0.75,100779,101376,103528,CMRM_02101965
15,1,8,7,1,1,0.75,107162,107936,110278,CMRM_02101965
16,1,5,2,1,1,0.75,113911,114592,116645,CMRM_02101965
17,1,7,3,1,0,0.75,120694,121296,123694,CMRM_02101965
18,1,8,3,1,1,0.75,127261,128144,130461,CMRM_02101965
19,0,8,4,1,1,0.25,134077,135472,137077,CMRM_02101965
20,0,8,7,1,0,0.25,141143,141935,143543,CMRM_02101965
21,0,7,2,2,1,0.25,147143,148367,150343,CMRM_02101965
22,0,7,4,2,0,0.25,153726,154367,156610,CMRM_02101965
23,0,8,7,1,0,0.25,160193,161039,162826,CMRM_02101965
24,0,2,5,2,1,0.25,166876,167823,169459,CMRM_02101965
25,0,4,2,2,1,0.25,173309,173951,175492,CMRM_02101965
26,0,3,7,2,1,0.25,179292,179951,182292,CMRM_02101965
27,0,6,4,2,0,0.25,186325,186927,188575,CMRM_02101965
28,0,4,7,2,1,0.25,192525,193151,195341,CMRM_02101965
29,0,3,3,2,1,0.25,199258,200079,201991,CMRM_02101965
30,0,8,8,2,1,0.25,205874,206559,208907,CMRM_02101965
31,0,3,7,2,1,0.25,212357,212959,214824,CMRM_02101965
32,0,2,6,2,1,0.25,218640,219279,221773,CMRM_02101965
33,0,2,3,2,1,0.25,225007,227247,229540,CMRM_02101965
34,0,2,5,2,1,0.85,243806,245407,247622,CMRM_02101965
35,0,7,5,2,0,0.85,251006,251567,254005,CMRM_02101965
36,0,7,8,2,0,0.85,257355,257903,259455,CMRM_02101965
37,0,4,5,1,1,0.85,263255,263823,265605,CMRM_02101965
38,0,2,7,1,1,0.85,269621,271615,274088,CMRM_02101965
39,0,6,8,1,1,0.85,277371,278063,279771,CMRM_02101965
40,0,2,4,1,1,0.85,282904,283615,285771,CMRM_02101965
41,0,2,2,1,1,0.85,289287,290383,292920,CMRM_02101965
42,0,7,8,1,0,0.85,296804,297582,299487,CMRM_02101965
43,0,8,6,1,0,0.85,303537,304510,306587,CMRM_02101965
44,0,7,7,1,1,0.85,309803,310846,312970,CMRM_02101965
45,0,8,3,1,0,0.85,316103,317838,319753,CMRM_02101965
46,0,2,6,1,0,0.85,323769,324414,326486,CMRM_02101965
47,0,8,8,2,0,0.85,329769,330510,332719,CMRM_02101965
48,0,7,6,2,1,0.85,336235,336942,338952,CMRM_02101965
49,0,3,6,2,0,0.85,342802,343502,345702,CMRM_02101965
50,0,7,8,2,0,0.85,349601,350302,352118,CMRM_02101965
51,1,8,3,2,1,0.15,356134,356782,359234,CMRM_02101965
52,1,5,7,2,1,0.15,362901,363454,365584,CMRM_02101965
53,1,7,6,2,1,0.15,369084,369566,371934,CMRM_02101965
54,1,2,6,2,1,0.15,375467,376206,378167,CMRM_02101965
55,1,7,7,2,1,0.15,381850,382286,384500,CMRM_02101965
56,1,4,5,2,1,0.15,388516,389166,390716,CMRM_02101965
57,1,6,5,2,1,0.15,393983,394462,396099,CMRM_02101965
58,1,5,4,2,1,0.15,399333,400094,402532,CMRM_02101965
59,1,7,2,2,0,0.15,405699,410830,413265,CMRM_02101965
60,1,3,2,2,1,0.15,416815,417390,419132,CMRM_02101965
61,1,8,2,2,1,0.15,422848,423630,425748,CMRM_02101965
62,1,3,2,2,1,0.15,429181,429918,432048,CMRM_02101965
63,1,8,6,2,1,0.15,435864,436574,438714,CMRM_02101965
64,0,8,2,1,0,0.15,448464,449933,451814,CMRM_02101965
65,0,6,3,1,0,0.15,455897,456797,458380,CMRM_02101965
66,0,7,7,2,1,0.15,462280,463389,465580,CMRM_02101965
67,0,5,6,2,0,0.15,469280,469917,471796,CMRM_02101965
68,0,4,4,2,0,0.15,475713,482237,484346,CMRM_02101965
69,0,2,8,2,0,0.15,488112,488877,491212,CMRM_02101965
70,0,5,7,1,0,0.15,494812,495389,497845,CMRM_02101965
71,0,5,8,1,0,0.15,501212,502045,504095,CMRM_02101965
72,0,3,6,1,1,0.15,507311,509773,511344,CMRM_02101965
73,0,3,4,1,0,0.15,514844,515949,517711,CMRM_02101965
74,0,7,8,1,0,0.15,521077,521805,523877,CMRM_02101965
75,0,5,3,1,0,0.15,527710,528573,530760,CMRM_02101965
76,0,2,2,2,1,0.15,534443,535037,536860,CMRM_02101965
77,0,7,3,2,1,0.15,540693,541309,543726,CMRM_02101965
78,0,3,8,2,1,0.15,546860,547613,549160,CMRM_02101965
79,0,4,3,2,1,0.15,552409,553245,554976,CMRM_02101965
80,0,7,6,2,1,0.15,558159,558653,560392,CMRM_02101965
81,1,2,4,2,1,0.85,564042,564509,566342,CMRM_02101965
82,1,7,6,2,0,0.85,569592,570061,572459,CMRM_02101965
83,1,2,4,2,0,0.85,576358,576781,578542,CMRM_02101965
84,1,4,3,2,0,0.85,582258,583213,584791,CMRM_02101965
85,1,8,7,2,0,0.85,588708,589837,592108,CMRM_02101965
86,1,4,2,1,1,0.85,595441,596124,598257,CMRM_02101965
87,1,6,7,1,1,0.85,602207,602732,605124,CMRM_02101965
88,1,8,7,1,1,0.85,608740,609292,611057,CMRM_02101965
89,1,5,4,1,1,0.85,614423,614940,616873,CMRM_02101965
90,1,8,4,1,0,0.85,620023,620604,622873,CMRM_02101965
91,1,6,7,1,1,0.85,626706,627356,629789,CMRM_02101965
92,1,6,2,1,1,0.85,633139,633772,635839,CMRM_02101965
93,1,5,3,1,0,0.85,639706,640268,642789,CMRM_02101965
94,1,6,6,1,1,0.85,646272,647084,648722,CMRM_02101965
95,1,6,5,1,1,0.85,652422,652988,654572,CMRM_02101965
96,0,6,7,1,0,0.75,666638,667644,670121,CMRM_02101965
97,0,6,3,2,0,0.75,673354,675068,677187,CMRM_02101965
98,0,2,4,1,1,0.75,680287,681356,683354,CMRM_02101965
99,0,5,3,1,1,0.75,686554,687068,688720,CMRM_02101965
100,0,5,2,1,0,0.75,692320,693132,695603,CMRM_02101965
101,0,8,7,1,1,0.75,699370,699884,702270,CMRM_02101965
102,0,5,2,1,1,0.75,706336,706876,709036,CMRM_02101965
103,0,4,2,1,0,0.75,712686,713260,715769,CMRM_02101965
104,0,8,2,1,1,0.75,719469,719996,722519,CMRM_02101965
105,0,5,2,1,1,0.75,726352,726876,728785,CMRM_02101965
106,0,4,2,1,1,0.75,732185,733036,735368,CMRM_02101965
107,0,4,3,1,1,0.75,739401,740220,742185,CMRM_02101965
108,0,2,7,1,1,0.75,745901,746507,748918,CMRM_02101965
109,0,2,8,1,0,0.75,752984,754443,756134,CMRM_02101965
110,0,4,3,1,1,0.75,759734,760747,763034,CMRM_02101965
111,0,2,4,1,1,0.75,766967,767403,769850,CMRM_02101965
112,0,7,6,1,1,0.75,773050,773499,775333,CMRM_02101965
113,0,5,7,1,1,0.75,778833,779659,781900,CMRM_02101965
114,0,2,4,1,1,0.75,785933,786779,789149,CMRM_02101965
115,1,4,7,1,0,0.25,792383,793355,795782,CMRM_02101965
116,1,5,7,1,1,0.25,799516,800379,801965,CMRM_02101965
117,1,3,6,1,1,0.25,805765,806603,808665,CMRM_02101965
118,1,3,5,1,0,0.25,812415,813035,815432,CMRM_02101965
119,1,7,7,1,0,0.25,818898,819883,821565,CMRM_02101965
120,1,3,8,2,1,0.25,825015,826059,827764,CMRM_02101965
121,1,8,5,2,1,0.25,831264,831867,834381,CMRM_02101965
122,1,4,8,2,1,0.25,837731,838315,840497,CMRM_02101965
123,1,4,3,2,1,0.25,844464,845243,847247,CMRM_02101965
124,1,4,7,2,1,0.25,850413,851067,853013,CMRM_02101965
125,1,5,8,2,1,0.25,856097,856715,858930,CMRM_02101965
126,1,6,2,2,1,0.25,862796,863435,865196,CMRM_02101965
127,1,2,3,2,1,0.25,868413,869243,871113,CMRM_02101965
128,1,7,8,2,1,0.25,874412,875147,877379,CMRM_02101965
129,1,3,5,2,1,0.25,881012,881611,884062,CMRM_02101965
1,0,8,8,1,0,0.15,40598,41593,43581,COGC_18022000
2,0,3,6,2,1,0.15,47064,47753,49797,COGC_18022000
3,0,8,5,2,0,0.15,53280,54121,56230,COGC_18022000
4,0,5,5,1,0,0.15,59664,60281,62447,COGC_18022000
5,0,5,3,2,0,0.15,65730,66329,68613,COGC_18022000
6,0,2,3,1,0,0.15,71830,72345,74246,COGC_18022000
7,0,8,7,2,1,0.15,77479,78137,79913,COGC_18022000
8,0,4,5,2,1,0.15,83179,83513,85262,COGC_18022000
9,0,4,6,2,1,0.15,88612,89256,91379,COGC_18022000
10,0,8,5,2,1,0.15,95062,95384,97195,COGC_18022000
11,0,5,5,2,1,0.15,100345,100745,102862,COGC_18022000
12,0,5,6,2,0,0.15,106611,106904,108745,COGC_18022000
13,0,4,6,1,0,0.15,112761,113128,115528,COGC_18022000
14,0,5,4,2,1,0.15,119128,119416,121111,COGC_18022000
15,0,5,7,2,0,0.15,125011,125368,127044,COGC_18022000
16,0,7,6,1,0,0.15,130627,131256,133244,COGC_18022000
17,0,8,6,2,1,0.15,137210,137544,139477,COGC_18022000
18,0,7,5,2,1,0.15,142910,143496,145843,COGC_18022000
19,0,4,2,2,1,0.15,149643,150264,152609,COGC_18022000
20,0,3,7,2,1,0.15,156476,156920,158909,COGC_18022000
21,0,5,7,2,1,0.15,162942,163320,165842,COGC_18022000
22,1,5,6,2,0,0.85,169759,170200,172159,COGC_18022000
23,1,7,6,1,1,0.85,175508,176152,178575,COGC_18022000
24,1,8,6,1,1,0.85,182458,183224,185275,COGC_18022000
25,1,7,6,1,1,0.85,188808,189272,191408,COGC_18022000
26,1,7,7,1,1,0.85,194974,195288,197241,COGC_18022000
27,1,3,6,1,1,0.85,200674,201016,202924,COGC_18022000
28,1,7,8,1,1,0.85,206307,206648,208490,COGC_18022000
29,1,5,7,1,1,0.85,212423,212808,215340,COGC_18022000
30,1,3,7,1,1,0.85,218573,218904,220656,COGC_18022000
31,1,3,2,1,1,0.85,223890,224327,226673,COGC_18022000
32,1,8,7,1,0,0.85,230289,231111,232923,COGC_18022000
33,1,6,4,2,0,0.85,236706,237111,239222,COGC_18022000
34,0,5,2,1,1,0.85,248605,249351,251505,COGC_18022000
35,0,4,6,1,1,0.85,255238,255911,258238,COGC_18022000
36,0,5,5,1,1,0.85,261788,262055,264138,COGC_18022000
37,0,5,7,1,1,0.85,267904,268359,270304,COGC_18022000
38,0,6,8,1,1,0.85,274004,274471,276504,COGC_18022000
39,0,2,6,1,1,0.85,280337,280871,282620,COGC_18022000
40,0,3,8,1,1,0.85,286037,286567,288553,COGC_18022000
41,0,2,3,1,1,0.85,291670,292183,294537,COGC_18022000
42,0,4,6,1,1,0.85,297753,298087,300503,COGC_18022000
43,0,2,5,1,0,0.85,304236,304631,306436,COGC_18022000
44,0,8,8,2,1,0.85,310469,310983,313252,COGC_18022000
45,0,6,3,2,0,0.85,317136,317799,320252,COGC_18022000
46,0,5,3,1,1,0.85,323952,324343,326352,COGC_18022000
47,0,4,4,1,1,0.85,329902,330263,331952,COGC_18022000
48,0,5,4,1,1,0.85,335701,336199,338301,COGC_18022000
49,0,4,2,1,0,0.85,342318,342743,344434,COGC_18022000
50,1,8,6,2,1,0.15,348384,349191,351334,COGC_18022000
51,1,6,8,2,0,0.15,354967,355670,358150,COGC_18022000
52,1,7,2,1,0,0.15,361684,362102,364233,COGC_18022000
53,1,6,3,2,1,0.15,368250,368630,371083,COGC_18022000
54,1,8,2,2,0,0.15,374316,374646,376833,COGC_18022000
55,1,4,8,1,0,0.15,380616,381174,383316,COGC_18022000
56,1,4,4,2,1,0.15,387149,387494,389166,COGC_18022000
57,1,3,7,2,1,0.15,392616,393398,395115,COGC_18022000
58,1,5,8,2,1,0.15,398365,398918,401165,COGC_18022000
59,1,3,7,2,1,0.15,404598,405446,407748,COGC_18022000
60,1,2,5,2,1,0.15,411765,412422,414415,COGC_18022000
61,1,5,5,2,1,0.15,418331,418886,420564,COGC_18022000
62,1,2,7,2,1,0.15,424631,425302,427797,COGC_18022000
63,1,8,8,2,1,0.15,431014,431638,434114,COGC_18022000
64,1,8,4,2,1,0.15,437180,437782,439763,COGC_18022000
65,1,4,5,2,1,0.15,443163,443702,445480,COGC_18022000
66,1,5,6,2,1,0.15,448613,449302,451796,COGC_18022000
67,1,7,4,2,1,0.25,462112,462982,465246,COGC_18022000
68,1,8,3,2,1,0.25,469062,469462,471179,COGC_18022000
69,1,4,5,2,0,0.25,475012,476134,478162,COGC_18022000
70,1,8,4,1,1,0.25,481978,482790,484695,COGC_18022000
71,1,5,5,1,0,0.25,488045,488597,490828,COGC_18022000
72,1,3,8,2,0,0.25,494444,494789,496778,COGC_18022000
73,1,3,5,1,0,0.25,500761,501461,503094,COGC_18022000
74,1,6,4,2,1,0.25,506411,506805,508410,COGC_18022000
75,1,4,2,2,1,0.25,511994,512421,514794,COGC_18022000
76,1,8,4,2,1,0.25,518127,518501,520243,COGC_18022000
77,1,8,5,2,1,0.25,523376,523685,525960,COGC_18022000
78,1,4,3,2,1,0.25,529076,529685,531409,COGC_18022000
79,1,3,2,2,1,0.25,534659,535093,537493,COGC_18022000
80,1,3,3,2,1,0.25,540942,541509,543459,COGC_18022000
81,1,5,6,2,1,0.25,546842,547333,549525,COGC_18022000
82,1,6,8,2,1,0.25,553492,554021,555808,COGC_18022000
83,1,3,3,2,0,0.25,559308,559701,562225,COGC_18022000
84,1,2,3,1,0,0.25,565758,566341,568591,COGC_18022000
85,1,3,4,2,1,0.25,572091,572581,575008,COGC_18022000
86,1,8,3,2,0,0.25,578107,578597,580674,COGC_18022000
87,0,5,7,1,1,0.75,584724,585029,587440,COGC_18022000
88,0,5,5,1,0,0.75,591107,591541,593557,COGC_18022000
89,0,2,4,2,0,0.75,596840,597365,598923,COGC_18022000
90,0,3,7,1,1,0.75,602606,603029,604640,COGC_18022000
91,0,2,6,1,1,0.75,608506,608997,610989,COGC_18022000
92,0,3,4,1,0,0.75,614172,614485,616639,COGC_18022000
93,0,5,2,2,0,0.75,620056,620548,622905,COGC_18022000
94,0,8,3,1,1,0.75,626522,626852,628988,COGC_18022000
95,0,3,4,1,1,0.75,632138,632452,634488,COGC_18022000
96,0,6,2,1,0,0.75,637838,638484,640121,COGC_18022000
97,0,6,6,2,0,0.75,644138,644756,646504,COGC_18022000
98,0,8,3,1,1,0.75,649921,650228,652587,COGC_18022000
99,0,4,2,1,0,0.75,656371,656724,659171,COGC_18022000
100,0,6,4,2,0,0.75,662637,663028,665220,COGC_18022000
101,1,7,8,1,1,0.75,673853,674836,676653,COGC_18022000
102,1,2,2,1,1,0.75,680086,680724,682336,COGC_18022000
103,1,7,7,1,1,0.75,686236,686548,688286,COGC_18022000
104,1,7,6,1,1,0.75,691669,692004,693769,COGC_18022000
105,1,7,2,1,1,0.75,697702,698068,699952,COGC_18022000
106,1,8,7,1,1,0.75,703719,704004,706202,COGC_18022000
107,1,5,3,1,1,0.75,710102,710500,712768,COGC_18022000
108,1,2,2,1,1,0.75,716435,716964,719451,COGC_18022000
109,1,5,6,1,1,0.75,723384,723956,726101,COGC_18022000
110,1,6,6,1,1,0.75,729917,730644,732201,COGC_18022000
111,1,5,3,1,0,0.75,736250,737092,739434,COGC_18022000
112,1,7,8,2,1,0.75,743150,743860,746283,COGC_18022000
113,1,8,3,2,1,0.75,749767,750180,752450,COGC_18022000
114,1,4,2,2,0,0.75,755866,756275,758549,COGC_18022000
115,1,6,8,1,1,0.75,761783,762195,764516,COGC_18022000
116,1,2,4,1,1,0.75,767616,768979,770532,COGC_18022000
117,0,6,6,1,0,0.25,774082,774659,776582,COGC_18022000
118,0,5,4,2,1,0.25,780082,780467,782132,COGC_18022000
119,0,7,5,2,1,0.25,785482,785971,788331,COGC_18022000
120,0,2,4,2,1,0.25,791998,792403,794815,COGC_18022000
121,0,4,5,2,1,0.25,798448,799187,801414,COGC_18022000
122,0,7,2,2,1,0.25,804964,805475,807797,COGC_18022000
123,0,5,5,2,1,0.25,811047,811379,813864,COGC_18022000
124,0,2,3,2,1,0.25,817864,818531,820513,COGC_18022000
125,0,5,4,2,1,0.25,824080,824531,826863,COGC_18022000
126,0,5,7,2,0,0.25,830763,831107,833063,COGC_18022000
127,0,6,2,1,0,0.25,836246,836851,838963,COGC_18022000
128,0,6,8,2,1,0.25,842346,843363,845279,COGC_18022000
129,0,3,6,2,1,0.25,848729,849347,851262,COGC_18022000
130,0,2,7,2,1,0.25,854429,854835,856978,COGC_18022000
1,0,3,3,1,0,0.15,6299,7239,9449,CPGL_30041994
2,0,3,6,2,1,0.15,13399,14135,16315,CPGL_30041994
3,0,8,3,2,1,0.15,19499,20135,22649,CPGL_30041994
4,0,7,5,2,1,0.15,26165,26615,28948,CPGL_30041994
5,0,4,6,2,1,0.15,32581,33015,35281,CPGL_30041994
6,0,2,2,2,0,0.15,38781,39255,41764,CPGL_30041994
7,0,6,2,2,1,0.15,45614,46007,48314,CPGL_30041994
8,0,2,3,2,1,0.15,51714,52151,54314,CPGL_30041994
9,0,3,2,2,1,0.15,58130,58663,60447,CPGL_30041994
10,0,2,4,2,1,0.15,64213,65191,67430,CPGL_30041994
11,0,4,4,2,1,0.15,71396,71911,74396,CPGL_30041994
12,0,6,2,2,0,0.15,77930,78711,80913,CPGL_30041994
13,0,4,8,2,1,0.15,84029,84423,85979,CPGL_30041994
14,0,3,5,2,0,0.15,89829,90151,92229,CPGL_30041994
15,0,6,2,2,1,0.15,95795,96102,98312,CPGL_30041994
16,0,3,8,2,1,0.15,101429,101798,104228,CPGL_30041994
17,0,4,7,2,1,0.15,108162,108550,110428,CPGL_30041994
18,0,3,3,2,1,0.15,113778,114342,115945,CPGL_30041994
19,1,8,3,2,1,0.85,119344,119670,121294,CPGL_30041994
20,1,4,5,2,0,0.85,125044,125398,127627,CPGL_30041994
21,1,8,2,2,1,0.85,131444,131782,134227,CPGL_30041994
22,1,6,7,2,0,0.85,137610,138118,139694,CPGL_30041994
23,1,6,2,2,0,0.85,143460,143798,146160,CPGL_30041994
24,1,5,6,1,0,0.85,149343,150406,151993,CPGL_30041994
25,1,3,2,1,1,0.85,155076,155494,157159,CPGL_30041994
26,1,4,4,1,1,0.85,160476,160838,162859,CPGL_30041994
27,1,2,3,1,1,0.85,166876,167206,169176,CPGL_30041994
28,1,5,7,1,1,0.85,173209,173590,175609,CPGL_30041994
29,1,2,3,1,1,0.85,178775,179254,181358,CPGL_30041994
30,1,3,6,1,1,0.85,185375,185750,188125,CPGL_30041994
31,1,8,2,1,0,0.15,199941,200502,202608,CPGL_30041994
32,1,8,4,1,0,0.15,206407,206726,209157,CPGL_30041994
33,1,4,5,2,1,0.15,212624,213062,214957,CPGL_30041994
34,1,5,2,2,1,0.15,218640,219013,221457,CPGL_30041994
35,1,3,7,2,0,0.15,224923,225253,226840,CPGL_30041994
36,1,5,5,2,1,0.15,230890,231189,233306,CPGL_30041994
37,1,6,8,2,1,0.15,237289,237765,240273,CPGL_30041994
38,1,3,6,2,0,0.15,243672,244005,245806,CPGL_30041994
39,1,3,7,2,1,0.15,249222,249589,251589,CPGL_30041994
40,1,7,3,2,1,0.15,255255,255573,258055,CPGL_30041994
41,1,2,6,2,1,0.15,261555,261957,264272,CPGL_30041994
42,1,7,6,2,1,0.15,267471,267845,270321,CPGL_30041994
43,1,3,7,2,1,0.15,274338,274661,276521,CPGL_30041994
44,1,5,2,2,1,0.15,280421,280773,282604,CPGL_30041994
45,1,3,6,2,1,0.15,286271,286597,288721,CPGL_30041994
46,1,3,8,2,1,0.15,292054,292517,294804,CPGL_30041994
47,1,8,2,2,1,0.15,298687,299061,301253,CPGL_30041994
48,1,6,2,2,1,0.15,304403,304741,306786,CPGL_30041994
49,1,8,5,2,1,0.15,310253,310629,312869,CPGL_30041994
50,1,6,6,2,0,0.15,316136,316501,318903,CPGL_30041994
51,1,3,6,2,1,0.15,322702,322981,324602,CPGL_30041994
52,1,7,3,2,1,0.15,327969,328293,330052,CPGL_30041994
53,0,8,5,2,1,0.85,333702,334069,336252,CPGL_30041994
54,0,5,8,2,0,0.85,339318,339621,342118,CPGL_30041994
55,0,8,5,2,0,0.85,345601,345893,347768,CPGL_30041994
56,0,4,4,1,1,0.85,351734,352116,353801,CPGL_30041994
57,0,5,2,1,1,0.85,357451,357764,359867,CPGL_30041994
58,0,3,5,1,1,0.85,363134,363460,365651,CPGL_30041994
59,0,8,6,1,0,0.85,368834,369476,371084,CPGL_30041994
60,0,8,2,1,1,0.85,374283,374564,377067,CPGL_30041994
61,0,3,5,1,1,0.85,380183,380740,382616,CPGL_30041994
62,0,3,6,1,1,0.85,386550,386916,388450,CPGL_30041994
63,0,3,6,1,1,0.85,391983,392356,394783,CPGL_30041994
64,0,2,7,1,1,0.85,398282,398612,400216,CPGL_30041994
65,0,7,4,1,1,0.85,404216,404564,406282,CPGL_30041994
66,1,2,6,3,0,0.25,418815,420212,422731,CPGL_30041994
67,1,5,2,2,1,0.25,426048,426452,428798,CPGL_30041994
68,1,6,7,2,1,0.25,431914,432340,434864,CPGL_30041994
69,1,6,4,2,0,0.25,437931,438340,440164,CPGL_30041994
70,1,2,4,2,1,0.25,444180,444564,446664,CPGL_30041994
71,1,5,4,2,1,0.25,449997,450276,452530,CPGL_30041994
72,1,8,3,2,1,0.25,456263,456596,458163,CPGL_30041994
73,1,5,3,2,1,0.25,461880,462852,464713,CPGL_30041994
74,1,3,7,2,1,0.25,468546,469492,471579,CPGL_30041994
75,1,2,7,2,1,0.25,474879,475348,476879,CPGL_30041994
76,1,5,7,2,1,0.25,480612,481027,483229,CPGL_30041994
77,1,6,7,2,1,0.25,486512,487555,489995,CPGL_30041994
78,1,3,6,2,1,0.25,493912,494467,496212,CPGL_30041994
79,1,3,8,2,1,0.25,499811,500451,502295,CPGL_30041994
80,1,3,4,2,1,0.25,506061,506515,508461,CPGL_30041994
81,1,8,8,2,1,0.25,511544,511875,514277,CPGL_30041994
82,1,5,8,2,0,0.25,518011,518355,520644,CPGL_30041994
83,1,6,2,2,0,0.25,524477,525251,527177,CPGL_30041994
84,1,2,2,2,1,0.25,530310,530691,533193,CPGL_30041994
85,1,2,4,2,0,0.25,536926,537331,539793,CPGL_30041994
86,1,8,7,1,0,0.25,543743,544067,546343,CPGL_30041994
87,1,4,8,1,0,0.25,549776,550067,552326,CPGL_30041994
88,1,8,5,1,0,0.25,556042,556339,558209,CPGL_30041994
89,0,3,2,2,1,0.75,562125,562451,564409,CPGL_30041994
90,0,5,8,2,0,0.75,567825,568211,569842,CPGL_30041994
91,0,7,5,2,0,0.75,573058,573411,575875,CPGL_30041994
92,0,4,3,2,0,0.75,579058,579459,581391,CPGL_30041994
93,0,6,3,1,0,0.75,584558,584979,587058,CPGL_30041994
94,0,8,3,1,1,0.75,590124,590483,592441,CPGL_30041994
95,0,3,2,1,1,0.75,596140,596467,598624,CPGL_30041994
96,0,5,4,1,1,0.75,602590,602883,604790,CPGL_30041994
97,0,8,6,1,1,0.75,608423,608771,610973,CPGL_30041994
98,0,7,2,1,0,0.75,614940,615363,616890,CPGL_30041994
99,0,3,6,1,1,0.75,620773,621058,622839,CPGL_30041994
100,0,6,8,1,1,0.75,626373,626754,628656,CPGL_30041994
101,0,8,3,1,0,0.25,639322,640802,642905,CPGL_30041994
102,0,8,2,1,0,0.25,646122,646434,648255,CPGL_30041994
103,0,5,2,1,0,0.25,651971,652306,654321,CPGL_30041994
104,0,7,4,1,0,0.25,657921,658258,660305,CPGL_30041994
105,0,7,6,2,1,0.25,663588,663874,665838,CPGL_30041994
106,0,4,3,2,1,0.25,669704,670034,671787,CPGL_30041994
107,0,5,8,2,0,0.25,675304,675698,677320,CPGL_30041994
108,0,8,6,2,1,0.25,681204,681618,683404,CPGL_30041994
109,0,4,8,2,1,0.25,687170,687538,689720,CPGL_30041994
110,0,7,4,2,0,0.25,693220,693618,695386,CPGL_30041994
111,0,5,6,2,0,0.25,698586,698914,701336,CPGL_30041994
112,0,7,8,2,1,0.25,704603,704930,706519,CPGL_30041994
113,0,8,4,2,1,0.25,710302,710786,713019,CPGL_30041994
114,0,5,3,2,1,0.25,716335,716770,718452,CPGL_30041994
115,0,7,5,2,1,0.25,721835,722178,724202,CPGL_30041994
116,0,7,2,2,0,0.25,728235,728658,731101,CPGL_30041994
117,1,2,5,2,0,0.75,734701,735186,737468,CPGL_30041994
118,1,7,7,2,1,0.75,740768,741217,743684,CPGL_30041994
119,1,5,5,2,0,0.75,747101,747585,749984,CPGL_30041994
120,1,5,2,2,0,0.75,753334,753681,755317,CPGL_30041994
121,1,3,5,2,1,0.75,758417,758705,760317,CPGL_30041994
122,1,7,5,2,0,0.75,763517,763793,765800,CPGL_30041994
123,1,5,7,2,1,0.75,769133,769441,771016,CPGL_30041994
124,1,6,4,2,0,0.75,775033,775393,777849,CPGL_30041994
125,1,8,8,1,1,0.75,781816,782369,784532,CPGL_30041994
126,1,3,2,1,0,0.75,787682,788321,790782,CPGL_30041994
127,1,7,7,1,1,0.75,793965,794337,796365,CPGL_30041994
128,1,8,2,1,1,0.75,800165,800481,802965,CPGL_30041994
1,0,6,6,1,0,0.25,6266,6300,7866,CRCM_04051980
2,0,8,3,2,1,0.25,11649,12220,13799,CRCM_04051980
3,0,6,4,2,1,0.25,16882,17244,19532,CRCM_04051980
4,0,2,5,2,1,0.25,23332,23692,25415,CRCM_04051980
5,0,4,3,2,1,0.25,28898,29388,31765,CRCM_04051980
6,0,6,4,2,1,0.25,35198,35532,37265,CRCM_04051980
7,0,2,2,2,1,0.25,40714,41756,43931,CRCM_04051980
8,0,7,3,1,0,0.25,47414,48092,50347,CRCM_04051980
9,0,3,4,2,1,0.25,53914,54252,56614,CRCM_04051980
10,0,7,5,2,1,0.25,60097,60412,62913,CRCM_04051980
11,0,6,8,2,1,0.25,66113,66443,68147,CRCM_04051980
12,0,4,6,2,1,0.25,71996,72379,74863,CRCM_04051980
13,0,2,8,2,0,0.25,78429,79051,80863,CRCM_04051980
14,0,2,8,2,1,0.25,84663,84939,87079,CRCM_04051980
15,0,5,3,2,0,0.25,90362,90811,92512,CRCM_04051980
16,0,8,4,2,0,0.25,96262,96619,99045,CRCM_04051980
17,0,4,5,2,1,0.25,103078,103675,105895,CRCM_04051980
18,1,5,4,2,0,0.75,109378,110267,112345,CRCM_04051980
19,1,2,3,2,0,0.75,115678,116923,118661,CRCM_04051980
20,1,4,3,2,0,0.75,122078,122459,124827,CRCM_04051980
21,1,4,4,2,0,0.75,128511,129035,131361,CRCM_04051980
22,1,8,2,1,0,0.75,134727,135243,136877,CRCM_04051980
23,1,7,2,1,0,0.75,140560,140891,143277,CRCM_04051980
24,1,6,4,2,0,0.75,146427,146747,148776,CRCM_04051980
25,1,6,7,2,1,0.75,152210,152747,155010,CRCM_04051980
26,1,4,4,2,0,0.75,158676,158955,161176,CRCM_04051980
27,1,7,3,1,0,0.75,164442,164827,166992,CRCM_04051980
28,1,5,5,1,1,0.75,170842,171291,172875,CRCM_04051980
29,1,6,6,2,0,0.75,176209,177179,178775,CRCM_04051980
30,1,7,8,2,1,0.85,190225,191275,193325,CRCM_04051980
31,1,3,7,2,0,0.85,197158,197467,199158,CRCM_04051980
32,1,7,4,2,0,0.85,202541,203435,205907,CRCM_04051980
33,1,5,5,1,1,0.85,209174,209834,212007,CRCM_04051980
34,1,2,2,1,1,0.85,215507,215834,217423,CRCM_04051980
35,1,5,3,1,1,0.85,221240,221514,223607,CRCM_04051980
36,1,3,2,1,1,0.85,227573,228122,230173,CRCM_04051980
37,1,7,2,1,1,0.85,233739,234378,236406,CRCM_04051980
38,1,2,2,1,1,0.85,240106,241434,243922,CRCM_04051980
39,1,3,3,1,1,0.85,247289,247738,249489,CRCM_04051980
40,1,3,6,1,1,0.85,252955,253402,255472,CRCM_04051980
41,1,4,7,1,1,0.85,258788,259338,261272,CRCM_04051980
42,1,5,5,1,0,0.85,264488,265002,266921,CRCM_04051980
43,1,3,2,1,1,0.85,270005,270378,271904,CRCM_04051980
44,1,7,3,2,0,0.85,275904,276666,278721,CRCM_04051980
45,1,2,8,1,1,0.85,281837,282410,284504,CRCM_04051980
46,0,8,5,1,0,0.15,287787,288138,289937,CRCM_04051980
47,0,2,6,1,0,0.15,293737,294074,296353,CRCM_04051980
48,0,6,5,1,0,0.15,299870,300394,302336,CRCM_04051980
49,0,4,8,2,1,0.15,305703,306362,308753,CRCM_04051980
50,0,7,8,2,1,0.15,312336,312746,314269,CRCM_04051980
51,0,4,7,1,0,0.15,318302,318666,320936,CRCM_04051980
52,0,6,6,2,1,0.15,324119,324442,326919,CRCM_04051980
53,0,2,4,2,0,0.15,330002,330522,332852,CRCM_04051980
54,0,3,3,2,1,0.15,336418,336762,338302,CRCM_04051980
55,0,6,7,2,1,0.15,341368,342906,345285,CRCM_04051980
56,0,4,2,2,0,0.15,348801,349098,351334,CRCM_04051980
57,0,7,8,2,1,0.15,355218,356266,358651,CRCM_04051980
58,1,4,5,1,0,0.15,370817,372777,375100,CRCM_04051980
59,1,5,8,2,1,0.15,378716,379177,381566,CRCM_04051980
60,1,8,5,2,1,0.15,385550,385897,387466,CRCM_04051980
61,1,8,6,2,1,0.15,390849,391161,392933,CRCM_04051980
62,1,2,6,2,1,0.15,396266,396585,398432,CRCM_04051980
63,1,8,5,2,1,0.15,401566,401849,403782,CRCM_04051980
64,1,3,6,2,1,0.15,406832,407369,409432,CRCM_04051980
65,1,4,4,2,1,0.15,413215,413625,415615,CRCM_04051980
66,1,3,6,2,1,0.15,419181,419641,421798,CRCM_04051980
67,1,2,3,2,0,0.15,425514,425865,428298,CRCM_04051980
68,1,6,8,2,1,0.15,432298,432601,434631,CRCM_04051980
69,1,2,5,2,0,0.15,437864,438185,439864,CRCM_04051980
70,1,6,8,1,0,0.15,443114,443833,445914,CRCM_04051980
71,1,2,8,1,0,0.15,449880,450265,452197,CRCM_04051980
72,1,3,8,2,1,0.15,455447,455689,457580,CRCM_04051980
73,1,2,5,2,1,0.15,461330,461609,463330,CRCM_04051980
74,0,8,5,2,0,0.85,467346,467721,470063,CRCM_04051980
75,0,5,4,2,0,0.85,473929,474425,476329,CRCM_04051980
76,0,3,2,1,1,0.85,480295,480617,482795,CRCM_04051980
77,0,5,8,1,0,0.85,486262,487241,488812,CRCM_04051980
78,0,4,7,2,0,0.85,492578,493049,495378,CRCM_04051980
79,0,8,8,2,0,0.85,499061,499401,501511,CRCM_04051980
80,0,4,4,1,0,0.85,504861,505288,507678,CRCM_04051980
81,0,7,2,1,1,0.85,511077,511416,513411,CRCM_04051980
82,0,2,2,1,1,0.85,516577,516984,519194,CRCM_04051980
83,0,5,3,1,1,0.85,523144,523528,525977,CRCM_04051980
84,0,4,5,1,0,0.85,529693,531096,532893,CRCM_04051980
85,0,4,2,1,1,0.85,536143,536744,538393,CRCM_04051980
86,0,2,5,1,1,0.85,542326,543000,545309,CRCM_04051980
87,1,3,8,1,0,0.25,556675,557128,558725,CRCM_04051980
88,1,5,5,1,1,0.25,562192,562520,564658,CRCM_04051980
89,1,6,6,1,0,0.25,567958,568392,570225,CRCM_04051980
90,1,3,5,1,0,0.25,573791,574120,576475,CRCM_04051980
91,1,4,2,2,0,0.25,580241,580568,582208,CRCM_04051980
92,1,4,7,2,0,0.25,585841,586232,588491,CRCM_04051980
93,1,7,3,1,0,0.25,592441,593304,595707,CRCM_04051980
94,1,5,3,2,1,0.25,599457,600232,602074,CRCM_04051980
95,1,3,8,2,0,0.25,605507,605928,607923,CRCM_04051980
96,1,4,3,1,0,0.25,611690,612040,613706,CRCM_04051980
97,1,2,4,1,0,0.25,617456,617768,620273,CRCM_04051980
98,1,6,8,2,1,0.25,623539,623800,625822,CRCM_04051980
99,1,5,7,1,0,0.25,629039,629576,631106,CRCM_04051980
100,1,7,2,1,0,0.25,634405,635672,637672,CRCM_04051980
101,1,7,5,2,1,0.25,641488,642248,643855,CRCM_04051980
102,1,8,8,2,1,0.25,647538,647832,649788,CRCM_04051980
103,0,2,3,2,1,0.75,653338,653767,655721,CRCM_04051980
104,0,3,5,2,1,0.75,658871,659287,661704,CRCM_04051980
105,0,7,3,2,0,0.75,665437,669079,671571,CRCM_04051980
106,0,2,6,2,0,0.75,674870,675191,677620,CRCM_04051980
107,0,2,3,2,0,0.75,680670,681111,683003,CRCM_04051980
108,0,3,8,1,1,0.75,686870,687159,689403,CRCM_04051980
109,0,4,3,2,0,0.75,692886,693351,695403,CRCM_04051980
110,0,2,5,1,0,0.75,698836,699255,700903,CRCM_04051980
111,0,3,5,2,0,0.75,704019,704679,706619,CRCM_04051980
112,0,3,7,1,1,0.75,710269,710599,712902,CRCM_04051980
113,0,6,8,1,1,0.75,716102,716423,718818,CRCM_04051980
114,0,4,8,1,1,0.75,722202,722487,724702,CRCM_04051980
1,0,3,8,2,0,0.25,17265,18758,21199,CVVS_11061986
2,0,8,5,1,0,0.25,24915,27606,29198,CVVS_11061986
3,0,4,3,1,0,0.25,32448,33510,35615,CVVS_11061986
4,0,6,6,2,0,0.25,39464,40070,41931,CVVS_11061986
5,0,8,3,1,0,0.25,45131,45845,47931,CVVS_11061986
6,0,8,5,2,0,0.25,51897,52805,54564,CVVS_11061986
7,0,6,8,2,0,0.25,57747,58469,60547,CVVS_11061986
8,0,5,7,2,1,0.25,64297,64981,67363,CVVS_11061986
9,0,8,4,2,1,0.25,70663,71509,73996,CVVS_11061986
10,0,7,5,2,1,0.25,77130,77573,79913,CVVS_11061986
11,0,4,3,2,1,0.25,83346,83829,86146,CVVS_11061986
12,0,8,5,2,1,0.25,89946,90517,92512,CVVS_11061986
13,0,3,6,2,1,0.25,96129,96501,98512,CVVS_11061986
14,0,5,8,2,1,0.25,102095,102437,104145,CVVS_11061986
15,0,5,5,2,0,0.25,108162,108485,110795,CVVS_11061986
16,0,5,2,2,1,0.25,114545,114853,117144,CVVS_11061986
17,0,6,2,2,1,0.25,120778,121125,123278,CVVS_11061986
18,0,3,7,2,1,0.25,126694,127205,128877,CVVS_11061986
19,0,5,5,2,1,0.25,132027,132437,134244,CVVS_11061986
20,1,8,3,2,1,0.75,137944,138325,140277,CVVS_11061986
21,1,6,2,2,1,0.75,144210,144821,146727,CVVS_11061986
22,1,7,7,2,0,0.75,150310,150933,152693,CVVS_11061986
23,1,3,7,2,0,0.75,155893,156501,158109,CVVS_11061986
24,1,4,7,1,1,0.75,161176,161733,163809,CVVS_11061986
25,1,6,4,1,1,0.75,167176,167637,170109,CVVS_11061986
26,1,2,3,1,1,0.75,173675,174357,176492,CVVS_11061986
27,1,4,2,1,0,0.75,180192,180644,182225,CVVS_11061986
28,1,3,8,1,0,0.75,186092,186549,188341,CVVS_11061986
29,1,3,4,2,0,0.75,191491,192052,194425,CVVS_11061986
30,1,5,2,1,0,0.75,197808,198244,200708,CVVS_11061986
31,1,3,2,1,1,0.75,204224,204724,206974,CVVS_11061986
32,1,3,6,1,1,0.75,210907,211524,213357,CVVS_11061986
33,0,6,2,1,1,0.15,224657,227028,228906,CVVS_11061986
34,0,4,5,1,1,0.15,232073,232516,234689,CVVS_11061986
35,0,6,5,1,0,0.15,238706,239268,241422,CVVS_11061986
36,0,3,6,1,0,0.15,244672,245284,247522,CVVS_11061986
37,0,3,2,2,1,0.15,251555,252164,254389,CVVS_11061986
38,0,6,8,2,1,0.15,257988,258532,260622,CVVS_11061986
39,0,4,2,2,1,0.15,264488,264964,267055,CVVS_11061986
40,0,3,3,2,1,0.15,270821,271492,273204,CVVS_11061986
41,0,8,4,2,1,0.15,276754,277460,279121,CVVS_11061986
42,0,2,3,2,1,0.15,283037,283668,285771,CVVS_11061986
43,0,3,6,2,1,0.15,289454,290244,292187,CVVS_11061986
44,0,5,3,2,1,0.15,295537,296420,298887,CVVS_11061986
45,0,4,6,2,0,0.15,301953,302724,304353,CVVS_11061986
46,0,4,2,2,1,0.15,308070,308740,310586,CVVS_11061986
47,0,6,2,2,1,0.15,313636,314132,315719,CVVS_11061986
48,0,2,6,2,1,0.15,319036,319667,321819,CVVS_11061986
49,0,2,2,2,1,0.15,325402,326019,327719,CVVS_11061986
50,1,5,8,2,0,0.85,330985,331843,334202,CVVS_11061986
51,1,7,3,2,0,0.85,338018,338483,340585,CVVS_11061986
52,1,6,2,1,1,0.85,344301,344995,346551,CVVS_11061986
53,1,2,8,1,1,0.85,350301,352163,354634,CVVS_11061986
54,1,2,2,1,1,0.85,358634,359267,361034,CVVS_11061986
55,1,4,5,1,1,0.85,364184,364691,366884,CVVS_11061986
56,1,2,3,1,1,0.85,370350,371059,373067,CVVS_11061986
57,1,3,8,1,1,0.85,376200,376675,379150,CVVS_11061986
58,1,7,2,1,0,0.85,382816,383411,385483,CVVS_11061986
59,1,6,5,1,1,0.85,389333,389827,391599,CVVS_11061986
60,1,8,4,1,1,0.85,394949,395411,397466,CVVS_11061986
61,1,5,4,1,1,0.85,400816,401747,403365,CVVS_11061986
62,1,4,4,1,1,0.85,406499,410179,412382,CVVS_11061986
63,1,5,3,1,0,0.25,420515,421459,423448,CVVS_11061986
64,1,3,5,1,0,0.25,426881,427203,428931,CVVS_11061986
65,1,6,4,2,1,0.25,431981,432339,434681,CVVS_11061986
66,1,5,5,2,1,0.25,438181,438515,440131,CVVS_11061986
67,1,4,8,2,1,0.25,443330,444435,446647,CVVS_11061986
68,1,8,3,2,0,0.25,450497,451363,453397,CVVS_11061986
69,1,8,2,2,1,0.25,456880,457490,459380,CVVS_11061986
70,1,5,6,2,1,0.25,462913,463474,465096,CVVS_11061986
71,1,6,3,2,1,0.25,468813,469394,471496,CVVS_11061986
72,1,7,4,2,1,0.25,474796,475554,478029,CVVS_11061986
73,1,6,7,2,0,0.25,481129,483170,485195,CVVS_11061986
74,1,4,8,2,1,0.25,488912,489922,492028,CVVS_11061986
75,1,7,8,2,1,0.25,495862,496514,498878,CVVS_11061986
76,1,5,3,2,1,0.25,502261,504530,506461,CVVS_11061986
77,1,6,6,2,1,0.25,509894,510386,512161,CVVS_11061986
78,1,4,2,2,1,0.25,515427,516898,518444,CVVS_11061986
79,0,3,8,2,0,0.75,522477,523186,524894,CVVS_11061986
80,0,2,5,2,1,0.75,527927,528402,530560,CVVS_11061986
81,0,2,2,2,1,0.75,533627,534018,536026,CVVS_11061986
82,0,6,7,2,0,0.75,539210,539682,542110,CVVS_11061986
83,0,2,3,2,0,0.75,545609,546162,548426,CVVS_11061986
84,0,7,4,1,1,0.75,551926,552210,554742,CVVS_11061986
85,0,8,5,1,1,0.75,558559,558914,561275,CVVS_11061986
86,0,2,8,1,0,0.75,564659,565602,567725,CVVS_11061986
87,0,2,4,1,0,0.75,571225,571682,574191,CVVS_11061986
88,0,2,5,2,0,0.75,577675,578210,580008,CVVS_11061986
89,0,2,6,2,0,0.75,583641,584257,586191,CVVS_11061986
90,0,3,8,2,0,0.75,589957,590593,592357,CVVS_11061986
91,0,6,2,1,0,0.75,596357,596849,598657,CVVS_11061986
92,0,3,6,1,1,0.75,602607,603105,605607,CVVS_11061986
93,0,7,4,1,1,0.75,609373,609825,611640,CVVS_11061986
94,0,4,7,2,0,0.85,622456,623313,625273,CVVS_11061986
95,0,8,2,1,1,0.85,628739,629345,630972,CVVS_11061986
96,0,7,5,1,0,0.85,634189,635297,637539,CVVS_11061986
97,0,4,3,1,1,0.85,641339,641841,643555,CVVS_11061986
98,0,6,2,1,1,0.85,647538,648017,649688,CVVS_11061986
99,0,8,4,1,1,0.85,652988,653569,656088,CVVS_11061986
100,0,8,3,1,1,0.85,659721,660449,662454,CVVS_11061986
101,0,8,8,1,1,0.85,665904,667937,670221,CVVS_11061986
102,0,4,2,1,1,0.85,673987,674545,677054,CVVS_11061986
103,0,8,5,1,1,0.85,680354,680865,682737,CVVS_11061986
104,0,4,3,1,1,0.85,686587,687009,688953,CVVS_11061986
105,0,5,7,1,1,0.85,692736,693537,695820,CVVS_11061986
106,0,5,6,1,1,0.85,699736,700193,702586,CVVS_11061986
107,0,3,5,1,1,0.85,706219,706785,708969,CVVS_11061986
108,0,3,5,1,1,0.85,712752,713169,715519,CVVS_11061986
109,0,4,6,1,1,0.85,719235,719841,721785,CVVS_11061986
110,1,3,6,1,1,0.15,725035,726112,728468,CVVS_11061986
111,1,2,8,1,0,0.15,732118,733200,735251,CVVS_11061986
112,1,4,6,1,0,0.15,739084,739792,742234,CVVS_11061986
113,1,5,3,2,1,0.15,745301,745760,747884,CVVS_11061986
114,1,8,3,2,1,0.15,751084,752944,755200,CVVS_11061986
115,1,2,8,2,1,0.15,758984,759920,762267,CVVS_11061986
116,1,5,2,2,1,0.15,766233,767040,769100,CVVS_11061986
117,1,6,7,2,1,0.15,772566,773024,774800,CVVS_11061986
118,1,2,6,2,1,0.15,778549,778944,780483,CVVS_11061986
119,1,3,6,2,1,0.15,784166,786896,788782,CVVS_11061986
120,1,4,8,2,0,0.15,791849,792352,794565,CVVS_11061986
121,1,5,8,2,1,0.15,798415,798832,800532,CVVS_11061986
122,1,4,6,2,1,0.15,803665,804208,805782,CVVS_11061986
123,1,3,5,2,1,0.15,809548,810176,812531,CVVS_11061986
1,1,7,7,1,0,0.85,44431,46330,48481,C_DR_18111995
2,1,6,5,2,0,0.85,52214,52906,55347,C_DR_18111995
3,1,8,7,1,1,0.85,59064,59594,61897,C_DR_18111995
4,1,7,4,1,1,0.85,65380,66138,68379,C_DR_18111995
5,1,3,2,1,1,0.85,71680,72794,74530,C_DR_18111995
6,1,6,2,1,1,0.85,78429,79226,81663,C_DR_18111995
7,1,6,7,1,1,0.85,84929,85962,87546,C_DR_18111995
8,1,3,7,1,1,0.85,91262,91690,93379,C_DR_18111995
9,1,4,6,1,0,0.85,97062,97642,99262,C_DR_18111995
10,1,7,2,2,0,0.85,102878,103322,105378,C_DR_18111995
11,1,4,5,1,1,0.85,109245,109562,111445,C_DR_18111995
12,1,6,3,1,0,0.85,114678,115802,117828,C_DR_18111995
13,1,5,5,1,1,0.85,121511,122634,124394,C_DR_18111995
14,1,6,7,1,1,0.85,128011,128970,131127,C_DR_18111995
15,1,3,8,1,0,0.85,134994,135961,138360,C_DR_18111995
16,1,6,2,1,1,0.85,141560,142042,144227,C_DR_18111995
17,1,6,8,1,1,0.85,147693,148169,150026,C_DR_18111995
18,1,7,3,1,1,0.85,153443,153897,155909,C_DR_18111995
19,0,7,2,1,0,0.15,159726,160169,161759,C_DR_18111995
20,0,3,2,1,0,0.15,165409,165866,167842,C_DR_18111995
21,0,5,2,2,1,0.15,171592,173785,176325,C_DR_18111995
22,0,2,3,2,1,0.15,180342,180969,182658,C_DR_18111995
23,0,6,8,2,1,0.15,186758,187465,189208,C_DR_18111995
24,0,3,8,2,1,0.15,193241,193577,195774,C_DR_18111995
25,0,6,5,2,1,0.15,199824,200265,202157,C_DR_18111995
26,0,7,8,2,1,0.15,205907,206233,208724,C_DR_18111995
27,0,3,4,2,1,0.15,212524,213033,215207,C_DR_18111995
28,0,3,7,2,1,0.15,218523,218921,220773,C_DR_18111995
29,0,6,8,2,0,0.15,224056,224521,226323,C_DR_18111995
30,0,6,8,1,0,0.15,230290,232457,234073,C_DR_18111995
31,0,5,5,1,1,0.85,242539,245417,247805,C_DR_18111995
32,0,6,2,1,1,0.85,251572,256505,258372,C_DR_18111995
33,0,5,6,1,1,0.85,261722,263017,265371,C_DR_18111995
34,0,6,7,1,1,0.85,268521,269225,271221,C_DR_18111995
35,0,7,7,1,0,0.85,274638,276185,278504,C_DR_18111995
36,0,3,4,1,1,0.85,281654,282313,284637,C_DR_18111995
37,0,8,6,1,0,0.85,288620,289145,291637,C_DR_18111995
38,0,8,7,1,1,0.85,294970,296216,298420,C_DR_18111995
39,0,3,6,1,0,0.85,301770,302232,304086,C_DR_18111995
40,0,3,5,1,1,0.85,308086,310376,312853,C_DR_18111995
41,0,8,4,1,1,0.85,316202,317016,318969,C_DR_18111995
42,0,2,7,1,0,0.85,322352,323144,325085,C_DR_18111995
43,0,5,4,2,0,0.85,328335,330920,333185,C_DR_18111995
44,0,3,3,1,1,0.85,336802,337368,339835,C_DR_18111995
45,0,8,4,1,0,0.85,343801,344488,346401,C_DR_18111995
46,0,3,4,1,1,0.85,350201,350712,353268,C_DR_18111995
47,0,2,8,1,1,0.85,356517,356984,359234,C_DR_18111995
48,1,8,6,1,0,0.15,362784,363464,365200,C_DR_18111995
49,1,5,7,1,1,0.15,368400,368760,370567,C_DR_18111995
50,1,5,7,1,1,0.15,374167,374536,376267,C_DR_18111995
51,1,4,6,1,0,0.15,379800,380984,383383,C_DR_18111995
52,1,5,8,2,1,0.15,387399,391272,393182,C_DR_18111995
53,1,7,5,2,1,0.15,397166,397752,400016,C_DR_18111995
54,1,5,5,2,1,0.15,403299,404232,406499,C_DR_18111995
55,1,7,5,2,1,0.15,410148,410664,413065,C_DR_18111995
56,1,5,7,2,1,0.15,417048,417496,419981,C_DR_18111995
57,1,5,5,2,1,0.15,423231,423880,425464,C_DR_18111995
58,1,8,8,2,1,0.15,428731,429896,431947,C_DR_18111995
59,1,2,2,2,1,0.15,435814,436391,438564,C_DR_18111995
60,0,7,3,1,0,0.75,447447,450807,453047,C_DR_18111995
61,0,3,8,2,0,0.75,456413,456871,458930,C_DR_18111995
62,0,2,3,1,0,0.75,462329,466071,468129,C_DR_18111995
63,0,4,2,2,0,0.75,471346,471927,473979,C_DR_18111995
64,0,7,5,2,0,0.75,477862,478007,479945,C_DR_18111995
65,0,5,7,1,1,0.75,483879,484439,486078,C_DR_18111995
66,0,3,2,1,1,0.75,489212,489607,491578,C_DR_18111995
67,0,4,3,1,1,0.75,494828,495911,497578,C_DR_18111995
68,0,8,8,1,1,0.75,501444,502055,504378,C_DR_18111995
69,0,7,6,1,1,0.75,507494,508231,509877,C_DR_18111995
70,0,8,2,1,0,0.75,513494,514807,517094,C_DR_18111995
71,0,8,2,1,1,0.75,521044,521671,524227,C_DR_18111995
72,0,6,5,1,0,0.75,528293,530631,532776,C_DR_18111995
73,0,6,5,1,0,0.75,536493,538455,541026,C_DR_18111995
74,0,5,4,2,0,0.75,544576,545079,546709,C_DR_18111995
75,0,4,4,1,1,0.75,550309,551015,552826,C_DR_18111995
76,0,3,6,1,1,0.75,556492,557127,559459,C_DR_18111995
77,1,2,3,1,0,0.25,563125,563543,565292,C_DR_18111995
78,1,3,8,2,1,0.25,569092,570631,572241,C_DR_18111995
79,1,3,5,2,0,0.25,576108,576838,578624,C_DR_18111995
80,1,2,6,2,1,0.25,582241,582806,584874,C_DR_18111995
81,1,2,3,2,1,0.25,588424,588919,590841,C_DR_18111995
82,1,3,8,2,0,0.25,594557,595286,597190,C_DR_18111995
83,1,6,5,1,1,0.25,600457,601542,603140,C_DR_18111995
84,1,5,5,1,0,0.25,607223,608246,609840,C_DR_18111995
85,1,8,7,1,1,0.25,613673,614118,615973,C_DR_18111995
86,1,7,7,1,0,0.25,619606,620246,622523,C_DR_18111995
87,1,5,6,2,0,0.25,626139,627238,629122,C_DR_18111995
88,1,4,3,1,0,0.25,632472,633222,635555,C_DR_18111995
89,1,3,8,1,0,0.25,639443,639814,641888,C_DR_18111995
90,1,3,2,2,0,0.25,645705,647094,649038,C_DR_18111995
91,1,4,8,2,1,0.25,652571,653206,655354,C_DR_18111995
92,1,6,8,2,1,0.25,659254,659702,661304,C_DR_18111995
93,1,8,7,2,0,0.25,664687,665462,667737,C_DR_18111995
94,1,8,2,1,1,0.75,676737,678806,680503,C_DR_18111995
95,1,2,7,2,0,0.75,684387,685782,688086,C_DR_18111995
96,1,3,8,1,1,0.75,691786,693430,695919,C_DR_18111995
97,1,4,8,1,1,0.75,699636,700358,702302,C_DR_18111995
98,1,3,2,1,1,0.75,705769,706438,708319,C_DR_18111995
99,1,6,6,1,1,0.75,711885,714678,717135,C_DR_18111995
100,1,3,7,1,1,0.75,721068,722150,724568,C_DR_18111995
101,1,5,8,1,1,0.75,728651,729253,731135,C_DR_18111995
102,1,3,5,1,1,0.75,734734,735701,738201,C_DR_18111995
103,1,5,4,1,1,0.75,741901,742709,744751,C_DR_18111995
104,1,2,3,1,1,0.75,748350,753493,755167,C_DR_18111995
105,1,2,3,1,1,0.75,758817,760021,762483,C_DR_18111995
106,1,4,5,1,1,0.75,765766,766773,768666,C_DR_18111995
107,1,7,5,1,1,0.75,772716,773893,775766,C_DR_18111995
108,1,8,6,1,1,0.75,779299,784389,786915,C_DR_18111995
109,1,2,2,1,1,0.75,790465,791477,793615,C_DR_18111995
110,0,7,3,1,0,0.25,796765,797765,799332,C_DR_18111995
111,0,7,2,1,0,0.25,802981,803797,806115,C_DR_18111995
112,0,2,5,2,1,0.25,809598,811509,813831,C_DR_18111995
113,0,5,8,2,1,0.25,817664,818229,820364,C_DR_18111995
114,0,6,8,2,1,0.25,823764,824213,826547,C_DR_18111995
115,0,2,8,2,0,0.25,830230,830661,832580,C_DR_18111995
116,0,2,3,1,0,0.25,836313,836885,838596,C_DR_18111995
117,0,8,5,1,1,0.25,841763,842357,844130,C_DR_18111995
118,0,7,2,1,1,0.25,847463,847973,849679,C_DR_18111995
119,0,7,6,1,0,0.25,853563,854581,856912,C_DR_18111995
120,0,2,7,1,0,0.25,860796,861989,863762,C_DR_18111995
121,0,7,6,1,0,0.25,867345,868117,870062,C_DR_18111995
1,0,4,7,2,0,0.25,5183,5967,8116,C_PL_22111991
2,0,7,2,1,0,0.25,11532,12064,14582,C_PL_22111991
3,0,4,5,2,0,0.25,17899,18561,20082,C_PL_22111991
4,0,5,2,2,1,0.25,23782,24177,25832,C_PL_22111991
5,0,6,5,2,1,0.25,29715,30242,32065,C_PL_22111991
6,0,7,6,2,1,0.25,35748,36323,38464,C_PL_22111991
7,0,4,5,2,0,0.25,41614,42196,44431,C_PL_22111991
8,0,2,5,2,1,0.25,47797,48597,51081,C_PL_22111991
9,0,7,2,2,1,0.25,54797,55766,57997,C_PL_22111991
10,0,4,8,2,0,0.25,61463,62183,63747,C_PL_22111991
11,0,5,7,1,0,0.25,67797,68168,69813,C_PL_22111991
12,0,8,7,2,0,0.25,72896,73273,75696,C_PL_22111991
13,0,4,3,2,0,0.25,79079,79578,81596,C_PL_22111991
14,0,3,8,1,0,0.25,85179,85467,87796,C_PL_22111991
15,0,2,7,1,0,0.25,91579,91948,93879,C_PL_22111991
16,0,8,2,2,1,0.25,97829,98125,100462,C_PL_22111991
17,0,2,6,2,1,0.25,103962,104398,106045,C_PL_22111991
18,0,7,2,2,1,0.25,109495,109887,111761,C_PL_22111991
19,0,3,2,2,1,0.25,115628,116016,117694,C_PL_22111991
20,1,8,5,2,0,0.75,121461,122193,123861,C_PL_22111991
21,1,2,5,2,0,0.75,127827,128530,130444,C_PL_22111991
22,1,6,5,1,1,0.75,134310,134610,136760,C_PL_22111991
23,1,8,6,1,1,0.75,140210,140595,142777,C_PL_22111991
24,1,2,6,1,0,0.75,146526,146852,149176,C_PL_22111991
25,1,8,4,1,1,0.75,152876,153173,155626,C_PL_22111991
26,1,4,2,1,0,0.75,159226,159558,161542,C_PL_22111991
27,1,7,4,1,1,0.75,165509,165863,168175,C_PL_22111991
28,1,6,5,1,0,0.75,171425,172264,173792,C_PL_22111991
29,1,5,4,2,1,0.75,177808,178201,180142,C_PL_22111991
30,1,7,6,1,1,0.75,183241,184106,186575,C_PL_22111991
31,1,3,4,1,1,0.75,190441,192123,194424,C_PL_22111991
32,1,6,4,1,1,0.75,197741,198412,200074,C_PL_22111991
33,1,4,5,1,1,0.75,203457,204061,206157,C_PL_22111991
34,1,5,8,1,1,0.75,210090,210430,212907,C_PL_22111991
35,1,3,5,1,1,0.75,216073,216591,218940,C_PL_22111991
36,1,6,8,1,1,0.85,231806,233170,235339,C_PL_22111991
37,1,6,6,1,0,0.85,239106,240371,242855,C_PL_22111991
38,1,3,3,1,1,0.85,246405,247460,249588,C_PL_22111991
39,1,7,3,1,1,0.85,252905,253445,255338,C_PL_22111991
40,1,2,7,1,1,0.85,258905,259558,261371,C_PL_22111991
41,1,7,2,1,1,0.85,265154,265559,267704,C_PL_22111991
42,1,6,7,1,1,0.85,271088,271432,273087,C_PL_22111991
43,1,8,7,1,1,0.85,277004,277320,279504,C_PL_22111991
44,1,8,2,1,1,0.85,282954,283337,285120,C_PL_22111991
45,1,5,6,1,1,0.85,288903,289210,291537,C_PL_22111991
46,1,3,6,1,1,0.85,294653,295163,296986,C_PL_22111991
47,1,6,6,1,1,0.85,300870,301500,303036,C_PL_22111991
48,1,8,2,1,1,0.85,307069,308349,310302,C_PL_22111991
49,1,6,7,1,1,0.85,313469,314446,316086,C_PL_22111991
50,1,6,3,1,0,0.85,319669,320447,322119,C_PL_22111991
51,1,2,6,1,1,0.85,326102,326624,328152,C_PL_22111991
52,0,4,5,1,0,0.15,331418,332337,334301,C_PL_22111991
53,0,7,7,2,0,0.15,337901,338242,340651,C_PL_22111991
54,0,8,6,2,1,0.15,343834,344195,346301,C_PL_22111991
55,0,8,5,2,1,0.15,350117,350772,353017,C_PL_22111991
56,0,8,5,2,1,0.15,356167,356709,358800,C_PL_22111991
57,0,7,6,2,1,0.15,362067,362422,364883,C_PL_22111991
58,0,6,2,2,1,0.15,368850,369207,371300,C_PL_22111991
59,0,2,2,2,1,0.15,374583,374903,377233,C_PL_22111991
60,0,3,6,2,1,0.15,381116,381417,383566,C_PL_22111991
61,0,6,2,2,0,0.15,387316,387657,389549,C_PL_22111991
62,0,6,6,2,1,0.15,392799,393082,395282,C_PL_22111991
63,0,5,4,2,1,0.15,398632,398987,401032,C_PL_22111991
64,0,4,5,2,1,0.15,404182,405244,407265,C_PL_22111991
65,0,6,2,1,1,0.75,417498,419214,421414,C_PL_22111991
66,0,2,7,1,1,0.75,425181,426047,427664,C_PL_22111991
67,0,4,7,1,1,0.75,431064,431568,434064,C_PL_22111991
68,0,6,8,1,1,0.75,437530,437809,440030,C_PL_22111991
69,0,2,7,1,1,0.75,443847,444146,446096,C_PL_22111991
70,0,7,2,1,1,0.75,449946,450243,452480,C_PL_22111991
71,0,6,8,1,1,0.75,456313,457156,458846,C_PL_22111991
72,0,4,4,1,1,0.75,462529,463221,465012,C_PL_22111991
73,0,2,3,1,0,0.75,468079,468646,471129,C_PL_22111991
74,0,4,3,1,0,0.75,474845,475687,477795,C_PL_22111991
75,0,6,2,2,0,0.75,480878,481144,483445,C_PL_22111991
76,0,7,8,2,0,0.75,487328,487817,490011,C_PL_22111991
77,0,6,5,1,1,0.75,493628,494410,496694,C_PL_22111991
78,0,6,2,1,1,0.75,500061,500603,502127,C_PL_22111991
79,0,4,5,1,0,0.75,505544,506796,508394,C_PL_22111991
80,0,2,6,2,1,0.75,512310,512733,514427,C_PL_22111991
81,0,8,2,2,0,0.75,518077,518942,521110,C_PL_22111991
82,0,2,6,2,0,0.75,524576,525071,527376,C_PL_22111991
83,1,6,4,1,1,0.25,530459,530847,533193,C_PL_22111991
84,1,3,7,1,1,0.25,536642,537232,538942,C_PL_22111991
85,1,6,7,1,1,0.25,542326,542865,544492,C_PL_22111991
86,1,6,5,1,0,0.25,547725,548114,550125,C_PL_22111991
87,1,8,8,2,1,0.25,553508,554883,557258,C_PL_22111991
88,1,3,8,2,1,0.25,560358,560724,563175,C_PL_22111991
89,1,8,7,2,0,0.25,566958,569109,570791,C_PL_22111991
90,1,7,4,1,0,0.25,574724,575574,577791,C_PL_22111991
91,1,5,8,1,0,0.25,581690,583624,585957,C_PL_22111991
92,1,5,3,2,1,0.25,589323,590041,592207,C_PL_22111991
93,1,3,8,2,1,0.25,596140,596474,598156,C_PL_22111991
94,1,2,4,2,1,0.25,601756,602042,604189,C_PL_22111991
95,1,6,8,2,1,0.15,615156,615645,617922,C_PL_22111991
96,1,4,4,2,1,0.15,621339,621901,624405,C_PL_22111991
97,1,5,5,2,0,0.15,628222,628511,630155,C_PL_22111991
98,1,7,3,1,0,0.15,633305,634559,636638,C_PL_22111991
99,1,6,2,2,0,0.15,639905,640176,642354,C_PL_22111991
100,1,5,6,2,1,0.15,645504,645857,647804,C_PL_22111991
101,1,2,4,2,1,0.15,651071,651458,653521,C_PL_22111991
102,1,6,5,2,1,0.15,656970,657283,659554,C_PL_22111991
103,1,3,7,2,1,0.15,663120,663524,665820,C_PL_22111991
104,1,3,7,2,1,0.15,669003,669413,671053,C_PL_22111991
105,1,4,7,2,1,0.15,674803,675670,677386,C_PL_22111991
106,1,7,7,2,0,0.15,680603,681415,683403,C_PL_22111991
107,1,6,4,1,0,0.15,687286,687976,689502,C_PL_22111991
108,1,6,7,2,0,0.15,693069,693400,695269,C_PL_22111991
109,1,5,2,2,1,0.15,698619,698921,701068,C_PL_22111991
110,1,4,6,2,1,0.15,704418,705018,707335,C_PL_22111991
111,0,8,3,2,0,0.85,710418,710763,713118,C_PL_22111991
112,0,7,7,2,0,0.85,716468,717004,718868,C_PL_22111991
113,0,8,6,1,1,0.85,722418,723357,725251,C_PL_22111991
114,0,4,3,1,1,0.85,728984,729630,731217,C_PL_22111991
115,0,6,5,1,1,0.85,735084,735391,737750,C_PL_22111991
116,0,3,2,1,1,0.85,741483,741872,743483,C_PL_22111991
117,0,6,2,1,1,0.85,747433,747841,750050,C_PL_22111991
118,0,8,3,1,1,0.85,753649,753970,755899,C_PL_22111991
119,0,7,7,1,1,0.85,759366,759683,761682,C_PL_22111991
120,0,5,4,1,0,0.85,765699,766340,768815,C_PL_22111991
121,0,4,7,1,1,0.85,772549,772805,774415,C_PL_22111991
122,0,7,7,1,1,0.85,777748,778230,779765,C_PL_22111991
123,0,2,6,1,1,0.85,783182,783446,785181,C_PL_22111991
1,0,7,4,1,0,0.85,11732,14538,16699,DACA_13031990
2,0,2,7,2,0,0.85,19982,24250,25982,DACA_13031990
3,0,2,6,1,1,0.85,29282,30138,32665,DACA_13031990
4,0,6,8,1,1,0.85,36348,38538,40681,DACA_13031990
5,0,2,3,1,0,0.85,44381,45706,47564,DACA_13031990
6,0,4,4,2,0,0.85,51597,52394,54881,DACA_13031990
7,0,4,2,1,1,0.85,58180,59594,61414,DACA_13031990
8,0,2,7,1,1,0.85,64597,66986,68997,DACA_13031990
9,0,8,3,1,1,0.85,73013,75802,78313,DACA_13031990
10,0,5,3,1,1,0.85,81663,85162,87162,DACA_13031990
11,0,7,8,1,1,0.85,90612,94298,95962,DACA_13031990
12,0,2,6,1,0,0.85,99895,101386,103028,DACA_13031990
13,0,4,2,1,0,0.85,106962,111834,113578,DACA_13031990
14,0,8,8,2,0,0.85,116711,118314,120711,DACA_13031990
15,0,8,5,1,0,0.85,124128,124730,126427,DACA_13031990
16,0,2,2,2,1,0.85,130377,131034,133027,DACA_13031990
17,0,7,3,2,0,0.85,136360,139737,142043,DACA_13031990
18,0,2,8,2,1,0.85,145443,145849,148110,DACA_13031990
19,1,4,3,2,0,0.15,151760,153033,155276,DACA_13031990
20,1,3,8,1,0,0.15,159126,159753,161493,DACA_13031990
21,1,8,6,2,1,0.15,165309,166265,167842,DACA_13031990
22,1,3,8,2,1,0.15,171526,173881,176275,DACA_13031990
23,1,6,2,2,1,0.15,179842,182537,184392,DACA_13031990
24,1,3,8,2,1,0.15,187958,189001,191441,DACA_13031990
25,1,7,6,2,1,0.15,194775,198745,200708,DACA_13031990
26,1,6,5,2,1,0.15,203808,205449,207324,DACA_13031990
27,1,6,5,2,1,0.15,211024,211673,214124,DACA_13031990
28,1,8,8,1,1,0.15,217240,218521,220257,DACA_13031990
29,1,5,2,2,1,0.15,223607,226681,228690,DACA_13031990
30,1,6,4,2,1,0.15,231873,233081,235290,DACA_13031990
31,0,2,6,1,0,0.75,247239,248681,251189,DACA_13031990
32,0,7,5,2,0,0.75,254622,256473,258522,DACA_13031990
33,0,5,8,1,1,0.75,261855,262057,263855,DACA_13031990
34,0,3,2,1,1,0.75,267655,269705,271655,DACA_13031990
35,0,3,4,1,1,0.75,274921,276201,278554,DACA_13031990
36,0,8,4,1,0,0.75,282588,283561,285171,DACA_13031990
37,0,7,8,1,0,0.75,288404,288792,291104,DACA_13031990
38,0,7,6,2,0,0.75,294487,295352,297287,DACA_13031990
39,0,4,6,1,0,0.75,300737,301496,303370,DACA_13031990
40,0,4,4,1,0,0.75,307403,309368,311386,DACA_13031990
41,0,2,7,2,0,0.75,315353,317720,319869,DACA_13031990
42,0,4,3,1,1,0.75,323719,323912,326286,DACA_13031990
43,0,4,5,1,1,0.75,329419,331816,333385,DACA_13031990
44,0,8,4,1,0,0.75,336885,339496,341268,DACA_13031990
45,0,3,2,2,0,0.75,345202,346808,349018,DACA_13031990
46,0,5,7,1,0,0.75,352935,354424,356918,DACA_13031990
47,1,5,2,2,1,0.25,360218,362632,364351,DACA_13031990
48,1,8,5,2,0,0.25,368301,370888,372567,DACA_13031990
49,1,7,5,1,0,0.25,375717,376104,378567,DACA_13031990
50,1,8,8,2,1,0.25,382150,383080,385600,DACA_13031990
51,1,6,5,1,0,0.25,388916,392056,394116,DACA_13031990
52,1,8,4,2,1,0.25,397383,399768,401782,DACA_13031990
53,1,7,2,2,1,0.25,405082,408440,410782,DACA_13031990
54,1,8,7,2,1,0.25,414415,415272,416882,DACA_13031990
55,1,5,2,2,1,0.25,420382,421016,422548,DACA_13031990
56,1,5,3,2,1,0.25,426315,427176,429065,DACA_13031990
57,1,2,4,2,1,0.25,432214,433031,435448,DACA_13031990
58,1,7,3,2,1,0.25,439447,439879,441547,DACA_13031990
59,1,7,8,2,1,0.25,444897,446391,448580,DACA_13031990
60,0,6,7,1,0,0.15,458147,459207,461330,DACA_13031990
61,0,8,2,2,1,0.15,464646,466759,468480,DACA_13031990
62,0,5,3,2,1,0.15,471896,472775,475163,DACA_13031990
63,0,2,7,2,1,0.15,478896,480695,482912,DACA_13031990
64,0,4,7,2,1,0.15,486529,487031,489345,DACA_13031990
65,0,2,4,2,1,0.15,493279,494503,496245,DACA_13031990
66,0,5,3,1,0,0.15,499395,503367,505695,DACA_13031990
67,0,6,3,2,1,0.15,508945,509927,511778,DACA_13031990
68,0,4,8,2,1,0.15,515328,518967,521277,DACA_13031990
69,0,6,3,2,1,0.15,525327,527815,529477,DACA_13031990
70,0,5,6,2,1,0.15,533393,534087,536227,DACA_13031990
71,0,3,8,2,1,0.15,539410,540071,541776,DACA_13031990
72,0,7,4,2,1,0.15,545293,548007,549643,DACA_13031990
73,0,3,2,2,1,0.15,553626,554503,556243,DACA_13031990
74,0,2,2,2,1,0.15,559526,562439,564359,DACA_13031990
75,0,8,7,2,1,0.15,568159,568743,570492,DACA_13031990
76,0,7,5,2,1,0.15,573858,575287,577125,DACA_13031990
77,0,6,2,2,0,0.15,580758,581174,583125,DACA_13031990
78,1,2,4,1,1,0.85,586891,587430,589091,DACA_13031990
79,1,4,4,1,1,0.85,592191,592534,594191,DACA_13031990
80,1,4,5,1,1,0.85,597991,599014,600724,DACA_13031990
81,1,8,2,1,1,0.85,603874,604518,606324,DACA_13031990
82,1,2,6,1,1,0.85,610324,610694,612390,DACA_13031990
83,1,6,7,1,1,0.85,616407,618950,621323,DACA_13031990
84,1,7,3,1,1,0.85,624906,625318,627056,DACA_13031990
85,1,5,2,1,1,0.85,630239,630678,632406,DACA_13031990
86,1,5,4,1,1,0.85,636189,636614,638322,DACA_13031990
87,1,2,8,1,1,0.85,641806,644790,646455,DACA_13031990
88,1,4,3,1,1,0.85,650472,650886,653238,DACA_13031990
89,1,6,5,1,0,0.85,656738,657142,658921,DACA_13031990
90,1,3,5,2,1,0.85,662138,663974,666105,DACA_13031990
91,1,3,7,2,0,0.85,669288,669958,671938,DACA_13031990
92,1,4,6,1,1,0.85,675004,675798,677604,DACA_13031990
93,1,5,7,2,0,0.85,681137,681990,683570,DACA_13031990
94,1,6,4,2,1,0.75,694453,697142,699470,DACA_13031990
95,1,4,7,2,1,0.75,702820,703446,705353,DACA_13031990
96,1,7,7,2,0,0.75,709186,711238,713752,DACA_13031990
97,1,4,6,1,0,0.75,716886,717350,719052,DACA_13031990
98,1,3,4,2,0,0.75,723035,723478,725352,DACA_13031990
99,1,7,5,2,0,0.75,728635,730005,731785,DACA_13031990
100,1,3,4,1,1,0.75,735452,735957,738385,DACA_13031990
101,1,2,8,1,0,0.75,741501,744213,746018,DACA_13031990
102,1,8,8,2,0,0.75,749501,751637,753484,DACA_13031990
103,1,4,8,1,1,0.75,756984,757317,759101,DACA_13031990
104,1,2,7,1,1,0.75,763000,764133,766167,DACA_13031990
105,1,5,4,2,1,0.75,769783,771797,774033,DACA_13031990
106,1,7,8,2,0,0.75,777966,778469,780566,DACA_13031990
107,1,3,3,1,0,0.75,784149,785125,786683,DACA_13031990
108,1,8,6,1,0,0.75,789949,793333,794999,DACA_13031990
109,1,4,4,1,0,0.75,798582,799237,801632,DACA_13031990
110,1,7,3,2,0,0.75,804999,806613,808732,DACA_13031990
111,1,3,4,1,0,0.75,812348,813125,815182,DACA_13031990
112,1,2,6,1,0,0.75,818815,822069,824364,DACA_13031990
113,0,5,8,2,1,0.25,828381,831317,832847,DACA_13031990
114,0,8,5,2,0,0.25,836747,837797,840080,DACA_13031990
115,0,4,2,2,1,0.25,843247,844677,846447,DACA_13031990
116,0,6,3,2,1,0.25,850113,850469,852113,DACA_13031990
117,0,3,4,1,0,0.25,856013,857237,859380,DACA_13031990
118,0,3,3,3,0,0.25,863379,867765,870062,DACA_13031990
119,0,7,5,2,1,0.25,873412,875812,877429,DACA_13031990
120,0,6,3,2,1,0.25,880645,882036,883862,DACA_13031990
121,0,2,4,2,0,0.25,887312,887828,890328,DACA_13031990
122,0,7,6,1,0,0.25,893961,895844,897578,DACA_13031990
123,0,4,3,2,0,0.25,900661,901604,903778,DACA_13031990
124,0,6,7,2,1,0.25,906844,907316,909427,DACA_13031990
125,0,3,7,2,1,0.25,913177,913988,916044,DACA_13031990
126,0,8,7,2,1,0.25,919610,919716,921594,DACA_13031990
127,0,2,7,2,1,0.25,925227,926052,928043,DACA_13031990
128,0,6,4,2,1,0.25,931343,931924,933860,DACA_13031990
1,0,4,7,2,0,0.85,7649,10775,13149,DALR_20071983
2,0,3,8,1,1,0.85,17082,17223,19515,DALR_20071983
3,0,7,3,1,1,0.85,23215,24935,26665,DALR_20071983
4,0,8,3,1,0,0.85,30365,31735,33931,DALR_20071983
5,0,8,6,1,1,0.85,37915,39399,40998,DALR_20071983
6,0,2,7,1,1,0.85,44748,46151,47864,DALR_20071983
7,0,5,7,1,1,0.85,51464,52934,55014,DALR_20071983
8,0,8,5,1,0,0.85,59097,60502,62480,DALR_20071983
9,0,6,4,1,1,0.85,65997,67526,69613,DALR_20071983
10,0,2,7,1,1,0.85,73530,75494,77163,DALR_20071983
11,0,2,6,1,1,0.85,81196,82534,84779,DALR_20071983
12,0,8,8,1,1,0.85,88412,90310,92846,DALR_20071983
13,0,3,7,1,1,0.85,96245,97878,99745,DALR_20071983
14,0,4,7,1,1,0.85,102945,104358,106495,DALR_20071983
15,0,3,6,1,1,0.85,109662,111110,112828,DALR_20071983
16,0,7,6,1,1,0.85,116745,118342,120778,DALR_20071983
17,0,3,6,1,1,0.85,124178,125366,127344,DALR_20071983
18,1,7,3,1,1,0.15,130427,131734,133277,DALR_20071983
19,1,5,5,1,0,0.15,136944,139638,141577,DALR_20071983
20,1,2,8,1,0,0.15,145393,147510,149243,DALR_20071983
21,1,8,8,1,0,0.15,152560,154582,157010,DALR_20071983
22,1,3,7,2,1,0.15,161043,164790,166426,DALR_20071983
23,1,8,6,2,1,0.15,169826,171206,173526,DALR_20071983
24,1,4,4,2,1,0.15,176859,178726,181092,DALR_20071983
25,1,7,4,2,1,0.15,184575,186918,189325,DALR_20071983
26,1,2,2,2,1,0.15,192608,194837,196741,DALR_20071983
27,1,4,3,2,1,0.15,200474,202181,203808,DALR_20071983
28,1,2,6,2,1,0.15,207641,211093,213407,DALR_20071983
29,1,3,6,2,1,0.15,217257,219349,221857,DALR_20071983
30,0,8,7,2,0,0.25,237440,240309,242389,DALR_20071983
31,0,5,4,1,0,0.25,245906,247653,250022,DALR_20071983
32,0,5,4,2,1,0.25,253472,256821,258689,DALR_20071983
33,0,4,2,2,1,0.25,262588,264677,266822,DALR_20071983
34,0,5,6,2,1,0.25,270038,271477,273255,DALR_20071983
35,0,6,4,2,1,0.25,276771,279045,281338,DALR_20071983
36,0,5,6,2,1,0.25,284854,286981,288637,DALR_20071983
37,0,6,8,2,1,0.25,291904,293541,295970,DALR_20071983
38,0,5,7,2,1,0.25,299237,300517,302603,DALR_20071983
39,0,8,7,2,0,0.25,305937,307717,309586,DALR_20071983
40,0,6,2,1,1,0.25,312953,313925,316136,DALR_20071983
41,0,2,2,1,0,0.25,320086,322597,324319,DALR_20071983
42,0,7,5,2,1,0.25,327802,330373,331936,DALR_20071983
43,0,3,8,2,1,0.25,335185,338885,341118,DALR_20071983
44,0,8,2,2,1,0.25,344702,346213,347752,DALR_20071983
45,0,5,6,2,0,0.25,351785,353812,355635,DALR_20071983
46,0,7,3,1,0,0.25,359201,360628,362784,DALR_20071983
47,0,3,7,2,0,0.25,366034,366900,368451,DALR_20071983
48,1,2,2,2,0,0.75,371967,372900,374684,DALR_20071983
49,1,3,6,1,1,0.75,378617,379364,381533,DALR_20071983
50,1,3,3,1,1,0.75,385000,385812,387883,DALR_20071983
51,1,2,5,1,1,0.75,391766,393892,396099,DALR_20071983
52,1,8,4,1,0,0.75,399449,400356,401966,DALR_20071983
53,1,8,2,2,0,0.75,405399,406628,408516,DALR_20071983
54,1,4,4,2,0,0.75,411965,412644,414932,DALR_20071983
55,1,4,3,1,1,0.75,418165,419396,421715,DALR_20071983
56,1,6,4,1,0,0.75,425365,428564,430381,DALR_20071983
57,1,3,4,1,0,0.75,433965,434708,436731,DALR_20071983
58,1,7,5,2,0,0.75,440631,441332,443597,DALR_20071983
59,1,8,2,2,0,0.75,447214,449252,451314,DALR_20071983
60,1,6,2,1,1,0.85,466513,469476,471430,DALR_20071983
61,1,8,2,1,1,0.85,474563,475828,478196,DALR_20071983
62,1,8,4,1,1,0.85,481779,482836,484479,DALR_20071983
63,1,3,8,1,1,0.85,488129,490132,492479,DALR_20071983
64,1,5,8,1,1,0.85,495745,497187,498862,DALR_20071983
65,1,7,7,1,0,0.85,502695,503795,506262,DALR_20071983
66,1,4,4,1,1,0.85,510311,511315,512995,DALR_20071983
67,1,2,2,1,1,0.85,516344,518467,520478,DALR_20071983
68,1,2,3,1,1,0.85,523994,526275,528127,DALR_20071983
69,1,7,4,1,0,0.85,531227,533155,535244,DALR_20071983
70,1,6,4,1,1,0.85,538643,539763,541660,DALR_20071983
71,1,8,6,1,1,0.85,545293,546275,548560,DALR_20071983
72,1,6,3,1,1,0.85,552143,553411,555343,DALR_20071983
73,1,4,8,1,1,0.85,559309,560355,562576,DALR_20071983
74,1,6,7,1,1,0.85,566492,567331,569026,DALR_20071983
75,1,6,4,2,0,0.85,572909,574547,576942,DALR_20071983
76,0,7,3,1,0,0.15,580858,581955,584425,DALR_20071983
77,0,8,8,2,1,0.15,587975,589155,591308,DALR_20071983
78,0,6,8,2,1,0.15,594474,598595,600974,DALR_20071983
79,0,3,7,2,1,0.15,604307,606355,608057,DALR_20071983
80,0,4,2,2,1,0.15,611624,613043,615040,DALR_20071983
81,0,4,5,2,1,0.15,618340,619395,621857,DALR_20071983
82,0,4,4,2,1,0.15,625506,628371,630690,DALR_20071983
83,0,7,8,2,1,0.15,633923,635827,637473,DALR_20071983
84,0,2,3,2,1,0.15,641472,643266,644906,DALR_20071983
85,0,8,3,2,0,0.15,648872,654226,656289,DALR_20071983
86,0,7,6,1,0,0.15,659588,660306,662255,DALR_20071983
87,0,2,2,2,1,0.15,666255,667090,669021,DALR_20071983
88,0,5,6,2,0,0.75,678688,683314,685587,DALR_20071983
89,0,3,4,1,1,0.75,689637,690466,692987,DALR_20071983
90,0,8,2,1,1,0.75,696803,697986,699653,DALR_20071983
91,0,3,3,1,1,0.75,703120,704370,706386,DALR_20071983
92,0,6,4,1,1,0.75,710203,712098,714303,DALR_20071983
93,0,4,5,1,1,0.75,718019,719778,721402,DALR_20071983
94,0,5,5,1,1,0.75,725052,726994,728685,DALR_20071983
95,0,2,4,1,0,0.75,732702,734690,737102,DALR_20071983
96,0,4,6,2,0,0.75,741068,743586,746035,DALR_20071983
97,0,2,4,1,0,0.75,750085,750914,752601,DALR_20071983
98,0,2,6,2,0,0.75,756118,756946,759134,DALR_20071983
99,0,3,4,1,1,0.75,762984,763458,765084,DALR_20071983
100,0,4,5,1,1,0.75,768350,771058,773517,DALR_20071983
101,0,4,2,1,1,0.75,776900,777874,779833,DALR_20071983
102,0,6,2,1,1,0.75,783750,785170,787133,DALR_20071983
103,0,3,2,1,0,0.75,790650,792321,794033,DALR_20071983
104,1,7,4,1,0,0.25,797999,799441,801782,DALR_20071983
105,1,2,3,2,0,0.25,805299,806081,808599,DALR_20071983
106,1,2,8,2,1,0.25,811999,813057,814698,DALR_20071983
107,1,4,7,2,1,0.25,818232,819025,821448,DALR_20071983
108,1,2,4,2,0,0.25,824565,827009,828731,DALR_20071983
109,1,6,7,1,0,0.25,832748,834641,836898,DALR_20071983
110,1,3,5,2,1,0.25,840531,842721,844814,DALR_20071983
111,1,5,6,2,0,0.25,848347,850049,852147,DALR_20071983
112,1,5,6,2,0,0.25,855980,856865,858830,DALR_20071983
113,1,6,3,1,0,0.25,862846,863553,865596,DALR_20071983
114,1,6,6,1,0,0.25,869630,870321,872029,DALR_20071983
115,1,6,3,2,0,0.25,875279,877745,880179,DALR_20071983
1,0,8,4,1,0,0.15,6016,8071,9666,DAML_20101986
2,0,2,2,1,0,0.15,13349,14359,15982,DAML_20101986
3,0,3,4,1,1,0.15,19865,20631,22449,DAML_20101986
4,0,2,7,1,0,0.15,25682,27175,28848,DAML_20101986
5,0,7,2,1,0,0.15,31948,33270,35665,DAML_20101986
6,0,5,8,2,1,0.15,39231,39686,41748,DAML_20101986
7,0,6,7,2,1,0.15,45598,46534,48231,DAML_20101986
8,0,7,5,2,1,0.15,52164,56086,58547,DAML_20101986
9,0,2,6,2,1,0.15,62380,63222,65280,DAML_20101986
10,0,4,3,2,1,0.15,68480,69430,71880,DAML_20101986
11,0,7,2,2,0,0.15,75563,76470,78813,DAML_20101986
12,0,5,5,2,0,0.15,82246,82934,84679,DAML_20101986
13,0,8,6,2,0,0.15,87862,88518,90596,DAML_20101986
14,0,6,2,2,0,0.15,93862,94310,96179,DAML_20101986
15,0,4,5,1,1,0.15,99645,100054,101845,DAML_20101986
16,0,2,4,1,0,0.15,105045,105974,107628,DAML_20101986
17,0,3,2,1,0,0.15,110828,111494,113345,DAML_20101986
18,0,5,2,1,0,0.15,117061,117734,119661,DAML_20101986
19,0,6,7,1,0,0.15,123128,123766,125677,DAML_20101986
20,0,3,7,2,0,0.15,128811,129286,131044,DAML_20101986
21,0,4,7,2,1,0.15,134844,135670,137494,DAML_20101986
22,0,8,5,2,1,0.15,140677,144694,146660,DAML_20101986
23,0,7,8,2,1,0.15,149893,150598,152893,DAML_20101986
24,1,7,7,2,0,0.85,156376,157110,159243,DAML_20101986
25,1,8,8,2,0,0.85,163259,163845,165992,DAML_20101986
26,1,8,3,2,0,0.85,169325,169861,172309,DAML_20101986
27,1,3,4,2,0,0.85,176092,176581,178508,DAML_20101986
28,1,6,8,2,0,0.85,181942,182533,184442,DAML_20101986
29,1,7,3,1,1,0.85,188175,189125,191575,DAML_20101986
30,1,6,6,1,1,0.85,194758,195685,198058,DAML_20101986
31,1,6,8,1,1,0.85,201624,203941,206041,DAML_20101986
32,1,5,7,1,1,0.85,209840,211013,212707,DAML_20101986
33,1,2,7,1,1,0.85,216057,217253,219657,DAML_20101986
34,1,7,2,1,1,0.85,222990,223701,225856,DAML_20101986
35,1,3,5,1,1,0.85,229806,230661,232773,DAML_20101986
36,1,5,2,1,0,0.15,243539,244549,246689,DAML_20101986
37,1,3,5,1,0,0.15,249922,250629,252205,DAML_20101986
38,1,2,6,1,1,0.15,255438,255829,257722,DAML_20101986
39,1,6,6,1,1,0.15,261255,261861,263838,DAML_20101986
40,1,3,8,1,0,0.15,267238,267893,269738,DAML_20101986
41,1,5,2,1,1,0.15,273521,274196,275838,DAML_20101986
42,1,8,7,1,0,0.15,279854,280500,282287,DAML_20101986
43,1,8,4,2,1,0.15,286320,286820,288537,DAML_20101986
44,1,7,2,2,1,0.15,292287,292980,295453,DAML_20101986
45,1,4,6,2,1,0.15,299303,302228,304203,DAML_20101986
46,1,2,8,2,1,0.15,307270,307908,310269,DAML_20101986
47,1,6,5,2,1,0.15,314253,314804,316702,DAML_20101986
48,1,5,5,2,1,0.15,320586,321140,323485,DAML_20101986
49,1,3,4,2,1,0.15,327019,329572,331318,DAML_20101986
50,1,5,5,2,1,0.15,335185,335732,337585,DAML_20101986
51,1,2,4,2,1,0.15,341301,341716,343385,DAML_20101986
52,1,4,3,2,1,0.15,346501,346980,348518,DAML_20101986
53,0,7,8,2,0,0.85,352534,352980,355034,DAML_20101986
54,0,3,2,2,0,0.85,358684,359284,361817,DAML_20101986
55,0,7,5,2,0,0.85,365467,365924,367567,DAML_20101986
56,0,4,2,2,1,0.85,371100,371780,373400,DAML_20101986
57,0,8,5,2,0,0.85,377133,377572,379266,DAML_20101986
58,0,5,6,1,1,0.85,382816,383748,386233,DAML_20101986
59,0,5,5,1,0,0.85,389999,390740,392932,DAML_20101986
60,0,2,3,1,1,0.85,396232,396948,398882,DAML_20101986
61,0,8,8,1,1,0.85,402715,403396,404999,DAML_20101986
62,0,3,3,1,1,0.85,408215,408835,411348,DAML_20101986
63,0,6,6,1,1,0.85,414898,415507,417198,DAML_20101986
64,0,4,2,1,1,0.85,420981,422691,424664,DAML_20101986
65,0,4,3,1,1,0.85,427848,428435,430548,DAML_20101986
66,0,7,7,1,1,0.85,433614,434163,435781,DAML_20101986
67,0,3,6,1,1,0.85,439547,439971,442380,DAML_20101986
68,0,7,7,1,1,0.85,445647,446355,448513,DAML_20101986
69,1,4,4,1,1,0.75,456963,458835,460513,DAML_20101986
70,1,3,8,1,0,0.75,463696,464435,466729,DAML_20101986
71,1,4,7,1,1,0.75,470629,471187,472746,DAML_20101986
72,1,8,7,1,1,0.75,475796,476307,477912,DAML_20101986
73,1,2,4,1,0,0.75,481645,482403,484145,DAML_20101986
74,1,4,3,1,1,0.75,487245,487747,489495,DAML_20101986
75,1,6,8,1,1,0.75,493261,493779,495395,DAML_20101986
76,1,8,2,1,1,0.75,499311,499715,501828,DAML_20101986
77,1,4,3,1,1,0.75,505094,505859,508127,DAML_20101986
78,1,7,5,1,0,0.75,511661,512099,513811,DAML_20101986
79,1,6,6,1,1,0.75,517094,517763,519427,DAML_20101986
80,1,2,5,1,1,0.75,523277,524067,525843,DAML_20101986
81,1,4,5,1,1,0.75,529477,530082,531960,DAML_20101986
82,1,7,8,1,1,0.75,535776,536338,538876,DAML_20101986
83,1,6,8,1,1,0.75,542526,544514,546976,DAML_20101986
84,1,6,4,1,0,0.75,550376,551026,552609,DAML_20101986
85,0,4,3,1,0,0.25,556192,556642,558875,DAML_20101986
86,0,7,2,1,0,0.25,562458,562914,564675,DAML_20101986
87,0,5,8,2,1,0.25,568075,568754,570341,DAML_20101986
88,0,7,3,1,0,0.25,573875,576018,578558,DAML_20101986
89,0,5,2,2,1,0.25,581608,582306,584374,DAML_20101986
90,0,3,6,2,1,0.25,588341,588738,590691,DAML_20101986
91,0,3,4,2,1,0.25,593790,594466,596190,DAML_20101986
92,0,3,7,2,0,0.25,599890,600290,602673,DAML_20101986
93,0,6,4,2,1,0.25,606273,606722,608540,DAML_20101986
94,0,4,7,2,1,0.25,611590,612146,613873,DAML_20101986
95,0,6,6,2,1,0.25,617656,618226,620039,DAML_20101986
96,0,4,3,2,0,0.25,623572,624210,626189,DAML_20101986
97,0,7,6,2,1,0.25,630072,630466,632972,DAML_20101986
98,0,2,5,2,1,0.25,636022,636674,638905,DAML_20101986
99,0,7,2,2,0,0.25,641955,642530,645005,DAML_20101986
100,0,4,3,2,1,0.25,648871,649265,650955,DAML_20101986
101,0,3,7,2,0,0.25,654738,655153,657638,DAML_20101986
102,0,3,7,2,1,0.25,660704,661217,663487,DAML_20101986
103,0,8,3,2,0,0.75,672770,673505,675754,DAML_20101986
104,0,2,5,2,1,0.75,678887,679345,681303,DAML_20101986
105,0,3,8,2,0,0.75,685336,686497,688270,DAML_20101986
106,0,4,4,2,0,0.75,692053,692929,694503,DAML_20101986
107,0,5,4,2,1,0.75,698536,698945,700686,DAML_20101986
108,0,8,7,2,0,0.75,704452,704881,706602,DAML_20101986
109,0,6,3,1,1,0.75,709735,710465,712985,DAML_20101986
110,0,4,3,1,1,0.75,716635,717185,719035,DAML_20101986
111,0,5,4,1,1,0.75,722701,724401,725985,DAML_20101986
112,0,3,7,1,0,0.75,729235,729729,731834,DAML_20101986
113,0,3,4,1,0,0.75,735184,735601,737334,DAML_20101986
114,0,4,4,1,1,0.75,740767,741233,743251,DAML_20101986
115,0,3,6,1,1,0.75,746434,746945,748517,DAML_20101986
116,0,2,5,1,0,0.75,752134,752849,755017,DAML_20101986
117,0,7,7,1,1,0.75,758933,759441,761616,DAML_20101986
118,0,2,7,1,0,0.75,765050,765633,767250,DAML_20101986
119,0,7,2,1,1,0.75,770799,771585,773349,DAML_20101986
120,0,5,6,1,1,0.75,777232,779472,781066,DAML_20101986
121,1,8,5,1,0,0.25,784665,785168,787549,DAML_20101986
122,1,6,7,1,0,0.25,791532,791936,793832,DAML_20101986
123,1,8,2,2,1,0.25,797648,798304,800481,DAML_20101986
124,1,6,2,2,1,0.25,804048,804736,806448,DAML_20101986
125,1,8,8,2,1,0.25,809614,810048,812531,DAML_20101986
126,1,5,7,2,1,0.25,815797,816208,817847,DAML_20101986
127,1,3,2,2,0,0.25,821164,821664,823664,DAML_20101986
128,1,8,5,2,1,0.25,826980,827424,828997,DAML_20101986
129,1,4,4,2,1,0.25,832497,832960,834563,DAML_20101986
130,1,4,7,2,0,0.25,838313,838704,841013,DAML_20101986
131,1,2,3,2,1,0.25,844813,845152,846979,DAML_20101986
132,1,4,5,2,0,0.25,850696,851104,853179,DAML_20101986
133,1,7,4,2,1,0.25,856879,857360,859729,DAML_20101986
1,1,3,7,2,0,0.75,8666,9848,11382,DARA_28021991
2,1,7,7,1,0,0.75,14599,15352,17749,DARA_28021991
3,1,6,3,1,1,0.75,20965,22600,24598,DARA_28021991
4,1,4,5,1,1,0.75,27782,28760,30915,DARA_28021991
5,1,3,6,1,1,0.75,34431,35112,37165,DARA_28021991
6,1,7,4,1,0,0.75,40864,41352,42914,DARA_28021991
7,1,7,3,1,0,0.75,46031,46632,48481,DARA_28021991
8,1,2,4,2,0,0.75,51831,52488,54097,DARA_28021991
9,1,4,5,1,0,0.75,58047,58504,60564,DARA_28021991
10,1,8,2,1,1,0.75,64130,64744,66963,DARA_28021991
11,1,7,5,1,0,0.75,70897,71512,73980,DARA_28021991
12,1,5,7,1,0,0.75,77596,79128,81646,DARA_28021991
13,1,2,2,1,0,0.75,84896,85847,87712,DARA_28021991
14,1,3,6,2,1,0.75,91629,92279,94062,DARA_28021991
15,1,6,3,2,1,0.75,97779,99255,101079,DARA_28021991
16,1,2,7,2,0,0.75,104295,104935,107145,DARA_28021991
17,1,2,2,1,1,0.75,111061,112359,114295,DARA_28021991
18,1,4,8,1,0,0.75,117861,118551,120194,DARA_28021991
19,0,8,4,2,1,0.25,123861,124343,126178,DARA_28021991
20,0,6,6,2,1,0.25,129461,130151,132594,DARA_28021991
21,0,7,8,2,0,0.25,136527,137063,139277,DARA_28021991
22,0,2,4,1,0,0.25,142927,143319,145177,DARA_28021991
23,0,2,5,2,1,0.25,149060,151383,153593,DARA_28021991
24,0,6,8,2,0,0.25,157626,158503,160576,DARA_28021991
25,0,7,6,2,1,0.25,164326,165159,167226,DARA_28021991
26,0,5,4,2,1,0.25,171126,172119,173675,DARA_28021991
27,0,4,3,2,1,0.25,177559,177975,179825,DARA_28021991
28,0,2,5,2,1,0.25,183025,183463,185475,DARA_28021991
29,0,5,8,2,1,0.25,189225,190471,192858,DARA_28021991
30,0,6,2,2,1,0.25,196225,197799,200008,DARA_28021991
31,0,4,6,2,1,0.25,203524,204151,206241,DARA_28021991
32,1,4,8,1,0,0.15,218090,219399,221357,DARA_28021991
33,1,2,3,2,1,0.15,225407,227606,230040,DARA_28021991
34,1,8,8,2,1,0.15,233590,234438,236723,DARA_28021991
35,1,5,7,2,1,0.15,239973,240566,242656,DARA_28021991
36,1,6,5,2,1,0.15,246022,246918,249056,DARA_28021991
37,1,5,2,2,1,0.15,252506,252934,255089,DARA_28021991
38,1,8,4,2,1,0.15,258872,259366,261355,DARA_28021991
39,1,2,5,2,1,0.15,264988,265974,268221,DARA_28021991
40,1,8,6,2,0,0.15,272088,273686,276221,DARA_28021991
41,1,5,3,2,1,0.15,279938,280550,282804,DARA_28021991
42,1,5,5,2,1,0.15,286404,286806,288754,DARA_28021991
43,1,2,8,2,1,0.15,292487,292902,294587,DARA_28021991
44,1,5,2,2,1,0.15,298004,298486,300920,DARA_28021991
45,1,4,2,2,1,0.15,304420,305718,307820,DARA_28021991
46,1,4,4,2,1,0.15,311703,312182,314386,DARA_28021991
47,1,2,6,1,0,0.15,317736,318710,320736,DARA_28021991
48,1,7,7,2,1,0.15,323936,324326,326636,DARA_28021991
49,0,7,4,2,0,0.85,329786,330678,332769,DARA_28021991
50,0,5,2,2,0,0.85,335935,336630,339168,DARA_28021991
51,0,3,2,2,0,0.85,342985,344166,345802,DARA_28021991
52,0,7,6,1,1,0.85,349301,349638,351701,DARA_28021991
53,0,8,8,1,1,0.85,355368,355734,357268,DARA_28021991
54,0,4,6,1,1,0.85,360534,361222,363001,DARA_28021991
55,0,2,5,1,1,0.85,366417,366758,368867,DARA_28021991
56,0,8,3,1,1,0.85,372167,372517,374984,DARA_28021991
57,0,8,7,1,1,0.85,378400,379333,381800,DARA_28021991
58,0,5,2,1,1,0.85,384917,385301,387116,DARA_28021991
59,0,5,6,1,0,0.85,390516,390837,392616,DARA_28021991
60,0,7,8,1,1,0.85,396383,396485,398933,DARA_28021991
61,0,2,5,1,1,0.85,402082,402613,404599,DARA_28021991
62,0,5,4,2,0,0.75,419765,421301,422998,DARA_28021991
63,0,3,8,1,0,0.75,426415,426709,428548,DARA_28021991
64,0,4,3,2,0,0.75,431748,432069,433681,DARA_28021991
65,0,4,5,1,0,0.75,436964,438133,440431,DARA_28021991
66,0,2,8,1,0,0.75,444464,444965,446731,DARA_28021991
67,0,3,5,1,1,0.75,450797,452373,454564,DARA_28021991
68,0,2,8,1,1,0.75,457747,458773,460497,DARA_28021991
69,0,7,2,1,1,0.75,464280,465941,468130,DARA_28021991
70,0,8,7,1,1,0.75,471546,472405,473963,DARA_28021991
71,0,8,2,1,1,0.75,477713,478085,480029,DARA_28021991
72,0,7,2,1,0,0.75,483762,484373,486179,DARA_28021991
73,0,8,2,2,1,0.75,490129,490421,492662,DARA_28021991
74,0,7,5,2,0,0.75,496362,496757,499128,DARA_28021991
75,0,7,3,2,0,0.75,502928,503429,504978,DARA_28021991
76,0,4,8,1,1,0.75,508328,508773,511028,DARA_28021991
77,0,5,5,1,1,0.75,514178,514821,516411,DARA_28021991
78,0,6,4,1,1,0.75,519894,520597,522711,DARA_28021991
79,0,4,6,1,1,0.75,526261,527140,528677,DARA_28021991
80,0,7,3,1,1,0.75,532127,532436,534744,DARA_28021991
81,0,8,5,1,1,0.75,537977,538692,540727,DARA_28021991
82,1,2,5,1,0,0.25,544293,544660,546643,DARA_28021991
83,1,4,2,1,0,0.25,550476,550820,553226,DARA_28021991
84,1,2,5,2,1,0.25,557109,558612,561026,DARA_28021991
85,1,8,4,2,0,0.25,565092,565412,567525,DARA_28021991
86,1,8,7,2,1,0.25,570892,571220,573375,DARA_28021991
87,1,7,7,2,0,0.25,576975,577268,579608,DARA_28021991
88,1,3,3,2,0,0.25,582975,583684,585925,DARA_28021991
89,1,6,4,1,0,0.25,589925,590388,592574,DARA_28021991
90,1,6,6,1,1,0.25,596258,596612,598258,DARA_28021991
91,1,3,4,1,0,0.25,602274,603204,605124,DARA_28021991
92,1,6,3,1,0,0.25,609107,609348,611040,DARA_28021991
93,1,3,2,2,1,0.25,614640,615092,616823,DARA_28021991
94,1,8,6,2,0,0.25,620740,621204,623673,DARA_28021991
95,1,8,6,2,0,0.25,627190,627572,629373,DARA_28021991
96,1,8,4,1,0,0.25,633123,633284,635206,DARA_28021991
97,1,3,3,1,0,0.85,647572,648324,650289,DARA_28021991
98,1,4,3,1,1,0.85,653772,654420,656938,DARA_28021991
99,1,6,4,1,1,0.85,660455,660819,662521,DARA_28021991
100,1,8,4,1,1,0.85,666238,666947,668905,DARA_28021991
101,1,6,3,1,1,0.85,672638,673155,675288,DARA_28021991
102,1,4,6,1,1,0.85,679304,679667,681854,DARA_28021991
103,1,5,4,1,1,0.85,685437,686099,687870,DARA_28021991
104,1,3,2,1,1,0.85,691270,691619,693437,DARA_28021991
105,1,6,3,1,1,0.85,697353,697683,699253,DARA_28021991
106,1,5,5,1,1,0.85,703103,703459,705386,DARA_28021991
107,1,3,3,1,1,0.85,708470,708803,710419,DARA_28021991
108,1,5,6,1,1,0.85,713536,714307,716336,DARA_28021991
109,1,5,6,1,1,0.85,719486,720787,723052,DARA_28021991
110,1,7,8,1,1,0.85,726269,726835,729069,DARA_28021991
111,1,4,4,2,0,0.85,732452,733475,735702,DARA_28021991
112,1,4,7,1,1,0.85,738802,739139,740785,DARA_28021991
113,1,8,5,1,1,0.85,744751,745027,746935,DARA_28021991
114,1,7,7,1,1,0.85,750601,750771,753234,DARA_28021991
115,1,7,3,1,1,0.85,756501,756963,759117,DARA_28021991
116,0,5,8,1,0,0.15,762434,763363,764967,DARA_28021991
117,0,2,7,1,0,0.15,768534,768931,770484,DARA_28021991
118,0,4,2,2,1,0.15,773967,774451,776317,DARA_28021991
119,0,5,6,2,1,0.15,780100,780387,782350,DARA_28021991
120,0,7,4,2,1,0.15,785683,786067,788266,DARA_28021991
121,0,4,5,2,1,0.15,791483,791811,793666,DARA_28021991
122,0,5,7,2,1,0.15,796966,797635,799432,DARA_28021991
123,0,6,8,2,1,0.15,803199,803619,805599,DARA_28021991
124,0,3,5,2,1,0.15,809415,809843,811782,DARA_28021991
125,0,3,3,2,1,0.15,815598,815922,818165,DARA_28021991
126,0,3,7,2,1,0.15,821981,823042,825231,DARA_28021991
127,0,3,2,2,1,0.15,828348,828786,830814,DARA_28021991
128,0,2,7,2,1,0.15,834881,835506,837864,DARA_28021991
129,0,3,6,2,0,0.15,841197,842754,844430,DARA_28021991
130,0,3,5,1,0,0.15,848197,848594,850680,DARA_28021991
1,1,3,8,2,1,0.75,14166,16253,18082,DEYJ_15041983
2,1,5,8,2,0,0.75,21499,23085,24782,DEYJ_15041983
3,1,7,4,2,0,0.75,28348,29373,31465,DEYJ_15041983
4,1,3,7,1,1,0.75,35181,35517,37681,DEYJ_15041983
5,1,6,4,1,0,0.75,41514,42829,45081,DEYJ_15041983
6,1,2,6,2,1,0.75,48814,49533,51797,DEYJ_15041983
7,1,3,2,1,0,0.75,55630,56381,58847,DEYJ_15041983
8,1,4,7,2,0,0.75,62213,63101,64863,DEYJ_15041983
9,1,6,2,2,1,0.75,68563,69085,70830,DEYJ_15041983
10,1,4,2,1,1,0.75,74380,75341,77413,DEYJ_15041983
11,1,4,7,2,0,0.75,80546,83629,85196,DEYJ_15041983
12,1,8,5,1,1,0.75,89062,89805,91829,DEYJ_15041983
13,1,7,4,1,1,0.75,95312,95853,97795,DEYJ_15041983
14,1,2,2,2,0,0.75,101345,102109,103778,DEYJ_15041983
15,1,5,4,1,1,0.75,107495,108029,110328,DEYJ_15041983
16,1,4,7,2,0,0.75,113961,114493,116111,DEYJ_15041983
17,1,4,8,1,1,0.75,119511,120701,122661,DEYJ_15041983
18,0,6,5,1,0,0.25,126377,127277,128877,DEYJ_15041983
19,0,3,4,2,1,0.25,132494,133197,134910,DEYJ_15041983
20,0,4,6,2,1,0.25,138860,139741,142227,DEYJ_15041983
21,0,3,4,2,0,0.25,146293,147085,149243,DEYJ_15041983
22,0,8,4,1,1,0.25,152459,153133,155293,DEYJ_15041983
23,0,6,5,1,0,0.25,158643,161004,162642,DEYJ_15041983
24,0,3,8,2,0,0.25,166692,167292,169825,DEYJ_15041983
25,0,2,6,2,1,0.25,173409,174092,175859,DEYJ_15041983
26,0,4,7,1,0,0.25,179625,184316,186708,DEYJ_15041983
27,0,7,2,1,0,0.25,190458,191148,193474,DEYJ_15041983
28,0,7,4,2,0,0.25,196691,197676,199957,DEYJ_15041983
29,0,3,4,2,1,0.25,203991,204828,207224,DEYJ_15041983
30,0,6,6,1,0,0.25,210940,211740,213790,DEYJ_15041983
31,0,3,7,2,0,0.25,217707,218252,219857,DEYJ_15041983
32,0,3,6,1,1,0.25,223890,225836,228273,DEYJ_15041983
33,0,3,3,1,0,0.25,231489,232604,235073,DEYJ_15041983
34,0,6,7,2,0,0.25,238239,239164,240889,DEYJ_15041983
35,1,3,3,1,0,0.25,253838,254716,256955,DEYJ_15041983
36,1,6,2,1,0,0.25,260955,261660,263188,DEYJ_15041983
37,1,5,3,2,1,0.25,266838,267228,269604,DEYJ_15041983
38,1,3,4,1,1,0.25,272888,273516,275987,DEYJ_15041983
39,1,7,8,2,0,0.25,279821,280620,282471,DEYJ_15041983
40,1,5,3,1,1,0.25,286070,286508,288470,DEYJ_15041983
41,1,4,5,1,0,0.25,291587,292252,294753,DEYJ_15041983
42,1,5,8,2,1,0.25,298020,298763,301253,DEYJ_15041983
43,1,6,2,1,1,0.25,304586,304971,307503,DEYJ_15041983
44,1,4,4,1,0,0.25,311236,311819,314136,DEYJ_15041983
45,1,8,3,2,1,0.25,317736,318027,320519,DEYJ_15041983
46,1,3,7,2,1,0.25,324085,324539,326869,DEYJ_15041983
47,1,6,4,1,0,0.25,330068,330507,332285,DEYJ_15041983
48,1,8,2,1,0,0.25,335668,336683,338668,DEYJ_15041983
49,1,3,5,2,1,0.25,341968,342459,344301,DEYJ_15041983
50,1,6,2,2,1,0.25,348234,348731,351101,DEYJ_15041983
51,0,6,2,1,1,0.75,354851,355483,357467,DEYJ_15041983
52,0,6,4,2,0,0.75,361084,361819,363550,DEYJ_15041983
53,0,6,2,1,1,0.75,366667,367083,368883,DEYJ_15041983
54,0,3,8,2,0,0.75,371967,372491,374083,DEYJ_15041983
55,0,4,5,1,1,0.75,377250,377899,379733,DEYJ_15041983
56,0,5,2,1,1,0.75,383566,384331,385966,DEYJ_15041983
57,0,6,7,2,0,0.75,389633,392379,394232,DEYJ_15041983
58,0,3,2,1,1,0.75,398299,399163,401249,DEYJ_15041983
59,0,3,6,2,0,0.75,404732,405563,407132,DEYJ_15041983
60,0,3,6,1,1,0.75,410765,411419,413298,DEYJ_15041983
61,0,4,6,2,0,0.75,416915,417403,419048,DEYJ_15041983
62,0,4,3,1,1,0.75,423014,423563,425164,DEYJ_15041983
63,1,6,4,2,0,0.85,438397,438906,441297,DEYJ_15041983
64,1,5,2,1,1,0.85,444480,444939,447313,DEYJ_15041983
65,1,6,5,1,1,0.85,451330,451818,454313,DEYJ_15041983
66,1,7,5,2,0,0.85,457546,458122,459963,DEYJ_15041983
67,1,2,4,2,0,0.85,463296,463770,465979,DEYJ_15041983
68,1,7,3,1,1,0.85,469196,469626,471262,DEYJ_15041983
69,1,7,3,1,1,0.85,475112,475562,477679,DEYJ_15041983
70,1,5,2,2,0,0.85,481662,482170,484062,DEYJ_15041983
71,1,7,6,1,1,0.85,487945,488282,490478,DEYJ_15041983
72,1,8,8,1,1,0.85,494445,494906,497111,DEYJ_15041983
73,1,3,4,2,0,0.85,501044,505562,508011,DEYJ_15041983
74,1,5,3,1,1,0.85,511594,512170,513860,DEYJ_15041983
75,1,5,3,1,1,0.85,517744,518250,520144,DEYJ_15041983
76,1,4,8,1,1,0.85,524077,524778,526760,DEYJ_15041983
77,1,4,5,2,1,0.85,530793,531338,533043,DEYJ_15041983
78,1,5,6,1,0,0.85,537093,537514,539276,DEYJ_15041983
79,1,4,3,2,0,0.85,543076,543626,545859,DEYJ_15041983
80,1,6,5,1,1,0.85,549559,549866,552292,DEYJ_15041983
81,1,6,6,1,1,0.85,555709,556442,558492,DEYJ_15041983
82,1,3,5,2,0,0.85,561575,562394,564225,DEYJ_15041983
83,1,6,7,1,1,0.85,567725,568154,570075,DEYJ_15041983
84,1,3,4,2,0,0.85,574075,574906,576574,DEYJ_15041983
85,1,6,2,1,0,0.85,580641,581161,582924,DEYJ_15041983
86,0,4,4,2,1,0.15,586807,587449,589257,DEYJ_15041983
87,0,5,3,1,0,0.15,592890,593449,595940,DEYJ_15041983
88,0,6,6,1,0,0.15,599540,600441,602657,DEYJ_15041983
89,0,6,3,2,0,0.15,606590,606937,608540,DEYJ_15041983
90,0,2,3,2,1,0.15,611790,612905,615023,DEYJ_15041983
91,0,2,7,2,1,0.15,618423,619033,620739,DEYJ_15041983
92,0,2,2,1,0,0.15,623856,624713,626606,DEYJ_15041983
93,0,3,4,2,1,0.15,630189,631001,633005,DEYJ_15041983
94,0,7,7,1,1,0.15,636122,636601,639088,DEYJ_15041983
95,0,8,7,2,1,0.15,642622,642985,645488,DEYJ_15041983
96,0,3,2,1,0,0.15,649388,650105,652204,DEYJ_15041983
97,0,2,8,2,1,0.15,655321,655817,657538,DEYJ_15041983
98,1,8,6,3,0,0.15,670687,671305,673120,DEYJ_15041983
99,1,6,3,1,0,0.15,677187,677801,680287,DEYJ_15041983
100,1,4,4,1,0,0.15,683403,684329,686820,DEYJ_15041983
101,1,8,3,2,1,0.15,690786,693273,695536,DEYJ_15041983
102,1,8,3,2,1,0.15,699302,699865,702336,DEYJ_15041983
103,1,6,6,2,1,0.15,706235,706953,708902,DEYJ_15041983
104,1,7,4,2,1,0.15,712685,714089,716568,DEYJ_15041983
105,1,4,7,2,1,0.15,720151,720776,723285,DEYJ_15041983
106,1,3,2,1,0,0.15,726551,727048,728634,DEYJ_15041983
107,1,6,5,2,1,0.15,731784,732312,734401,DEYJ_15041983
108,1,7,4,2,1,0.15,738451,739080,741451,DEYJ_15041983
109,1,7,8,2,1,0.15,744650,745928,747834,DEYJ_15041983
110,1,6,7,1,0,0.15,751200,751752,754200,DEYJ_15041983
111,1,6,3,2,0,0.15,757383,757816,759533,DEYJ_15041983
112,1,8,8,1,1,0.15,763033,763752,765533,DEYJ_15041983
113,1,8,8,2,0,0.15,769083,769496,771333,DEYJ_15041983
114,1,4,3,1,0,0.15,774749,775224,777149,DEYJ_15041983
115,1,3,6,2,1,0.15,780382,781352,783799,DEYJ_15041983
116,1,4,8,2,0,0.15,787749,788264,790798,DEYJ_15041983
117,1,6,3,2,1,0.15,794348,795064,797515,DEYJ_15041983
118,0,3,6,2,0,0.85,800681,801432,803181,DEYJ_15041983
119,0,2,6,1,1,0.85,806398,807048,809014,DEYJ_15041983
120,0,2,5,2,0,0.85,812181,812760,814347,DEYJ_15041983
121,0,5,7,1,0,0.85,818264,818984,820730,DEYJ_15041983
122,0,4,4,2,0,0.85,824764,825304,827147,DEYJ_15041983
123,0,4,8,1,1,0.85,830880,831256,833147,DEYJ_15041983
124,0,3,7,1,1,0.85,836513,837144,838846,DEYJ_15041983
125,0,8,2,2,1,0.85,842296,842776,844679,DEYJ_15041983
126,0,4,6,2,0,0.85,848246,848600,850379,DEYJ_15041983
127,0,8,3,1,1,0.85,853679,853976,855896,DEYJ_15041983
128,0,8,5,1,1,0.85,859529,859879,861929,DEYJ_15041983
129,0,8,7,1,1,0.85,865662,866071,868112,DEYJ_15041983
130,0,8,3,1,1,0.85,871378,872071,873845,DEYJ_15041983
1,1,8,8,1,0,0.15,22232,23062,25498,DFCM_04071987
2,1,4,6,2,1,0.15,28715,29127,31182,DFCM_04071987
3,1,2,4,2,1,0.15,34331,34744,37148,DFCM_04071987
4,1,8,3,1,0,0.15,41048,42009,43548,DFCM_04071987
5,1,2,3,2,1,0.15,47481,48234,49897,DFCM_04071987
6,1,7,8,2,1,0.15,53097,54187,56297,DFCM_04071987
7,1,2,3,2,1,0.15,60197,60972,62580,DFCM_04071987
8,1,5,7,2,0,0.15,66097,67293,68947,DFCM_04071987
9,1,4,4,1,1,0.15,72046,73262,74980,DFCM_04071987
10,1,6,6,1,1,0.15,78046,78847,80796,DFCM_04071987
11,1,3,3,2,0,0.15,84229,85408,87712,DFCM_04071987
12,1,5,7,2,1,0.15,90862,92257,93929,DFCM_04071987
13,1,3,5,2,1,0.15,97045,97938,100179,DFCM_04071987
14,1,6,7,2,1,0.15,103912,106003,108095,DFCM_04071987
15,1,8,2,1,0,0.15,111911,113076,115195,DFCM_04071987
16,1,8,2,2,1,0.15,118861,120517,122194,DFCM_04071987
17,1,4,4,2,1,0.15,125911,126870,128744,DFCM_04071987
18,0,4,3,1,1,0.85,132294,132663,135010,DFCM_04071987
19,0,2,5,1,1,0.85,138860,140152,142310,DFCM_04071987
20,0,6,6,2,1,0.85,146193,147497,149526,DFCM_04071987
21,0,5,5,1,1,0.85,152626,154155,156660,DFCM_04071987
22,0,8,5,1,1,0.85,159959,161244,162926,DFCM_04071987
23,0,6,8,1,1,0.85,166492,167965,169909,DFCM_04071987
24,0,3,2,1,1,0.85,173775,175054,176809,DFCM_04071987
25,0,8,3,1,1,0.85,180109,180991,182908,DFCM_04071987
26,0,3,3,2,1,0.85,186408,187264,189441,DFCM_04071987
27,0,6,4,2,0,0.85,192908,193953,196241,DFCM_04071987
28,0,3,3,2,1,0.85,200058,201650,203991,DFCM_04071987
29,0,7,3,1,1,0.85,207091,207763,209507,DFCM_04071987
30,0,2,4,1,1,0.85,212657,213428,215857,DFCM_04071987
31,0,5,4,1,1,0.85,219424,220373,222523,DFCM_04071987
32,0,4,8,1,1,0.85,225857,226838,228890,DFCM_04071987
33,0,8,4,1,1,0.85,232190,233031,235190,DFCM_04071987
34,0,6,5,1,1,0.85,238889,239832,241656,DFCM_04071987
35,1,6,5,2,1,0.25,257405,277198,279588,DFCM_04071987
36,1,8,7,2,1,0.25,282754,283695,285237,DFCM_04071987
37,1,7,5,2,1,0.25,288871,289792,292170,DFCM_04071987
38,1,7,8,2,1,0.25,295870,296289,298787,DFCM_04071987
39,1,2,6,2,1,0.25,302803,303346,305170,DFCM_04071987
40,1,2,7,2,0,0.25,309103,309651,312053,DFCM_04071987
41,1,7,5,1,0,0.25,315819,316932,319169,DFCM_04071987
42,1,6,4,2,1,0.25,322702,323237,325019,DFCM_04071987
43,1,2,6,2,1,0.25,328369,329094,331285,DFCM_04071987
44,1,5,6,2,1,0.25,335252,336663,338802,DFCM_04071987
45,1,3,7,2,0,0.25,342285,343336,345651,DFCM_04071987
46,1,5,5,1,0,0.25,348985,350105,352618,DFCM_04071987
47,1,7,2,1,0,0.25,356384,357386,358918,DFCM_04071987
48,1,8,7,2,1,0.25,362584,363675,365201,DFCM_04071987
49,1,6,8,2,0,0.25,368650,370044,372367,DFCM_04071987
50,1,6,4,1,0,0.25,375950,376781,378533,DFCM_04071987
51,1,6,5,1,0,0.25,382333,382958,384566,DFCM_04071987
52,1,7,2,2,1,0.25,388100,388847,390966,DFCM_04071987
53,1,6,2,2,1,0.25,395049,395536,397783,DFCM_04071987
54,1,6,2,2,1,0.25,400899,401793,404032,DFCM_04071987
55,0,2,6,2,0,0.75,407932,408578,410232,DFCM_04071987
56,0,8,5,2,0,0.75,414149,415507,417915,DFCM_04071987
57,0,5,5,1,1,0.75,421715,423140,425631,DFCM_04071987
58,0,5,8,2,0,0.75,429581,431558,433481,DFCM_04071987
59,0,3,6,1,1,0.75,437481,439991,441697,DFCM_04071987
60,0,4,7,1,1,0.75,445031,447064,449097,DFCM_04071987
61,0,5,2,1,1,0.75,453064,453817,455980,DFCM_04071987
62,0,6,7,1,1,0.75,459730,460810,463096,DFCM_04071987
63,0,3,8,2,0,0.75,466813,469132,471213,DFCM_04071987
64,0,5,5,1,1,0.75,474629,475869,477996,DFCM_04071987
65,0,4,6,1,1,0.75,481679,482974,484646,DFCM_04071987
66,0,6,3,1,1,0.75,488195,489999,492012,DFCM_04071987
67,1,8,3,2,0,0.85,507495,510226,512211,DFCM_04071987
68,1,4,8,1,1,0.85,516294,516899,518427,DFCM_04071987
69,1,2,3,1,1,0.85,522494,522884,524927,DFCM_04071987
70,1,3,6,1,1,0.85,528260,529013,531160,DFCM_04071987
71,1,2,3,1,0,0.85,534627,535590,537843,DFCM_04071987
72,1,3,6,2,0,0.85,541793,544071,545926,DFCM_04071987
73,1,6,3,1,0,0.85,549443,550760,552559,DFCM_04071987
74,1,8,5,2,0,0.85,556292,557465,559392,DFCM_04071987
75,1,5,6,2,0,0.85,562642,563066,565359,DFCM_04071987
76,1,2,5,2,1,0.85,568709,569211,571108,DFCM_04071987
77,1,2,5,1,1,0.85,574458,575100,576875,DFCM_04071987
78,1,4,4,2,0,0.85,580391,581069,583041,DFCM_04071987
79,1,3,4,2,0,0.85,586708,587886,590158,DFCM_04071987
80,1,8,7,1,1,0.85,593691,595391,597874,DFCM_04071987
81,1,5,7,1,0,0.85,600991,601632,604007,DFCM_04071987
82,1,8,3,1,1,0.85,607807,608753,610890,DFCM_04071987
83,0,7,3,1,0,0.15,614373,614946,616907,DFCM_04071987
84,0,6,7,1,0,0.15,620390,620659,622606,DFCM_04071987
85,0,8,3,2,1,0.15,625823,626404,628039,DFCM_04071987
86,0,2,8,2,1,0.15,631673,632005,633606,DFCM_04071987
87,0,6,7,1,0,0.15,637589,638134,639789,DFCM_04071987
88,0,4,4,1,0,0.15,643739,644823,646972,DFCM_04071987
89,0,6,7,2,0,0.15,650838,651368,653738,DFCM_04071987
90,0,5,4,2,1,0.15,656888,657225,659471,DFCM_04071987
91,0,4,7,1,0,0.15,662671,663866,666104,DFCM_04071987
92,0,2,7,2,1,0.15,669754,670219,671821,DFCM_04071987
93,0,4,5,2,0,0.15,675254,675932,677521,DFCM_04071987
94,0,3,8,2,1,0.15,680837,681309,682987,DFCM_04071987
95,0,2,2,1,0,0.15,686237,688030,690270,DFCM_04071987
96,0,6,2,2,1,0.25,705419,706785,709069,DFCM_04071987
97,0,5,8,2,0,0.25,712369,713138,714986,DFCM_04071987
98,0,6,3,1,0,0.25,718236,718627,720219,DFCM_04071987
99,0,7,2,2,1,0.25,723985,724372,726369,DFCM_04071987
100,0,6,7,2,0,0.25,730035,730517,732285,DFCM_04071987
101,0,8,3,1,0,0.25,736001,736437,738168,DFCM_04071987
102,0,6,5,2,1,0.25,741268,741910,743468,DFCM_04071987
103,0,5,7,2,1,0.25,746751,747703,749401,DFCM_04071987
104,0,3,2,2,1,0.25,752517,754312,756667,DFCM_04071987
105,0,3,7,2,1,0.25,760100,760489,762450,DFCM_04071987
106,0,3,7,2,0,0.25,765667,766154,768033,DFCM_04071987
107,0,2,3,1,1,0.25,771100,773995,775583,DFCM_04071987
108,0,4,8,1,1,0.25,779000,779628,782083,DFCM_04071987
109,0,4,5,1,0,0.25,786149,786685,789149,DFCM_04071987
110,0,6,6,2,0,0.25,792332,793326,795782,DFCM_04071987
111,0,8,3,1,0,0.25,798999,799759,801865,DFCM_04071987
112,0,7,3,2,1,0.25,804982,807088,808998,DFCM_04071987
113,0,2,5,2,1,0.25,812998,814194,816031,DFCM_04071987
114,0,5,3,2,1,0.25,819231,819714,822181,DFCM_04071987
115,1,7,2,2,0,0.75,825331,825891,827898,DFCM_04071987
116,1,2,2,1,1,0.75,831031,831908,834031,DFCM_04071987
117,1,4,7,1,0,0.75,837930,839413,841214,DFCM_04071987
118,1,4,2,2,1,0.75,844797,845494,847463,DFCM_04071987
119,1,6,3,2,0,0.75,850597,852312,854196,DFCM_04071987
120,1,4,6,1,0,0.75,857430,858104,859646,DFCM_04071987
121,1,8,4,1,0,0.75,863079,863833,865979,DFCM_04071987
122,1,7,5,2,0,0.75,869929,870202,872246,DFCM_04071987
123,1,5,6,1,1,0.75,875829,877035,878679,DFCM_04071987
124,1,5,8,1,1,0.75,882695,883052,884612,DFCM_04071987
125,1,6,4,2,1,0.75,888595,889437,891278,DFCM_04071987
126,1,7,4,1,1,0.75,894628,894990,896745,DFCM_04071987
127,1,7,3,2,1,0.75,900561,900975,902644,DFCM_04071987
128,1,5,4,2,0,0.75,906144,906512,908127,DFCM_04071987
129,1,8,4,2,0,0.75,911527,911889,913977,DFCM_04071987
130,1,7,5,1,0,0.75,917777,918226,920410,DFCM_04071987
1,1,8,6,1,1,0.85,10116,11941,14449,DITR_30081986
2,1,6,2,1,1,0.85,18432,18613,20482,DITR_30081986
3,1,5,4,1,1,0.85,24065,24149,25732,DITR_30081986
4,1,6,4,1,1,0.85,29615,30229,32298,DITR_30081986
5,1,6,4,1,1,0.85,35565,36437,37981,DITR_30081986
6,1,3,2,1,0,0.85,41531,42853,44398,DITR_30081986
7,1,7,6,1,1,0.85,48281,49221,50947,DITR_30081986
8,1,4,3,1,1,0.85,53997,55077,57530,DITR_30081986
9,1,5,5,1,1,0.85,60930,62757,64563,DITR_30081986
10,1,7,2,1,1,0.85,67663,69109,70913,DITR_30081986
11,1,3,5,1,1,0.85,74696,75925,77663,DITR_30081986
12,1,7,2,1,1,0.85,81079,84245,86396,DITR_30081986
13,1,7,6,1,1,0.85,89812,91701,93329,DITR_30081986
14,1,6,2,1,1,0.85,96829,99333,101328,DITR_30081986
15,1,2,3,1,1,0.85,104795,106261,108011,DITR_30081986
16,1,2,5,1,1,0.85,111395,112405,114511,DITR_30081986
17,0,2,4,1,0,0.15,118394,120436,122927,DITR_30081986
18,0,5,5,1,0,0.15,126327,127044,128710,DITR_30081986
19,0,4,2,1,0,0.15,132694,132932,135410,DITR_30081986
20,0,2,8,2,1,0.15,139027,139460,141827,DITR_30081986
21,0,7,6,2,1,0.15,145243,146004,148243,DITR_30081986
22,0,4,2,2,1,0.15,151709,154484,156293,DITR_30081986
23,0,7,2,2,1,0.15,159692,160996,162676,DITR_30081986
24,0,8,6,2,0,0.15,165742,166548,168759,DITR_30081986
25,0,4,7,2,1,0.15,172142,172612,175125,DITR_30081986
26,0,6,5,2,0,0.15,178775,179460,181241,DITR_30081986
27,0,8,2,2,1,0.15,184875,185396,187225,DITR_30081986
28,0,8,6,2,1,0.15,190458,191252,193324,DITR_30081986
29,0,6,4,2,1,0.15,196941,197540,199657,DITR_30081986
30,0,5,3,2,1,0.15,203524,204244,206507,DITR_30081986
31,0,8,4,2,1,0.15,210274,211012,212690,DITR_30081986
32,0,7,4,2,0,0.15,216423,217252,218840,DITR_30081986
33,0,5,6,2,1,0.15,222456,223284,225140,DITR_30081986
34,0,4,3,2,1,0.15,228223,228819,231306,DITR_30081986
35,0,6,8,2,1,0.15,234889,235827,237872,DITR_30081986
36,1,2,6,2,0,0.75,245122,246355,248572,DITR_30081986
37,1,2,6,2,0,0.75,252305,252707,255005,DITR_30081986
38,1,6,6,1,1,0.75,258055,258467,260205,DITR_30081986
39,1,4,8,1,1,0.75,264138,264691,266454,DITR_30081986
40,1,5,3,1,1,0.75,269804,270227,271854,DITR_30081986
41,1,2,5,1,1,0.75,275037,275443,277837,DITR_30081986
42,1,5,5,1,1,0.75,281754,282611,285087,DITR_30081986
43,1,5,6,1,1,0.75,288353,289715,291987,DITR_30081986
44,1,5,3,1,0,0.75,295886,297075,299153,DITR_30081986
45,1,5,4,1,0,0.75,303003,303475,305086,DITR_30081986
46,1,5,7,2,0,0.75,308602,309011,311202,DITR_30081986
47,1,7,3,1,1,0.75,314702,315203,317319,DITR_30081986
48,1,8,5,1,0,0.75,321269,321331,323685,DITR_30081986
49,1,8,6,2,0,0.75,327085,327459,329202,DITR_30081986
50,1,2,2,2,0,0.75,333018,336467,338434,DITR_30081986
51,1,7,5,1,1,0.75,341868,342498,344034,DITR_30081986
52,1,8,6,1,0,0.75,347284,347938,349467,DITR_30081986
53,0,7,4,1,1,0.25,353050,353186,355600,DITR_30081986
54,0,6,8,1,0,0.25,359400,362386,364517,DITR_30081986
55,0,5,8,1,0,0.25,367717,368914,370716,DITR_30081986
56,0,7,3,2,1,0.25,374033,374530,376749,DITR_30081986
57,0,5,3,2,0,0.25,380633,381122,383099,DITR_30081986
58,0,7,2,2,1,0.25,386582,386946,388549,DITR_30081986
59,0,5,8,2,1,0.25,392199,393106,395599,DITR_30081986
60,0,8,8,2,1,0.25,399015,399458,401498,DITR_30081986
61,0,6,3,2,0,0.25,404715,406082,407965,DITR_30081986
62,0,8,2,2,1,0.25,411298,411890,414048,DITR_30081986
63,0,3,5,2,1,0.25,417148,418130,420631,DITR_30081986
64,0,5,3,2,1,0.25,424514,425026,427131,DITR_30081986
65,0,5,4,1,1,0.75,433564,434402,436697,DITR_30081986
66,0,6,6,1,0,0.75,440680,441154,443563,DITR_30081986
67,0,3,7,1,1,0.75,447546,447986,450046,DITR_30081986
68,0,4,3,1,0,0.75,453846,454818,456796,DITR_30081986
69,0,5,6,1,1,0.75,459962,461473,463396,DITR_30081986
70,0,6,2,2,0,0.75,466962,467313,469429,DITR_30081986
71,0,6,4,1,1,0.75,472795,473729,475928,DITR_30081986
72,0,4,6,2,0,0.75,479378,483521,485428,DITR_30081986
73,0,8,4,1,1,0.75,488561,489041,490878,DITR_30081986
74,0,7,7,1,1,0.75,494661,495393,497911,DITR_30081986
75,0,6,6,2,0,0.75,501261,503329,505277,DITR_30081986
76,0,8,5,1,0,0.75,508794,509969,512427,DITR_30081986
77,0,5,7,1,0,0.75,515827,516337,518743,DITR_30081986
78,0,2,2,2,0,0.75,522426,522785,524743,DITR_30081986
79,0,4,2,1,1,0.75,528693,529201,531343,DITR_30081986
80,0,6,2,1,1,0.75,534759,535425,537009,DITR_30081986
81,0,3,8,1,1,0.75,540309,541313,543459,DITR_30081986
82,1,6,8,1,0,0.25,546859,548033,549592,DITR_30081986
83,1,5,3,1,0,0.25,553442,555441,557908,DITR_30081986
84,1,7,7,2,1,0.25,561508,561953,564191,DITR_30081986
85,1,6,8,2,1,0.25,568074,568593,570141,DITR_30081986
86,1,2,2,2,1,0.25,573341,574480,576124,DITR_30081986
87,1,7,7,2,1,0.25,579324,580336,582124,DITR_30081986
88,1,2,8,2,1,0.25,586057,586720,588857,DITR_30081986
89,1,2,4,2,1,0.25,592473,600208,602556,DITR_30081986
90,1,6,7,2,1,0.25,606089,607184,609556,DITR_30081986
91,1,3,4,2,0,0.25,612772,613552,615672,DITR_30081986
92,1,6,3,2,1,0.25,619555,620016,622139,DITR_30081986
93,1,4,8,2,1,0.25,625522,627008,629471,DITR_30081986
94,1,7,3,2,1,0.25,632905,633424,635188,DITR_30081986
95,1,3,7,2,1,0.25,638704,639856,641854,DITR_30081986
96,1,3,6,2,0,0.25,645437,647520,649537,DITR_30081986
97,1,5,2,2,1,0.25,652870,654944,656754,DITR_30081986
98,1,3,7,2,1,0.25,660087,660800,662570,DITR_30081986
99,1,2,2,2,1,0.25,665937,667712,669786,DITR_30081986
100,1,2,7,1,0,0.15,675886,676576,678286,DITR_30081986
101,1,5,7,1,0,0.15,681619,682192,684636,DITR_30081986
102,1,3,3,1,1,0.15,687986,688831,690769,DITR_30081986
103,1,4,2,2,1,0.15,694035,696639,698435,DITR_30081986
104,1,8,6,2,1,0.15,701485,702447,704485,DITR_30081986
105,1,6,5,2,1,0.15,708385,714767,717051,DITR_30081986
106,1,8,7,2,0,0.15,720601,721487,723717,DITR_30081986
107,1,4,3,2,0,0.15,727167,728207,730067,DITR_30081986
108,1,6,4,1,0,0.15,733500,734863,737350,DITR_30081986
109,1,6,2,2,1,0.15,740933,741423,743016,DITR_30081986
110,1,6,3,2,0,0.15,746816,747855,749649,DITR_30081986
111,1,4,3,1,0,0.15,753566,754063,756449,DITR_30081986
112,1,2,7,2,1,0.15,760382,760847,763082,DITR_30081986
113,1,7,4,2,1,0.15,766215,768975,770665,DITR_30081986
114,1,3,7,2,1,0.15,773698,776175,777915,DITR_30081986
115,1,2,5,2,1,0.15,781748,783759,785331,DITR_30081986
116,1,6,2,2,1,0.15,788564,790447,792198,DITR_30081986
117,1,4,7,2,0,0.15,795664,796446,798731,DITR_30081986
118,0,7,4,2,0,0.85,802747,804494,806280,DITR_30081986
119,0,6,5,1,1,0.85,809763,810862,813230,DITR_30081986
120,0,7,7,1,1,0.85,816347,822702,824313,DITR_30081986
121,0,5,5,1,1,0.85,827563,827998,829996,DITR_30081986
122,0,3,6,1,1,0.85,833096,833742,835462,DITR_30081986
123,0,8,5,1,1,0.85,838512,839374,841545,DITR_30081986
124,0,7,2,1,0,0.85,845129,845710,848195,DITR_30081986
125,0,2,3,1,1,0.85,851678,852270,854061,DITR_30081986
126,0,7,4,1,1,0.85,857195,857902,860178,DITR_30081986
127,0,4,2,1,1,0.85,863328,864110,866011,DITR_30081986
128,0,4,7,1,1,0.85,870044,870750,873261,DITR_30081986
129,0,2,7,1,0,0.85,876827,877342,879010,DITR_30081986
130,0,2,7,1,1,0.85,882794,885198,887710,DITR_30081986
131,0,4,8,1,1,0.85,891493,892174,894460,DITR_30081986
132,0,2,3,1,1,0.85,898276,898830,901243,DITR_30081986
1,0,8,6,1,1,0.85,10599,11951,14216,DJGC_05081982
2,0,3,4,1,1,0.85,17965,19039,20899,DJGC_05081982
3,0,5,4,1,1,0.85,24615,26095,28348,DJGC_05081982
4,0,6,3,1,1,0.85,32331,32895,34648,DJGC_05081982
5,0,7,4,1,1,0.85,38215,39183,40798,DJGC_05081982
6,0,8,4,1,1,0.85,44598,46079,48214,DJGC_05081982
7,0,2,2,1,1,0.85,51914,52575,54581,DJGC_05081982
8,0,4,8,1,1,0.85,58064,58975,60530,DJGC_05081982
9,0,6,5,1,1,0.85,64180,64863,67313,DJGC_05081982
10,0,6,3,1,1,0.85,70797,71551,73146,DJGC_05081982
11,0,6,4,1,1,0.85,76730,77374,79796,DJGC_05081982
12,0,3,5,1,1,0.85,83663,84606,86562,DJGC_05081982
13,0,6,5,1,1,0.85,90146,91758,94012,DJGC_05081982
14,0,8,8,1,1,0.85,97362,98350,100679,DJGC_05081982
15,0,7,4,1,1,0.85,104262,105006,107195,DJGC_05081982
16,0,3,8,1,1,0.85,110311,111438,113178,DJGC_05081982
17,0,6,2,1,1,0.85,117211,117262,119211,DJGC_05081982
18,0,6,7,1,1,0.85,122494,123550,125944,DJGC_05081982
19,0,3,3,1,1,0.85,129427,130942,132494,DJGC_05081982
20,0,4,7,1,1,0.85,135944,136734,139027,DJGC_05081982
21,0,2,8,1,1,0.85,142627,143262,145527,DJGC_05081982
22,0,7,8,1,1,0.85,149193,149950,152076,DJGC_05081982
23,0,8,8,1,1,0.85,156060,156782,158443,DJGC_05081982
24,1,2,4,1,0,0.15,161593,162206,163759,DJGC_05081982
25,1,5,6,1,0,0.15,167342,168590,170909,DJGC_05081982
26,1,3,4,2,0,0.15,174075,178206,180208,DJGC_05081982
27,1,7,4,1,0,0.15,183692,184254,186742,DJGC_05081982
28,1,6,4,1,0,0.15,190658,191358,193425,DJGC_05081982
29,1,4,7,1,0,0.15,196724,197662,199874,DJGC_05081982
30,1,7,4,2,1,0.15,203691,205358,207124,DJGC_05081982
31,1,5,2,2,1,0.15,210991,211918,213490,DJGC_05081982
32,1,6,3,2,0,0.15,216757,217821,219390,DJGC_05081982
33,1,2,6,2,1,0.15,223307,225805,228006,DJGC_05081982
34,1,4,8,2,1,0.15,231723,233933,236456,DJGC_05081982
35,1,7,6,2,1,0.15,240389,241437,243589,DJGC_05081982
36,1,4,2,2,1,0.25,253989,255037,256889,DJGC_05081982
37,1,8,4,2,1,0.25,260655,260989,263172,DJGC_05081982
38,1,3,2,2,1,0.25,266288,267101,269421,DJGC_05081982
39,1,5,3,2,0,0.25,272971,273373,275004,DJGC_05081982
40,1,6,8,2,1,0.25,278154,278877,280604,DJGC_05081982
41,1,7,5,2,1,0.25,284104,284893,287004,DJGC_05081982
42,1,3,8,2,0,0.25,290954,291357,292904,DJGC_05081982
43,1,4,3,2,1,0.25,296220,297165,299103,DJGC_05081982
44,1,7,4,2,1,0.25,302987,303853,305503,DJGC_05081982
45,1,8,4,2,1,0.25,309253,309965,311636,DJGC_05081982
46,1,6,6,2,1,0.25,314819,315869,317553,DJGC_05081982
47,1,3,5,2,0,0.25,321486,322221,324102,DJGC_05081982
48,1,6,4,2,1,0.25,327202,328205,330485,DJGC_05081982
49,1,6,3,2,1,0.25,333769,335101,337202,DJGC_05081982
50,1,6,8,2,1,0.25,340468,344029,346268,DJGC_05081982
51,1,6,2,2,1,0.25,349935,351229,353418,DJGC_05081982
52,1,4,8,2,1,0.25,357218,357708,359851,DJGC_05081982
53,1,7,5,2,1,0.25,363484,364652,367167,DJGC_05081982
54,0,2,4,2,1,0.75,370584,371292,372967,DJGC_05081982
55,0,4,6,2,0,0.75,376233,377180,379283,DJGC_05081982
56,0,4,7,2,0,0.75,382633,383212,385583,DJGC_05081982
57,0,3,5,2,1,0.75,389100,390300,392366,DJGC_05081982
58,0,7,8,2,0,0.75,395616,396908,399166,DJGC_05081982
59,0,3,5,1,1,0.75,402282,403356,405515,DJGC_05081982
60,0,6,8,1,1,0.75,408599,409644,411415,DJGC_05081982
61,0,3,2,1,0,0.75,415015,416044,418315,DJGC_05081982
62,0,4,7,1,1,0.75,421665,422508,424131,DJGC_05081982
63,0,3,2,1,1,0.75,427931,428780,430414,DJGC_05081982
64,0,5,8,1,1,0.75,433981,434604,436981,DJGC_05081982
65,0,6,8,1,1,0.75,440964,441324,443597,DJGC_05081982
66,0,2,8,1,0,0.15,451730,453180,455013,DJGC_05081982
67,0,8,6,1,0,0.15,458080,458764,461146,DJGC_05081982
68,0,2,6,1,0,0.15,464180,465228,467380,DJGC_05081982
69,0,8,4,2,1,0.15,470746,470844,472813,DJGC_05081982
70,0,4,3,2,1,0.15,476646,477212,478962,DJGC_05081982
71,0,6,4,2,1,0.15,482429,485452,487245,DJGC_05081982
72,0,7,5,2,1,0.15,490462,491148,493528,DJGC_05081982
73,0,3,4,2,1,0.15,496662,497276,499095,DJGC_05081982
74,0,2,6,2,1,0.15,503078,503548,505561,DJGC_05081982
75,0,7,7,2,1,0.15,508961,509595,511861,DJGC_05081982
76,0,2,4,2,1,0.15,515461,516795,519311,DJGC_05081982
77,0,2,2,2,1,0.15,522810,524507,526294,DJGC_05081982
78,0,3,4,2,0,0.15,530160,531195,533077,DJGC_05081982
79,0,7,3,2,1,0.15,537043,537995,540176,DJGC_05081982
80,0,8,5,2,1,0.15,543376,544555,546243,DJGC_05081982
81,0,3,3,2,1,0.15,549726,550859,553276,DJGC_05081982
82,1,8,4,2,0,0.85,557092,557771,559359,DJGC_05081982
83,1,4,7,2,0,0.85,562825,563947,565709,DJGC_05081982
84,1,3,2,2,0,0.85,569042,570443,572358,DJGC_05081982
85,1,8,5,1,1,0.85,576008,576891,579008,DJGC_05081982
86,1,3,5,1,1,0.85,582758,583691,585241,DJGC_05081982
87,1,4,4,1,1,0.85,589274,590507,592791,DJGC_05081982
88,1,5,5,1,0,0.85,595907,596891,598557,DJGC_05081982
89,1,2,8,1,1,0.85,602424,604379,606757,DJGC_05081982
90,1,2,8,1,1,0.85,610057,611467,613623,DJGC_05081982
91,1,3,3,1,1,0.85,617106,618123,620556,DJGC_05081982
92,1,2,5,1,1,0.85,624556,625163,627056,DJGC_05081982
93,1,7,5,1,1,0.85,630206,631355,632939,DJGC_05081982
94,1,7,5,1,0,0.75,642405,645739,647638,DJGC_05081982
95,1,5,2,1,1,0.75,651372,652202,653772,DJGC_05081982
96,1,2,7,2,0,0.75,657155,659386,661421,DJGC_05081982
97,1,6,5,2,0,0.75,664921,665850,667688,DJGC_05081982
98,1,4,3,1,1,0.75,671221,672538,674137,DJGC_05081982
99,1,5,7,1,1,0.75,677804,678298,680770,DJGC_05081982
100,1,3,8,1,1,0.75,684154,684698,686487,DJGC_05081982
101,1,3,7,1,1,0.75,689553,691658,694086,DJGC_05081982
102,1,4,6,1,1,0.75,697236,698378,700220,DJGC_05081982
103,1,3,6,1,1,0.75,704253,704874,707153,DJGC_05081982
104,1,3,2,1,1,0.75,710986,711498,713919,DJGC_05081982
105,1,4,8,1,1,0.75,717102,718026,719719,DJGC_05081982
106,1,5,3,1,1,0.75,723585,724490,726118,DJGC_05081982
107,1,8,5,1,1,0.75,729518,730858,733301,DJGC_05081982
108,1,6,5,1,1,0.75,736685,737354,739301,DJGC_05081982
109,1,5,3,1,0,0.75,742418,744586,746901,DJGC_05081982
110,1,4,7,1,0,0.75,750301,751354,753167,DJGC_05081982
111,1,7,7,2,0,0.75,756584,758666,760834,DJGC_05081982
112,1,7,8,2,0,0.75,764033,765434,767883,DJGC_05081982
113,1,3,3,2,0,0.75,771633,774106,776233,DJGC_05081982
114,1,5,7,1,1,0.75,779633,780138,782316,DJGC_05081982
115,1,5,7,1,1,0.75,785466,786218,788399,DJGC_05081982
116,0,7,2,1,0,0.25,791932,792874,794782,DJGC_05081982
117,0,7,3,1,1,0.25,798015,798873,801215,DJGC_05081982
118,0,4,4,1,0,0.25,804482,805546,807398,DJGC_05081982
119,0,4,6,1,0,0.25,810515,812249,814081,DJGC_05081982
120,0,2,5,2,1,0.25,817514,818329,820514,DJGC_05081982
121,0,3,7,2,0,0.25,823564,824281,826814,DJGC_05081982
122,0,6,7,2,1,0.25,829981,831097,833447,DJGC_05081982
123,0,4,6,2,1,0.25,837147,837865,839780,DJGC_05081982
124,0,6,4,2,1,0.25,843047,843849,846180,DJGC_05081982
125,0,6,3,2,1,0.25,849696,850121,852613,DJGC_05081982
126,0,4,5,2,1,0.25,856013,856713,858929,DJGC_05081982
127,0,8,7,2,0,0.25,862029,862697,864612,DJGC_05081982
128,0,4,8,1,0,0.25,868279,868937,870896,DJGC_05081982
1,0,2,4,2,1,0.25,5433,6894,8932,D_BF_14021989
2,0,7,7,2,1,0.25,12982,13966,15782,D_BF_14021989
3,0,3,7,2,1,0.25,19149,20174,21782,D_BF_14021989
4,0,4,3,2,1,0.25,25665,27197,29382,D_BF_14021989
5,0,5,8,2,1,0.25,32765,32862,34615,D_BF_14021989
6,0,6,2,2,1,0.25,37998,39597,41314,D_BF_14021989
7,0,6,5,2,1,0.25,45148,45917,47881,D_BF_14021989
8,0,5,7,2,0,0.25,51697,52717,54597,D_BF_14021989
9,0,2,5,2,1,0.25,58597,59581,61530,D_BF_14021989
10,0,4,2,2,1,0.25,64597,64669,67113,D_BF_14021989
11,0,6,3,2,0,0.25,70613,71645,73480,D_BF_14021989
12,0,8,2,1,1,0.25,77080,79101,80979,D_BF_14021989
13,0,3,3,1,0,0.25,84446,85997,88062,D_BF_14021989
14,0,5,5,2,1,0.25,91146,92637,94545,D_BF_14021989
15,0,4,2,2,1,0.25,98495,99325,100929,D_BF_14021989
16,0,4,4,2,1,0.25,104128,105069,106612,D_BF_14021989
17,0,8,2,2,1,0.25,110328,113709,116211,D_BF_14021989
18,0,4,8,2,1,0.25,119278,120269,122311,D_BF_14021989
19,0,6,4,2,1,0.25,125411,126317,127877,D_BF_14021989
20,1,8,7,2,0,0.75,131894,132733,134994,D_BF_14021989
21,1,8,2,2,1,0.75,138627,140189,142660,D_BF_14021989
22,1,7,4,2,0,0.75,145877,146765,148843,D_BF_14021989
23,1,5,7,2,1,0.75,152660,153501,155609,D_BF_14021989
24,1,5,8,2,0,0.75,158859,159693,162059,D_BF_14021989
25,1,7,4,1,1,0.75,165759,167196,169309,D_BF_14021989
26,1,2,7,1,1,0.75,172692,175868,177575,D_BF_14021989
27,1,7,6,1,1,0.75,180792,181676,183758,D_BF_14021989
28,1,3,3,1,1,0.75,187191,188444,190958,D_BF_14021989
29,1,4,8,1,1,0.75,194308,195084,196974,D_BF_14021989
30,1,6,4,1,1,0.75,200624,202764,204857,D_BF_14021989
31,1,6,4,1,1,0.75,208174,208828,210457,D_BF_14021989
32,0,8,8,2,1,0.85,221607,222988,225440,D_BF_14021989
33,0,6,2,2,0,0.85,228973,231852,234373,D_BF_14021989
34,0,8,7,2,0,0.85,237856,239836,241856,D_BF_14021989
35,0,8,5,1,0,0.85,245872,246796,248322,D_BF_14021989
36,0,3,4,1,0,0.85,252172,253452,255289,D_BF_14021989
37,0,6,3,2,0,0.85,258438,259420,261722,D_BF_14021989
38,0,4,2,1,1,0.85,264971,266588,268171,D_BF_14021989
39,0,3,6,1,1,0.85,271904,272908,275238,D_BF_14021989
40,0,6,6,1,1,0.85,279204,279996,282237,D_BF_14021989
41,0,4,7,1,1,0.85,286054,286844,289070,D_BF_14021989
42,0,8,3,1,0,0.85,292704,293452,295903,D_BF_14021989
43,0,5,6,1,1,0.85,299187,299755,301503,D_BF_14021989
44,0,3,8,1,1,0.85,304870,304923,307020,D_BF_14021989
45,0,3,5,1,1,0.85,310853,311371,313736,D_BF_14021989
46,0,2,3,1,0,0.85,317669,318475,320902,D_BF_14021989
47,0,6,5,1,0,0.85,324352,324923,327219,D_BF_14021989
48,1,2,8,2,1,0.15,330752,331643,333702,D_BF_14021989
49,1,6,2,2,1,0.15,337485,338411,340535,D_BF_14021989
50,1,7,8,2,1,0.15,343935,344779,346901,D_BF_14021989
51,1,8,8,2,1,0.15,350468,350971,353468,D_BF_14021989
52,1,2,6,2,1,0.15,357317,357867,359734,D_BF_14021989
53,1,4,2,2,1,0.15,362867,363803,365900,D_BF_14021989
54,1,5,7,2,1,0.15,369617,370283,372167,D_BF_14021989
55,1,7,3,2,1,0.15,375467,376475,378250,D_BF_14021989
56,1,6,3,2,1,0.15,381716,382811,384783,D_BF_14021989
57,1,7,8,2,1,0.15,388066,388763,391099,D_BF_14021989
58,1,2,2,2,0,0.15,395083,395995,398466,D_BF_14021989
59,1,4,7,2,0,0.15,401666,402283,404049,D_BF_14021989
60,1,5,6,2,1,0.15,407599,408347,410848,D_BF_14021989
61,1,5,4,2,1,0.15,414498,415547,417965,D_BF_14021989
62,1,2,6,2,1,0.15,421548,422395,424048,D_BF_14021989
63,0,8,4,1,0,0.15,435297,436810,439147,D_BF_14021989
64,0,2,5,2,1,0.15,442514,444058,445730,D_BF_14021989
65,0,6,8,2,1,0.15,448864,449482,451913,D_BF_14021989
66,0,7,5,2,1,0.15,454963,455914,458196,D_BF_14021989
67,0,8,5,2,1,0.15,461996,462650,464896,D_BF_14021989
68,0,3,5,2,1,0.15,468546,469386,471563,D_BF_14021989
69,0,5,5,2,1,0.15,475012,475674,477612,D_BF_14021989
70,0,2,4,2,1,0.15,480812,481354,483445,D_BF_14021989
71,0,4,8,2,1,0.15,486812,487530,489262,D_BF_14021989
72,0,2,4,2,1,0.15,493212,494266,496528,D_BF_14021989
73,0,2,6,2,1,0.15,499978,500810,502678,D_BF_14021989
74,0,6,8,2,1,0.15,506128,506938,509078,D_BF_14021989
75,0,3,7,2,1,0.15,513111,513834,515377,D_BF_14021989
76,0,2,7,2,1,0.15,518511,519242,520794,D_BF_14021989
77,0,5,5,2,1,0.15,524210,525626,527360,D_BF_14021989
78,0,2,6,2,1,0.15,530677,531642,533777,D_BF_14021989
79,1,8,5,2,0,0.85,536910,537946,539943,D_BF_14021989
80,1,5,4,2,0,0.85,543026,543722,545576,D_BF_14021989
81,1,5,4,1,1,0.85,548959,549674,551809,D_BF_14021989
82,1,7,6,1,1,0.85,554909,555514,557792,D_BF_14021989
83,1,6,7,1,1,0.85,561542,562122,563792,D_BF_14021989
84,1,7,5,1,1,0.85,567108,567817,570008,D_BF_14021989
85,1,4,4,1,1,0.85,573691,574553,576291,D_BF_14021989
86,1,8,5,1,1,0.85,579941,580441,582941,D_BF_14021989
87,1,4,6,1,1,0.85,586041,586489,588941,D_BF_14021989
88,1,6,6,1,1,0.85,592541,593289,595074,D_BF_14021989
89,1,6,8,1,1,0.85,598940,599433,600974,D_BF_14021989
90,1,5,3,1,1,0.85,604140,604825,606490,D_BF_14021989
91,1,7,7,1,0,0.25,615573,616681,618573,D_BF_14021989
92,1,2,7,2,1,0.25,621923,622553,624289,D_BF_14021989
93,1,2,8,2,0,0.25,627339,627913,630289,D_BF_14021989
94,1,3,7,2,0,0.25,633789,634297,636705,D_BF_14021989
95,1,4,6,2,1,0.25,640105,641865,643638,D_BF_14021989
96,1,5,3,2,1,0.25,647038,647961,649622,D_BF_14021989
97,1,6,4,2,1,0.25,653421,654137,656638,D_BF_14021989
98,1,7,3,2,1,0.25,659754,660313,662754,D_BF_14021989
99,1,3,6,2,1,0.25,666304,666457,668121,D_BF_14021989
100,1,7,7,2,1,0.25,671354,671849,674287,D_BF_14021989
101,1,3,6,2,0,0.25,677854,678297,680387,D_BF_14021989
102,1,6,8,2,0,0.25,684137,685049,687120,D_BF_14021989
103,1,2,8,2,0,0.25,690236,692713,694686,D_BF_14021989
104,1,4,7,1,0,0.25,698669,699321,701336,D_BF_14021989
105,1,5,5,1,0,0.25,704436,704904,706669,D_BF_14021989
106,1,7,4,2,1,0.25,709902,711016,713519,D_BF_14021989
107,0,2,5,2,0,0.75,716935,717368,719035,D_BF_14021989
108,0,3,3,2,0,0.75,722318,723368,725585,D_BF_14021989
109,0,6,8,1,0,0.75,729468,729896,732151,D_BF_14021989
110,0,8,5,1,0,0.75,736035,737400,739434,D_BF_14021989
111,0,4,2,2,0,0.75,743334,744664,746567,D_BF_14021989
112,0,7,2,1,1,0.75,749801,751992,754300,D_BF_14021989
113,0,2,3,1,1,0.75,757400,757976,760083,D_BF_14021989
114,0,7,8,1,0,0.75,763500,764008,765800,D_BF_14021989
115,0,5,5,1,1,0.75,769116,769624,771966,D_BF_14021989
116,0,5,5,1,1,0.75,775166,775592,777783,D_BF_14021989
117,0,6,6,1,1,0.75,781083,781784,783449,D_BF_14021989
118,0,3,3,1,1,0.75,786749,787176,789049,D_BF_14021989
119,0,2,8,1,1,0.75,792799,793560,795099,D_BF_14021989
120,0,6,4,1,1,0.75,798398,800232,802698,D_BF_14021989
121,0,3,4,1,0,0.75,806231,807208,808915,D_BF_14021989
122,0,7,6,1,1,0.75,812181,812856,814764,D_BF_14021989
1,0,4,8,2,0,0.25,9616,11047,12882,D_OD_06071998
2,0,7,6,1,0,0.25,16832,17992,19949,D_OD_06071998
3,0,3,6,2,0,0.25,23482,24425,26398,D_OD_06071998
4,0,5,7,1,0,0.25,30365,33450,35665,D_OD_06071998
5,0,7,2,1,0,0.25,39348,40332,42381,D_OD_06071998
6,0,7,4,2,1,0.25,46364,52349,54030,D_OD_06071998
7,0,2,6,2,1,0.25,57430,57982,59930,D_OD_06071998
8,0,4,7,2,1,0.25,63063,63663,65463,D_OD_06071998
9,0,4,5,2,1,0.25,68730,69712,71863,D_OD_06071998
10,0,5,2,1,0,0.25,75363,78209,79896,D_OD_06071998
11,0,3,3,2,1,0.25,83129,83634,86146,D_OD_06071998
12,0,2,6,2,1,0.25,89212,89699,91562,D_OD_06071998
13,0,5,3,2,1,0.25,95345,96596,98962,D_OD_06071998
14,0,8,7,2,1,0.25,102328,103477,105595,D_OD_06071998
15,0,6,8,2,1,0.25,108911,109558,111495,D_OD_06071998
16,0,8,4,2,1,0.25,114861,118024,119994,D_OD_06071998
17,0,4,7,2,1,0.25,123394,123977,126377,D_OD_06071998
18,1,8,7,2,0,0.75,130077,130826,132544,D_OD_06071998
19,1,2,4,2,0,0.75,136360,139547,142010,D_OD_06071998
20,1,3,6,1,1,0.75,145410,146252,148510,D_OD_06071998
21,1,5,3,1,1,0.75,152526,153325,155026,D_OD_06071998
22,1,3,2,1,0,0.75,158193,159102,160793,D_OD_06071998
23,1,4,7,2,0,0.75,164726,165535,167659,D_OD_06071998
24,1,8,2,1,1,0.75,170859,171664,173775,D_OD_06071998
25,1,4,4,1,1,0.75,177292,179393,181408,D_OD_06071998
26,1,4,7,1,1,0.75,185091,186258,188308,D_OD_06071998
27,1,2,6,1,1,0.75,191841,193555,195908,D_OD_06071998
28,1,2,3,1,1,0.75,199191,199924,202124,D_OD_06071998
29,1,8,3,1,0,0.75,205657,207190,209207,D_OD_06071998
30,1,2,8,2,0,0.75,213190,214375,216773,D_OD_06071998
31,1,6,3,1,0,0.25,230340,231513,233839,D_OD_06071998
32,1,5,5,2,1,0.25,237806,238410,240072,D_OD_06071998
33,1,6,6,2,1,0.25,243806,245403,247539,D_OD_06071998
34,1,7,5,2,0,0.25,250705,253117,254905,D_OD_06071998
35,1,3,7,2,0,0.25,258105,259310,261521,D_OD_06071998
36,1,2,2,1,0,0.25,264705,265375,266988,D_OD_06071998
37,1,5,6,2,1,0.25,270688,274256,276654,D_OD_06071998
38,1,8,4,1,1,0.25,280604,286418,288420,D_OD_06071998
39,1,3,4,2,1,0.25,292154,293539,295087,D_OD_06071998
40,1,7,2,1,0,0.25,298187,298788,301003,D_OD_06071998
41,1,4,4,2,1,0.25,304220,304757,306570,D_OD_06071998
42,1,5,8,2,1,0.25,310236,311030,313169,D_OD_06071998
43,1,2,8,2,0,0.25,316969,318503,321019,D_OD_06071998
44,1,6,3,1,0,0.25,324869,325800,327919,D_OD_06071998
45,1,5,7,2,1,0.25,331135,332281,334718,D_OD_06071998
46,1,7,7,2,1,0.25,338152,338810,340551,D_OD_06071998
47,1,8,6,2,1,0.25,344568,346491,348718,D_OD_06071998
48,0,4,3,2,0,0.75,351868,353420,355567,D_OD_06071998
49,0,8,5,1,1,0.75,359317,360525,362600,D_OD_06071998
50,0,5,2,1,0,0.75,366217,367406,369400,D_OD_06071998
51,0,6,6,2,0,0.75,373100,374015,375983,D_OD_06071998
52,0,8,3,1,1,0.75,379483,381121,382683,D_OD_06071998
53,0,6,7,1,1,0.75,386649,390754,393049,D_OD_06071998
54,0,8,7,1,1,0.75,397066,397715,399632,D_OD_06071998
55,0,6,2,1,0,0.75,403132,403956,406299,D_OD_06071998
56,0,6,4,1,1,0.75,409765,411109,412848,D_OD_06071998
57,0,7,7,1,1,0.75,415965,417318,419131,D_OD_06071998
58,0,5,7,1,0,0.75,423115,426936,429064,D_OD_06071998
59,0,7,8,2,0,0.75,433131,434153,436347,D_OD_06071998
60,1,4,6,2,0,0.15,444630,445579,447363,D_OD_06071998
61,1,4,4,1,0,0.15,450797,454028,456013,D_OD_06071998
62,1,7,5,1,0,0.15,459780,461021,463146,D_OD_06071998
63,1,2,2,2,1,0.15,466863,467406,469412,D_OD_06071998
64,1,4,6,2,1,0.15,473462,474095,476596,D_OD_06071998
65,1,2,6,2,1,0.15,480262,480752,482812,D_OD_06071998
66,1,7,3,1,0,0.15,486745,488945,491362,D_OD_06071998
67,1,6,7,2,1,0.15,495261,495682,498211,D_OD_06071998
68,1,5,4,2,1,0.15,501628,503556,505178,D_OD_06071998
69,1,7,7,2,1,0.15,509161,509781,511511,D_OD_06071998
70,1,3,4,2,1,0.15,515211,516374,518310,D_OD_06071998
71,1,4,3,2,1,0.15,521444,523095,524643,D_OD_06071998
72,1,3,2,2,1,0.15,528660,529800,531626,D_OD_06071998
73,1,3,8,2,0,0.15,534826,535289,537693,D_OD_06071998
74,1,8,3,1,0,0.15,541676,542218,544209,D_OD_06071998
75,1,6,5,1,0,0.15,547359,548699,550526,D_OD_06071998
76,1,3,2,2,1,0.15,553726,554188,556659,D_OD_06071998
77,1,2,2,2,1,0.15,560009,560508,562675,D_OD_06071998
78,1,3,6,2,1,0.15,566092,566541,568208,D_OD_06071998
79,0,2,7,2,0,0.85,572158,572590,574925,D_OD_06071998
80,0,2,5,1,1,0.85,578791,580304,582391,D_OD_06071998
81,0,2,6,1,1,0.85,586341,587009,588957,D_OD_06071998
82,0,8,5,1,1,0.85,592390,593010,594874,D_OD_06071998
83,0,4,8,2,0,0.85,598490,599475,601957,D_OD_06071998
84,0,7,3,1,1,0.85,605190,605796,607440,D_OD_06071998
85,0,2,3,1,1,0.85,611240,612501,614623,D_OD_06071998
86,0,8,8,1,1,0.85,618573,620310,622139,D_OD_06071998
87,0,7,6,1,1,0.85,626206,628215,629789,D_OD_06071998
88,0,7,7,1,1,0.85,633689,634456,636655,D_OD_06071998
89,0,7,6,1,1,0.85,640388,641193,643272,D_OD_06071998
90,0,7,2,1,1,0.85,646621,647258,648838,D_OD_06071998
91,1,8,4,1,1,0.85,656721,657436,659104,D_OD_06071998
92,1,5,3,1,1,0.85,662554,663212,665171,D_OD_06071998
93,1,3,2,1,0,0.85,668520,669229,671554,D_OD_06071998
94,1,5,3,2,0,0.85,675587,676831,678853,D_OD_06071998
95,1,8,5,1,1,0.85,682203,683008,685370,D_OD_06071998
96,1,8,6,1,1,0.85,688720,689377,691653,D_OD_06071998
97,1,7,8,2,0,0.85,695053,696226,698053,D_OD_06071998
98,1,4,6,2,0,0.85,701669,702739,705219,D_OD_06071998
99,1,4,4,1,1,0.85,708619,710836,712502,D_OD_06071998
100,1,4,5,2,0,0.85,716202,717653,720085,D_OD_06071998
101,1,2,2,1,1,0.85,723251,724358,726435,D_OD_06071998
102,1,7,2,1,1,0.85,730268,732503,735001,D_OD_06071998
103,1,5,2,1,1,0.85,739051,740392,742734,D_OD_06071998
104,1,3,3,1,0,0.85,746800,749050,751200,D_OD_06071998
105,1,6,2,2,1,0.85,754450,757083,759617,D_OD_06071998
106,1,4,5,2,1,0.85,763083,763804,765433,D_OD_06071998
107,1,5,6,2,0,0.85,768500,769325,770899,D_OD_06071998
108,1,5,2,1,0,0.85,774649,775870,777882,D_OD_06071998
109,0,4,6,2,1,0.15,781182,782015,784482,D_OD_06071998
110,0,4,2,2,1,0.15,787682,788304,790499,D_OD_06071998
111,0,3,2,2,1,0.15,793615,795505,797532,D_OD_06071998
112,0,6,8,2,1,0.15,800965,801538,803665,D_OD_06071998
113,0,4,6,2,1,0.15,807498,809667,811364,D_OD_06071998
114,0,5,7,2,1,0.15,814831,816276,817831,D_OD_06071998
115,0,2,6,2,1,0.15,821381,822517,824314,D_OD_06071998
116,0,4,6,2,1,0.15,828297,829142,831397,D_OD_06071998
117,0,3,6,2,1,0.15,834497,835111,836847,D_OD_06071998
118,0,3,2,1,0,0.15,840880,841864,844196,D_OD_06071998
119,0,2,6,2,1,0.15,848063,848553,850729,D_OD_06071998
120,0,6,2,2,0,0.15,854162,854586,856146,D_OD_06071998
121,0,8,2,1,0,0.15,859779,862283,864679,D_OD_06071998
122,0,7,2,2,1,0.15,867862,869373,871262,D_OD_06071998
123,0,7,2,2,1,0.15,874378,877550,879545,D_OD_06071998
124,0,5,7,2,1,0.15,883011,883647,885644,D_OD_06071998
1,1,6,8,2,1,0.25,5649,6222,8432,D_TB_12031991
2,1,5,7,2,1,0.25,11732,12174,13749,D_TB_12031991
3,1,6,8,2,0,0.25,17249,17566,19549,D_TB_12031991
4,1,8,2,2,0,0.25,22882,23182,25398,D_TB_12031991
5,1,8,4,1,0,0.25,29265,29582,31931,D_TB_12031991
6,1,3,3,1,0,0.25,35415,36062,38565,D_TB_12031991
7,1,4,3,2,1,0.25,41681,41998,43598,D_TB_12031991
8,1,6,8,2,1,0.25,47381,47678,49947,D_TB_12031991
9,1,8,2,2,1,0.25,53181,53838,56247,D_TB_12031991
10,1,3,2,2,0,0.25,60247,60702,62330,D_TB_12031991
11,1,6,8,2,1,0.25,66363,66814,68730,D_TB_12031991
12,1,3,4,2,0,0.25,72213,72542,74380,D_TB_12031991
13,1,7,8,2,1,0.25,78213,79070,81379,D_TB_12031991
14,1,3,8,2,1,0.25,84779,85118,86979,D_TB_12031991
15,1,3,8,2,1,0.25,90429,91182,93629,D_TB_12031991
16,1,2,7,2,1,0.25,97229,97902,99629,D_TB_12031991
17,0,2,8,2,0,0.75,102912,103518,105762,D_TB_12031991
18,0,5,5,2,1,0.75,109628,109966,112161,D_TB_12031991
19,0,6,7,2,0,0.75,115795,116126,117745,D_TB_12031991
20,0,2,5,2,1,0.75,121744,122381,124161,D_TB_12031991
21,0,4,5,2,0,0.75,127244,127773,129694,D_TB_12031991
22,0,8,8,2,1,0.75,132794,133165,135610,D_TB_12031991
23,0,8,2,2,0,0.75,139260,139613,141410,D_TB_12031991
24,0,8,6,2,0,0.75,145243,145661,148043,D_TB_12031991
25,0,5,7,1,1,0.75,151310,151789,153393,D_TB_12031991
26,0,4,5,1,1,0.75,157026,157341,159693,D_TB_12031991
27,0,7,4,1,1,0.75,163709,164157,166276,D_TB_12031991
28,0,6,3,1,1,0.75,170059,170461,172675,D_TB_12031991
29,0,6,5,1,1,0.75,176525,177981,179659,D_TB_12031991
30,0,7,7,1,1,0.75,183408,184909,186992,D_TB_12031991
31,0,3,3,1,1,0.75,190875,191773,193625,D_TB_12031991
32,0,5,7,1,1,0.75,197624,198189,199724,D_TB_12031991
33,0,8,8,1,1,0.75,202791,205213,207674,D_TB_12031991
34,0,8,7,1,0,0.15,223240,223885,225523,D_TB_12031991
35,0,8,6,1,1,0.15,229556,230061,231856,D_TB_12031991
36,0,4,6,1,0,0.15,235289,235741,238239,D_TB_12031991
37,0,8,8,2,1,0.15,242206,242477,244106,D_TB_12031991
38,0,3,6,2,1,0.15,247189,247549,249472,D_TB_12031991
39,0,7,4,2,0,0.15,252872,253213,255022,D_TB_12031991
40,0,7,8,2,1,0.15,258655,258925,260738,D_TB_12031991
41,0,6,3,2,1,0.15,264122,264508,266305,D_TB_12031991
42,0,3,8,2,1,0.15,269738,270060,271938,D_TB_12031991
43,0,6,8,2,0,0.15,275354,276540,278604,D_TB_12031991
44,0,3,2,2,0,0.15,282171,282748,285154,D_TB_12031991
45,0,7,7,1,0,0.15,288587,288636,291020,D_TB_12031991
46,0,7,8,2,1,0.15,294537,294844,297070,D_TB_12031991
47,0,6,3,2,1,0.15,301103,302300,304203,D_TB_12031991
48,0,7,5,2,1,0.15,307886,308252,309836,D_TB_12031991
49,0,3,3,2,1,0.15,313003,313420,315686,D_TB_12031991
50,0,7,4,2,1,0.15,319119,319244,321719,D_TB_12031991
51,1,4,6,2,0,0.85,325252,325260,326919,D_TB_12031991
52,1,7,7,2,0,0.85,330119,330380,332085,D_TB_12031991
53,1,7,5,1,1,0.85,335302,335916,338135,D_TB_12031991
54,1,8,8,1,1,0.85,342135,345804,348218,D_TB_12031991
55,1,2,6,1,1,0.85,351368,351868,353868,D_TB_12031991
56,1,5,4,1,1,0.85,357218,357964,360134,D_TB_12031991
57,1,6,3,1,1,0.85,363417,363724,366017,D_TB_12031991
58,1,4,5,1,1,0.85,369317,370732,373117,D_TB_12031991
59,1,5,8,1,1,0.85,377183,377292,379150,D_TB_12031991
60,1,3,4,1,1,0.85,383116,383932,385616,D_TB_12031991
61,1,5,7,1,1,0.85,389500,390972,393249,D_TB_12031991
62,1,5,2,1,1,0.85,396433,396636,398182,D_TB_12031991
63,1,8,6,1,1,0.85,401699,401964,403566,D_TB_12031991
64,1,3,5,1,1,0.85,407065,407340,409232,D_TB_12031991
65,1,5,6,1,1,0.85,412449,412555,414565,D_TB_12031991
66,1,4,3,1,1,0.85,418182,421323,423831,D_TB_12031991
67,1,3,2,1,1,0.75,438231,438827,440981,D_TB_12031991
68,1,3,2,1,0,0.75,444597,445115,447097,D_TB_12031991
69,1,7,2,1,1,0.75,450580,451179,453297,D_TB_12031991
70,1,8,6,1,0,0.75,457313,460843,462796,D_TB_12031991
71,1,2,3,1,1,0.75,466830,467067,468596,D_TB_12031991
72,1,5,3,1,1,0.75,472029,472331,474696,D_TB_12031991
73,1,8,3,1,1,0.75,478296,479003,481246,D_TB_12031991
74,1,6,5,1,1,0.75,484979,486427,487995,D_TB_12031991
75,1,2,4,1,0,0.75,491045,493867,495678,D_TB_12031991
76,1,4,8,1,1,0.75,499328,499883,501761,D_TB_12031991
77,1,8,8,1,1,0.75,505345,505851,507661,D_TB_12031991
78,1,7,3,1,1,0.75,511111,511627,513478,D_TB_12031991
79,1,2,6,1,1,0.75,516744,517019,519111,D_TB_12031991
80,1,8,6,1,0,0.75,522427,522923,524977,D_TB_12031991
81,1,8,2,1,1,0.75,528144,528603,530327,D_TB_12031991
82,1,5,4,1,1,0.75,533610,534299,536260,D_TB_12031991
83,0,4,3,1,1,0.25,540110,540107,541693,D_TB_12031991
84,0,8,4,1,1,0.25,545576,545611,547809,D_TB_12031991
85,0,5,8,1,0,0.25,551426,554170,556292,D_TB_12031991
86,0,5,4,1,0,0.25,560026,560570,562425,D_TB_12031991
87,0,2,2,2,0,0.25,566209,566378,567925,D_TB_12031991
88,0,7,3,2,1,0.25,570992,571386,573125,D_TB_12031991
89,0,2,8,2,1,0.25,576858,577418,579108,D_TB_12031991
90,0,6,6,2,1,0.25,582825,583130,585224,D_TB_12031991
91,0,5,5,2,1,0.25,589224,590666,593174,D_TB_12031991
92,0,2,5,2,1,0.25,596541,596890,598774,D_TB_12031991
93,0,6,6,2,1,0.25,602557,607722,609640,D_TB_12031991
94,0,7,4,2,0,0.25,613257,613674,616106,D_TB_12031991
95,0,2,5,2,1,0.25,619990,620346,622106,D_TB_12031991
96,0,7,5,2,1,0.25,625356,625754,628156,D_TB_12031991
97,0,2,4,2,1,0.25,631889,632858,635372,D_TB_12031991
98,0,2,2,2,0,0.25,638439,638874,641122,D_TB_12031991
99,0,4,7,2,1,0.25,644922,645098,646755,D_TB_12031991
100,1,3,8,2,1,0.15,657755,658298,659971,D_TB_12031991
101,1,6,8,2,1,0.15,663204,663514,665304,D_TB_12031991
102,1,3,2,2,1,0.15,669104,669418,671737,D_TB_12031991
103,1,3,2,2,1,0.15,675221,675466,677771,D_TB_12031991
104,1,3,2,2,1,0.15,681354,681642,684170,D_TB_12031991
105,1,8,8,2,1,0.15,687987,688586,690303,D_TB_12031991
106,1,2,8,2,0,0.15,694320,695529,697703,D_TB_12031991
107,1,5,4,2,0,0.15,701003,701481,703586,D_TB_12031991
108,1,7,6,2,1,0.15,706719,708665,710252,D_TB_12031991
109,1,5,8,2,1,0.15,713436,714009,716186,D_TB_12031991
110,1,6,6,2,0,0.15,719869,720281,722519,D_TB_12031991
111,1,3,8,2,1,0.15,726252,726617,728885,D_TB_12031991
112,1,2,5,2,1,0.15,732835,733193,735718,D_TB_12031991
113,1,2,4,2,1,0.15,739535,739977,741968,D_TB_12031991
114,1,5,4,2,0,0.15,745768,746057,748017,D_TB_12031991
115,1,4,2,2,1,0.15,751301,752009,753884,D_TB_12031991
116,1,4,8,2,1,0.15,757867,758185,760567,D_TB_12031991
117,1,6,3,2,1,0.15,764350,764649,766217,D_TB_12031991
118,0,3,6,2,0,0.85,769583,771657,773400,D_TB_12031991
119,0,2,6,2,1,0.85,777450,777913,779716,D_TB_12031991
120,0,8,5,2,0,0.85,783199,784121,786116,D_TB_12031991
121,0,3,8,1,1,0.85,789749,790025,791999,D_TB_12031991
122,0,7,3,1,1,0.85,795549,795881,797799,D_TB_12031991
123,0,8,5,1,0,0.85,801799,802137,804348,D_TB_12031991
124,0,5,5,1,1,0.85,807515,813257,815581,D_TB_12031991
125,0,8,8,1,1,0.85,819381,819737,821898,D_TB_12031991
126,0,8,6,1,1,0.85,825698,826073,827997,D_TB_12031991
127,0,2,2,1,1,0.85,831747,832137,833830,D_TB_12031991
128,0,2,6,1,0,0.85,837247,837513,839914,D_TB_12031991
129,0,4,3,1,1,0.85,843613,843897,846063,D_TB_12031991
130,0,4,2,1,1,0.85,849780,849816,852180,D_TB_12031991
1,1,7,7,1,1,0.85,39981,40943,42731,EERV_01041955
2,1,6,7,1,1,0.85,46364,47423,49747,EERV_01041955
3,1,8,8,1,1,0.85,53497,54351,56697,EERV_01041955
4,1,7,4,1,1,0.85,59980,61119,62797,EERV_01041955
5,1,7,2,1,1,0.85,66547,67231,69596,EERV_01041955
6,1,3,8,1,1,0.85,72830,74143,76396,EERV_01041955
7,1,6,8,1,1,0.85,79696,81215,83579,EERV_01041955
8,1,7,3,1,1,0.85,86979,88063,90296,EERV_01041955
9,1,3,2,1,0,0.85,93695,94671,96479,EERV_01041955
10,1,6,6,2,0,0.85,100245,101247,103312,EERV_01041955
11,1,8,5,1,1,0.85,107161,108111,110111,EERV_01041955
12,1,6,8,1,1,0.85,114044,114702,116844,EERV_01041955
13,1,4,4,1,0,0.85,120911,121566,123294,EERV_01041955
14,1,3,4,1,1,0.85,127094,128542,130160,EERV_01041955
15,1,3,4,1,0,0.85,133927,134958,137477,EERV_01041955
16,1,5,4,1,0,0.85,140710,142350,144410,EERV_01041955
17,1,4,8,2,0,0.85,148093,149966,151643,EERV_01041955
18,1,3,2,1,1,0.85,154993,156990,158642,EERV_01041955
19,0,4,3,1,0,0.15,162176,163310,165509,EERV_01041955
20,0,8,2,1,0,0.15,169275,171166,173442,EERV_01041955
21,0,3,5,1,0,0.15,177225,179438,181125,EERV_01041955
22,0,5,2,2,1,0.15,185158,186142,188508,EERV_01041955
23,0,4,3,2,1,0.15,192124,192702,194758,EERV_01041955
24,0,8,8,2,1,0.15,198424,199934,202174,EERV_01041955
25,0,6,8,2,1,0.15,206107,207246,209624,EERV_01041955
26,0,8,8,1,1,0.15,213573,214542,216707,EERV_01041955
27,0,7,4,1,1,0.15,219973,220174,221773,EERV_01041955
28,0,8,6,1,0,0.15,224990,227438,229806,EERV_01041955
29,0,2,5,2,1,0.15,233606,234238,236322,EERV_01041955
30,0,4,8,2,1,0.15,239389,240462,242639,EERV_01041955
31,0,2,7,2,1,0.15,246539,247597,249472,EERV_01041955
32,0,7,2,2,0,0.15,252988,254301,256205,EERV_01041955
33,0,2,5,1,0,0.15,260071,260253,261921,EERV_01041955
34,0,2,3,2,0,0.15,265121,266477,268521,EERV_01041955
35,1,7,5,1,0,0.15,284087,284285,286120,EERV_01041955
36,1,7,7,2,0,0.15,290037,291869,294303,EERV_01041955
37,1,7,7,1,1,0.15,298303,300141,301920,EERV_01041955
38,1,5,6,1,0,0.15,305286,307981,310402,EERV_01041955
39,1,2,4,1,0,0.15,313819,315325,316852,EERV_01041955
40,1,2,7,2,1,0.15,320852,322941,325035,EERV_01041955
41,1,3,5,2,1,0.15,328218,329261,331052,EERV_01041955
42,1,4,6,2,1,0.15,334835,336221,337835,EERV_01041955
43,1,7,3,2,1,0.15,341118,343421,345034,EERV_01041955
44,1,3,2,2,1,0.15,348251,350333,352034,EERV_01041955
45,1,3,4,2,1,0.15,356084,357645,359467,EERV_01041955
46,1,3,8,2,1,0.15,363017,364205,366550,EERV_01041955
47,1,6,8,2,1,0.15,369883,370893,372966,EERV_01041955
48,1,2,4,2,0,0.15,376950,377965,380383,EERV_01041955
49,1,5,8,1,0,0.15,383933,385900,388199,EERV_01041955
50,1,2,5,1,0,0.15,391799,391949,394349,EERV_01041955
51,0,2,2,2,0,0.85,398399,398588,400565,EERV_01041955
52,0,4,3,1,0,0.85,403965,403980,406498,EERV_01041955
53,0,8,8,1,1,0.85,410115,411164,412731,EERV_01041955
54,0,6,7,1,1,0.85,416281,417452,419631,EERV_01041955
55,0,6,2,1,1,0.85,423497,424716,426464,EERV_01041955
56,0,2,6,1,1,0.85,429897,432412,434030,EERV_01041955
57,0,8,4,1,1,0.85,437980,438028,439630,EERV_01041955
58,0,2,2,1,0,0.85,443213,444284,446230,EERV_01041955
59,0,3,6,1,0,0.85,449580,449740,452213,EERV_01041955
60,0,7,7,1,1,0.85,455463,456492,458279,EERV_01041955
61,0,4,8,1,1,0.85,461579,461596,463879,EERV_01041955
62,0,3,8,1,1,0.85,467579,469772,471979,EERV_01041955
63,0,3,4,1,1,0.85,475729,477580,479478,EERV_01041955
64,0,6,2,1,1,0.85,483028,483404,485795,EERV_01041955
65,1,3,7,1,1,0.75,496661,500940,503294,EERV_01041955
66,1,5,8,1,1,0.75,507194,510235,512677,EERV_01041955
67,1,3,5,1,1,0.75,515943,516251,518327,EERV_01041955
68,1,2,4,1,1,0.75,522193,523435,525493,EERV_01041955
69,1,4,4,1,1,0.75,529060,529323,531326,EERV_01041955
70,1,2,7,1,1,0.75,535293,535467,537676,EERV_01041955
71,1,8,3,1,1,0.75,541126,542539,544875,EERV_01041955
72,1,2,4,1,0,0.75,548542,552603,555108,EERV_01041955
73,1,6,6,1,1,0.75,559042,559883,561441,EERV_01041955
74,1,7,3,1,1,0.75,565491,571595,573791,EERV_01041955
75,1,7,2,1,1,0.75,576924,577691,579974,EERV_01041955
76,1,8,3,1,1,0.75,583740,583963,586007,EERV_01041955
77,1,4,4,1,1,0.75,589774,591003,592540,EERV_01041955
78,1,6,5,1,1,0.75,595790,596779,598873,EERV_01041955
79,1,4,3,1,1,0.75,602856,604075,605623,EERV_01041955
80,1,3,8,1,1,0.75,608973,610635,613106,EERV_01041955
81,0,4,2,1,1,0.25,616256,617339,619706,EERV_01041955
82,0,2,8,1,0,0.25,623205,624891,626789,EERV_01041955
83,0,6,7,1,0,0.25,630705,632731,634438,EERV_01041955
84,0,8,8,1,0,0.25,638371,639259,641138,EERV_01041955
85,0,2,3,1,0,0.25,644721,645050,647304,EERV_01041955
86,0,4,2,2,1,0.25,651204,652282,653971,EERV_01041955
87,0,5,3,2,1,0.25,657321,657962,659837,EERV_01041955
88,0,4,7,2,1,0.25,663687,664298,666253,EERV_01041955
89,0,8,6,2,0,0.25,669970,670746,673003,EERV_01041955
90,0,3,3,1,0,0.25,676186,677034,678620,EERV_01041955
91,0,2,3,1,0,0.25,682586,683882,686236,EERV_01041955
92,0,8,8,2,1,0.25,690052,690714,692719,EERV_01041955
93,0,5,3,2,1,0.25,696352,697306,698902,EERV_01041955
94,0,6,5,2,1,0.25,702602,703498,705202,EERV_01041955
95,0,4,3,2,1,0.25,708452,709994,711918,EERV_01041955
96,0,2,4,2,1,0.25,715685,716474,718051,EERV_01041955
97,0,2,2,2,1,0.25,721184,722698,724801,EERV_01041955
98,0,3,4,2,1,0.25,728601,730218,731784,EERV_01041955
99,0,8,5,1,1,0.75,746033,747946,749883,EERV_01041955
100,0,2,8,1,0,0.75,753716,755146,757433,EERV_01041955
101,0,6,6,2,0,0.75,761316,762906,765416,EERV_01041955
102,0,6,4,1,1,0.75,769016,769722,771799,EERV_01041955
103,0,8,6,1,0,0.75,775049,775658,777449,EERV_01041955
104,0,2,7,1,1,0.75,781182,782681,784615,EERV_01041955
105,0,7,3,1,0,0.75,787698,788393,790715,EERV_01041955
106,0,6,3,1,1,0.75,794414,795081,797031,EERV_01041955
107,0,4,8,2,0,0.75,800781,801513,804014,EERV_01041955
108,0,5,5,1,1,0.75,807647,808409,810797,EERV_01041955
109,0,4,5,1,0,0.75,814380,815449,817497,EERV_01041955
110,0,8,8,1,0,0.75,821097,821993,824313,EERV_01041955
111,0,7,6,2,1,0.75,827813,828617,830280,EERV_01041955
112,0,7,6,2,1,0.75,833479,834585,836329,EERV_01041955
113,0,6,3,2,0,0.75,840129,841721,843729,EERV_01041955
114,0,7,2,1,1,0.75,847329,848585,850812,EERV_01041955
115,0,6,4,1,1,0.75,854362,854921,857412,EERV_01041955
116,0,4,3,1,1,0.75,860545,861465,862995,EERV_01041955
117,0,4,2,1,1,0.75,866561,868217,870628,EERV_01041955
118,0,7,5,2,0,0.75,874094,876137,877794,EERV_01041955
119,0,5,5,1,0,0.75,881177,882729,885177,EERV_01041955
120,0,3,7,2,1,0.75,888977,890601,892327,EERV_01041955
121,1,7,7,2,1,0.25,896293,898265,900410,EERV_01041955
122,1,5,6,2,1,0.25,904160,905448,906993,EERV_01041955
123,1,2,8,2,1,0.25,910243,911577,913743,EERV_01041955
124,1,5,7,2,1,0.25,916926,920344,922042,EERV_01041955
125,1,5,2,2,1,0.25,925942,928376,930142,EERV_01041955
126,1,2,2,2,1,0.25,933242,934184,936275,EERV_01041955
127,1,2,5,2,0,0.25,939625,940824,943308,EERV_01041955
128,1,8,3,1,0,0.25,946958,949000,950908,EERV_01041955
129,1,8,8,1,0,0.25,954391,955256,957007,EERV_01041955
130,1,6,5,2,1,0.25,960157,960952,963040,EERV_01041955
131,1,8,6,2,0,0.25,966190,966984,969040,EERV_01041955
132,1,8,2,1,1,0.25,972857,973928,976090,EERV_01041955
1,1,4,6,2,0,0.85,3249,4026,6116,EFHB_26121994
2,1,2,4,1,1,0.85,9349,10810,13199,EFHB_26121994
3,1,6,4,1,1,0.85,16532,17594,19365,EFHB_26121994
4,1,3,5,1,1,0.85,23149,24106,25915,EFHB_26121994
5,1,6,2,1,0,0.85,29448,30202,32681,EFHB_26121994
6,1,8,5,1,1,0.85,36381,39114,40998,EFHB_26121994
7,1,8,6,1,0,0.85,44881,46234,47998,EFHB_26121994
8,1,8,5,1,1,0.85,51381,52858,54414,EFHB_26121994
9,1,7,2,1,1,0.85,58030,60122,61680,EFHB_26121994
10,1,8,2,1,1,0.85,65130,66746,68363,EFHB_26121994
11,1,7,8,1,1,0.85,72013,75082,77396,EFHB_26121994
12,1,3,2,1,1,0.85,80863,82746,84879,EFHB_26121994
13,1,2,3,1,1,0.85,88079,89082,91512,EFHB_26121994
14,1,7,6,2,0,0.85,94896,96153,98562,EFHB_26121994
15,1,3,8,1,0,0.85,102029,103305,105745,EFHB_26121994
16,1,8,4,1,1,0.85,109745,111561,113311,EFHB_26121994
17,1,8,2,1,1,0.85,116578,117609,119878,EFHB_26121994
18,1,4,5,2,0,0.85,123194,126041,127761,EFHB_26121994
19,0,6,4,1,0,0.15,130944,131705,133944,EFHB_26121994
20,0,3,2,1,0,0.15,137127,138153,140410,EFHB_26121994
21,0,7,7,1,0,0.15,143610,146121,148010,EFHB_26121994
22,0,4,2,2,1,0.15,151227,152185,154376,EFHB_26121994
23,0,3,3,2,1,0.15,157976,158889,160776,EFHB_26121994
24,0,7,8,2,1,0.15,164243,165785,167343,EFHB_26121994
25,0,3,7,2,1,0.15,171059,172057,174326,EFHB_26121994
26,0,2,6,2,0,0.15,177425,178729,181092,EFHB_26121994
27,0,3,4,2,1,0.15,184675,185721,188208,EFHB_26121994
28,0,3,7,2,1,0.15,191292,192185,194225,EFHB_26121994
29,0,7,2,1,0,0.15,197641,200569,202408,EFHB_26121994
30,0,4,3,2,0,0.15,206441,208169,210307,EFHB_26121994
31,0,2,4,2,1,0.15,214024,215001,217340,EFHB_26121994
32,0,8,6,1,0,0.15,220724,222473,224090,EFHB_26121994
33,0,7,6,2,1,0.15,227290,227801,229523,EFHB_26121994
34,0,3,6,2,1,0.15,233006,234185,236340,EFHB_26121994
35,0,2,2,2,0,0.75,247139,248216,250606,EFHB_26121994
36,0,5,8,1,1,0.75,253756,256280,258722,EFHB_26121994
37,0,3,5,2,0,0.75,261939,264536,266272,EFHB_26121994
38,0,6,7,1,1,0.75,270222,271368,273821,EFHB_26121994
39,0,5,6,1,1,0.75,277488,278552,280604,EFHB_26121994
40,0,3,3,1,1,0.75,283888,284856,286921,EFHB_26121994
41,0,3,5,1,1,0.75,290337,291080,293354,EFHB_26121994
42,0,8,4,1,1,0.75,296654,297016,298887,EFHB_26121994
43,0,3,2,1,0,0.75,302904,303944,305737,EFHB_26121994
44,0,8,2,1,1,0.75,309487,311352,313036,EFHB_26121994
45,0,3,5,1,1,0.75,316320,317816,319436,EFHB_26121994
46,0,3,8,1,1,0.75,323453,325384,327452,EFHB_26121994
47,0,6,3,1,1,0.75,330819,332728,334886,EFHB_26121994
48,0,2,4,1,1,0.75,338019,339016,340935,EFHB_26121994
49,0,5,3,1,0,0.75,344118,344792,346468,EFHB_26121994
50,0,3,8,1,0,0.75,349702,354504,356801,EFHB_26121994
51,0,4,8,2,0,0.75,360851,361496,363534,EFHB_26121994
52,0,7,3,1,0,0.75,367167,369016,370717,EFHB_26121994
53,0,2,6,1,1,0.75,374717,375352,376934,EFHB_26121994
54,1,5,6,1,0,0.25,380067,380984,382800,EFHB_26121994
55,1,8,8,1,0,0.25,386300,387464,389617,EFHB_26121994
56,1,6,8,1,1,0.25,393166,394743,396650,EFHB_26121994
57,1,8,6,2,1,0.25,400049,402839,404816,EFHB_26121994
58,1,5,4,2,1,0.25,408249,409479,411666,EFHB_26121994
59,1,7,6,2,0,0.25,415549,416871,419232,EFHB_26121994
60,1,7,6,1,0,0.25,423198,424567,426815,EFHB_26121994
61,1,7,4,1,0,0.25,430115,431831,433381,EFHB_26121994
62,1,4,8,2,1,0.25,436581,438359,440131,EFHB_26121994
63,1,8,7,1,0,0.25,443498,444807,446381,EFHB_26121994
64,1,3,4,2,1,0.25,450314,453063,455097,EFHB_26121994
65,1,3,8,2,0,0.25,459097,460199,462280,EFHB_26121994
66,1,7,6,1,0,0.25,466213,467655,469347,EFHB_26121994
67,0,6,8,2,0,0.25,480146,481559,483679,EFHB_26121994
68,0,4,5,1,0,0.25,487562,488535,490829,EFHB_26121994
69,0,2,3,2,1,0.25,494262,495591,497445,EFHB_26121994
70,0,6,2,1,0,0.25,500879,505463,507278,EFHB_26121994
71,0,7,5,1,0,0.25,510445,513927,515711,EFHB_26121994
72,0,5,8,1,1,0.25,518811,519479,521794,EFHB_26121994
73,0,4,4,1,1,0.25,524978,526599,528561,EFHB_26121994
74,0,7,7,1,0,0.25,531911,532822,534577,EFHB_26121994
75,0,3,3,2,1,0.25,538444,539894,542377,EFHB_26121994
76,0,3,8,1,1,0.25,545460,547478,549493,EFHB_26121994
77,0,2,6,2,0,0.25,553226,554646,556360,EFHB_26121994
78,0,6,7,1,0,0.25,559593,560582,562226,EFHB_26121994
79,0,6,5,2,1,0.25,566176,567926,569709,EFHB_26121994
80,0,6,6,2,0,0.25,573192,574614,576392,EFHB_26121994
81,0,4,8,1,1,0.25,579942,581910,583808,EFHB_26121994
82,0,8,7,1,0,0.25,587225,590070,592141,EFHB_26121994
83,1,8,2,1,1,0.75,595991,596726,599024,EFHB_26121994
84,1,4,5,1,1,0.75,602524,603574,605707,EFHB_26121994
85,1,5,3,1,1,0.75,609341,611382,613390,EFHB_26121994
86,1,2,8,2,0,0.75,616474,619542,621557,EFHB_26121994
87,1,8,3,1,1,0.75,624973,626294,628007,EFHB_26121994
88,1,8,3,1,0,0.75,631706,632774,635206,EFHB_26121994
89,1,2,8,1,1,0.75,638506,641046,642839,EFHB_26121994
90,1,5,8,2,0,0.75,646356,649542,651189,EFHB_26121994
91,1,6,7,1,1,0.75,654505,655270,656939,EFHB_26121994
92,1,7,5,2,1,0.75,660589,662998,665172,EFHB_26121994
93,1,7,7,2,0,0.75,669155,671158,673421,EFHB_26121994
94,1,6,2,1,1,0.75,676771,678214,679754,EFHB_26121994
95,1,4,6,1,1,0.75,683721,684966,687287,EFHB_26121994
96,1,6,7,1,0,0.75,691104,692101,693770,EFHB_26121994
97,1,6,6,1,1,0.75,696837,698005,700237,EFHB_26121994
98,1,5,6,2,0,0.75,703470,704709,706320,EFHB_26121994
99,1,2,7,2,1,0.15,714270,715477,717636,EFHB_26121994
100,1,8,6,2,1,0.15,721453,722997,724602,EFHB_26121994
101,1,4,3,2,1,0.15,728602,729349,731152,EFHB_26121994
102,1,7,7,2,1,0.15,734769,735845,738369,EFHB_26121994
103,1,3,4,2,0,0.15,741918,742885,744785,EFHB_26121994
104,1,7,5,2,1,0.15,748635,750901,752518,EFHB_26121994
105,1,3,6,1,0,0.15,756268,757413,759401,EFHB_26121994
106,1,4,5,2,1,0.15,763184,765045,766817,EFHB_26121994
107,1,5,3,2,0,0.15,770151,772293,774184,EFHB_26121994
108,1,7,4,1,0,0.15,777534,779701,782150,EFHB_26121994
109,1,4,8,2,1,0.15,785800,787029,788866,EFHB_26121994
110,1,6,7,1,0,0.15,792900,794037,796233,EFHB_26121994
111,1,3,2,1,0,0.15,799766,801221,803483,EFHB_26121994
112,1,6,5,1,0,0.15,807316,808085,810566,EFHB_26121994
113,1,6,2,1,0,0.15,814249,815045,817282,EFHB_26121994
114,1,5,6,1,0,0.15,820565,821541,823965,EFHB_26121994
115,0,6,5,2,0,0.85,827448,827893,829981,EFHB_26121994
116,0,4,6,1,1,0.85,833998,837668,839248,EFHB_26121994
117,0,4,2,1,1,0.85,843198,844324,846764,EFHB_26121994
118,0,6,5,1,1,0.85,850081,851236,853647,EFHB_26121994
119,0,7,2,1,0,0.85,857247,860612,862913,EFHB_26121994
120,0,7,5,1,1,0.85,866830,869524,871530,EFHB_26121994
121,0,4,3,1,1,0.85,875380,877204,879196,EFHB_26121994
122,0,7,2,1,1,0.85,883063,886180,887779,EFHB_26121994
123,0,7,8,2,0,0.85,891762,895108,897595,EFHB_26121994
124,0,5,2,1,1,0.85,900912,901972,904362,EFHB_26121994
125,0,8,8,1,1,0.85,907911,909332,911845,EFHB_26121994
126,0,8,2,1,1,0.85,915111,916212,917744,EFHB_26121994
1,1,8,2,1,0,0.15,50830,52314,54230,ELFN_09021961
2,1,4,6,2,1,0.15,58030,58842,61180,ELFN_09021961
3,1,2,4,2,0,0.15,64547,65482,67530,ELFN_09021961
4,1,6,6,2,1,0.15,71596,73609,75563,ELFN_09021961
5,1,3,4,2,1,0.15,78846,80073,81879,ELFN_09021961
6,1,2,3,1,0,0.15,85896,87033,89129,ELFN_09021961
7,1,3,4,1,0,0.15,92829,94009,96245,ELFN_09021961
8,1,5,2,2,0,0.15,100078,102201,104628,ELFN_09021961
9,1,8,5,1,1,0.15,108328,110201,112428,ELFN_09021961
10,1,7,8,2,0,0.15,115911,117305,119561,ELFN_09021961
11,1,4,5,2,1,0.15,122811,124185,126494,ELFN_09021961
12,1,5,6,1,0,0.15,130077,131897,134043,ELFN_09021961
13,1,5,2,2,1,0.15,137943,139081,141510,ELFN_09021961
14,1,6,8,2,1,0.15,144826,146185,147743,ELFN_09021961
15,1,3,7,2,0,0.15,150909,152681,154242,ELFN_09021961
16,1,6,4,1,0,0.15,157359,159225,161676,ELFN_09021961
17,1,3,4,2,1,0.15,164809,166233,168292,ELFN_09021961
18,1,5,2,1,0,0.15,171458,173929,175708,ELFN_09021961
19,1,4,6,2,0,0.15,179358,179993,181725,ELFN_09021961
20,0,4,6,2,0,0.85,185091,186025,188424,ELFN_09021961
21,0,5,8,2,0,0.85,191791,192776,194857,ELFN_09021961
22,0,8,5,1,1,0.85,198324,199640,201474,ELFN_09021961
23,0,2,3,1,1,0.85,204840,206504,208723,ELFN_09021961
24,0,6,4,1,1,0.85,211807,214328,216373,ELFN_09021961
25,0,4,8,2,0,0.85,219590,220632,222256,ELFN_09021961
26,0,7,2,1,1,0.85,225723,227048,228689,ELFN_09021961
27,0,5,4,1,1,0.85,232422,233608,235372,ELFN_09021961
28,0,5,2,1,1,0.85,239255,240760,242605,ELFN_09021961
29,0,7,5,1,0,0.85,246555,247384,249372,ELFN_09021961
30,0,6,6,2,0,0.85,253138,253928,255788,ELFN_09021961
31,0,2,4,1,1,0.85,259321,260344,262871,ELFN_09021961
32,0,4,5,1,1,0.85,266737,269192,270721,ELFN_09021961
33,0,3,6,2,0,0.85,273920,275128,277287,ELFN_09021961
34,0,7,8,1,1,0.85,280387,281272,283437,ELFN_09021961
35,0,3,8,1,1,0.75,291470,293208,295636,ELFN_09021961
36,0,6,3,1,1,0.75,298769,299495,301136,ELFN_09021961
37,0,6,7,1,1,0.75,304802,306375,308402,ELFN_09021961
38,0,7,2,2,1,0.75,312469,313351,315702,ELFN_09021961
39,0,2,5,1,1,0.75,319585,320855,322652,ELFN_09021961
40,0,2,2,1,1,0.75,326135,328551,330501,ELFN_09021961
41,0,8,5,2,0,0.75,334534,335335,337751,ELFN_09021961
42,0,6,6,1,1,0.75,341134,342423,344184,ELFN_09021961
43,0,5,2,1,1,0.75,347634,349207,351050,ELFN_09021961
44,0,6,6,2,0,0.75,354400,355367,357433,ELFN_09021961
45,0,2,5,1,1,0.75,360517,361831,363783,ELFN_09021961
46,0,3,6,1,1,0.75,367466,368807,370333,ELFN_09021961
47,0,2,2,1,0,0.75,373633,375879,377866,ELFN_09021961
48,0,2,7,2,1,0.75,381432,383335,385849,ELFN_09021961
49,0,7,8,2,0,0.75,389332,391863,393798,ELFN_09021961
50,0,7,2,1,0,0.75,397382,399319,400931,ELFN_09021961
51,1,7,7,1,0,0.25,404231,405207,407664,ELFN_09021961
52,1,6,5,1,0,0.25,411131,412215,414464,ELFN_09021961
53,1,2,6,1,0,0.25,418181,420375,422097,ELFN_09021961
54,1,7,7,2,1,0.25,425930,426694,429130,ELFN_09021961
55,1,3,7,2,0,0.25,432430,433910,435613,ELFN_09021961
56,1,7,8,2,1,0.25,439413,441238,442913,ELFN_09021961
57,1,5,6,2,0,0.25,446079,448230,449846,ELFN_09021961
58,1,5,5,1,0,0.25,453712,455142,456746,ELFN_09021961
59,1,6,7,1,0,0.25,460445,461910,463462,ELFN_09021961
60,1,2,4,2,0,0.25,466745,467782,469878,ELFN_09021961
61,1,7,4,2,1,0.25,472995,474006,476461,ELFN_09021961
62,1,4,6,1,0,0.25,479878,481078,482711,ELFN_09021961
63,0,7,4,2,1,0.25,489844,491526,493594,ELFN_09021961
64,0,5,4,1,0,0.25,497110,498182,499844,ELFN_09021961
65,0,7,3,2,1,0.25,503093,504614,506460,ELFN_09021961
66,0,7,8,2,1,0.25,510177,511782,513593,ELFN_09021961
67,0,3,8,1,1,0.25,517126,518598,520443,ELFN_09021961
68,0,6,4,1,0,0.25,524393,526310,527842,ELFN_09021961
69,0,3,4,2,0,0.25,531659,532789,534809,ELFN_09021961
70,0,4,7,2,1,0.25,537925,538981,540642,ELFN_09021961
71,0,6,8,1,1,0.25,544025,546213,548291,ELFN_09021961
72,0,4,8,2,1,0.25,551675,552853,554841,ELFN_09021961
73,0,7,7,2,1,0.25,558308,560341,562441,ELFN_09021961
74,0,2,6,1,0,0.25,565641,568085,570324,ELFN_09021961
75,0,3,5,2,1,0.25,573824,574389,576290,ELFN_09021961
76,0,8,7,2,0,0.25,579757,581477,583123,ELFN_09021961
77,0,4,3,1,0,0.25,586606,587541,589940,ELFN_09021961
78,0,4,3,2,1,0.25,593256,594101,595973,ELFN_09021961
79,0,8,5,1,0,0.25,599722,600773,603289,ELFN_09021961
80,1,2,7,2,0,0.75,607005,608341,610755,ELFN_09021961
81,1,4,5,1,1,0.75,613872,615125,616688,ELFN_09021961
82,1,5,4,1,1,0.75,620388,621925,623538,ELFN_09021961
83,1,6,6,2,1,0.75,626638,628021,629904,ELFN_09021961
84,1,3,4,2,1,0.75,633338,635077,636654,ELFN_09021961
85,1,3,6,1,1,0.75,639921,644677,647204,ELFN_09021961
86,1,7,5,1,1,0.75,650887,652165,654170,ELFN_09021961
87,1,4,5,2,0,0.75,658203,659348,660986,ELFN_09021961
88,1,2,7,1,1,0.75,664553,666148,668269,ELFN_09021961
89,1,4,8,2,0,0.75,671453,673316,675219,ELFN_09021961
90,1,6,8,2,1,0.75,678552,680740,683085,ELFN_09021961
91,1,4,3,2,1,0.75,686769,687924,690218,ELFN_09021961
92,1,5,4,1,1,0.75,693752,694740,696651,ELFN_09021961
93,1,5,5,2,0,0.75,700235,701956,703601,ELFN_09021961
94,1,7,4,1,1,0.75,707234,707892,709568,ELFN_09021961
95,0,6,5,1,0,0.15,715734,716884,719284,ELFN_09021961
96,0,5,8,2,1,0.15,722417,723220,725733,ELFN_09021961
97,0,3,6,2,1,0.15,729283,730196,731833,ELFN_09021961
98,0,8,5,2,1,0.15,735533,736996,739450,ELFN_09021961
99,0,3,3,2,1,0.15,742999,744276,746633,ELFN_09021961
100,0,3,3,1,0,0.15,750066,751236,753316,ELFN_09021961
101,0,7,2,1,0,0.15,756699,757428,759182,ELFN_09021961
102,0,5,6,1,0,0.15,762232,763572,765315,ELFN_09021961
103,0,7,5,2,1,0.15,768915,770244,771815,ELFN_09021961
104,0,2,8,2,1,0.15,774931,775811,777365,ELFN_09021961
105,0,7,7,2,1,0.15,781348,783091,785564,ELFN_09021961
106,0,3,8,1,1,0.15,788947,790083,792097,ELFN_09021961
107,0,7,3,1,0,0.15,795380,796947,799097,ELFN_09021961
108,0,5,2,2,1,0.15,803030,803651,805663,ELFN_09021961
109,0,6,3,1,1,0.15,809013,810131,812396,ELFN_09021961
110,0,6,3,2,0,0.15,815646,817731,820096,ELFN_09021961
111,0,5,8,1,0,0.15,823662,824819,826646,ELFN_09021961
112,0,6,6,2,1,0.15,829712,830691,832895,ELFN_09021961
113,0,2,4,2,1,0.15,836695,837875,839795,ELFN_09021961
114,0,7,7,2,1,0.15,842895,844227,846595,ELFN_09021961
115,1,6,4,1,1,0.85,850161,851811,854261,ELFN_09021961
116,1,8,2,1,1,0.85,857494,858643,860244,ELFN_09021961
117,1,3,8,2,0,0.85,864261,865395,867777,ELFN_09021961
118,1,2,4,2,0,0.85,871577,872803,874877,ELFN_09021961
119,1,3,4,2,0,0.85,878710,879571,881310,ELFN_09021961
120,1,7,4,1,1,0.85,884393,885363,887743,ELFN_09021961
121,1,8,2,1,0,0.85,891193,892115,894593,ELFN_09021961
122,1,6,5,2,0,0.85,898642,899842,901859,ELFN_09021961
123,1,2,3,2,1,0.85,905159,906898,909075,ELFN_09021961
124,1,8,5,1,1,0.85,912542,913874,916325,ELFN_09021961
125,1,2,7,2,0,0.85,919558,920770,922441,ELFN_09021961
126,1,8,5,1,1,0.85,926208,928322,930241,ELFN_09021961
127,1,6,2,2,0,0.85,933524,934402,936241,ELFN_09021961
128,1,5,7,1,1,0.85,940024,942114,944057,ELFN_09021961
1,1,4,2,1,0,0.85,31115,31939,34298,FABN_19111984
2,1,3,7,2,0,0.85,38065,38611,40648,FABN_19111984
3,1,4,6,2,0,0.85,44064,44947,46547,FABN_19111984
4,1,2,4,1,0,0.85,50414,51251,53664,FABN_19111984
5,1,5,6,1,1,0.85,57480,57923,59964,FABN_19111984
6,1,6,4,1,1,0.85,63580,64019,65697,FABN_19111984
7,1,3,2,1,0,0.85,69280,69699,71913,FABN_19111984
8,1,4,8,1,1,0.85,75830,76323,78146,FABN_19111984
9,1,6,8,1,1,0.85,81979,82275,84679,FABN_19111984
10,1,3,2,1,1,0.85,88379,88867,91162,FABN_19111984
11,1,4,7,1,1,0.85,94812,95475,97329,FABN_19111984
12,1,5,3,1,1,0.85,100545,101091,102695,FABN_19111984
13,1,2,7,1,1,0.85,106595,107267,109645,FABN_19111984
14,1,3,6,1,1,0.85,113361,113875,116061,FABN_19111984
15,1,6,6,1,1,0.85,120061,120691,122894,FABN_19111984
16,1,7,2,1,0,0.85,126261,126675,128561,FABN_19111984
17,1,3,2,1,1,0.85,132427,133043,134760,FABN_19111984
18,0,4,3,1,1,0.15,138277,138755,140510,FABN_19111984
19,0,8,4,1,0,0.15,143627,144146,146176,FABN_19111984
20,0,6,4,1,0,0.15,150126,150578,152943,FABN_19111984
21,0,4,4,1,0,0.15,156343,157730,159676,FABN_19111984
22,0,6,5,2,1,0.15,163526,163922,166109,FABN_19111984
23,0,8,7,2,1,0.15,169825,170290,172025,FABN_19111984
24,0,2,7,2,1,0.15,175359,175762,177592,FABN_19111984
25,0,2,6,2,1,0.15,180775,181314,183391,FABN_19111984
26,0,6,4,2,1,0.15,187275,187746,189708,FABN_19111984
27,0,6,3,2,1,0.15,193641,194258,196291,FABN_19111984
28,0,3,8,2,1,0.15,200024,200562,202924,FABN_19111984
29,0,6,3,2,0,0.15,206090,206658,208207,FABN_19111984
30,0,6,7,2,0,0.85,216207,217106,218907,FABN_19111984
31,0,2,3,1,1,0.85,222456,223826,226156,FABN_19111984
32,0,2,7,1,1,0.85,229989,230370,232773,FABN_19111984
33,0,6,2,1,1,0.85,236173,237506,239756,FABN_19111984
34,0,2,7,1,1,0.85,243156,243570,245305,FABN_19111984
35,0,8,7,1,1,0.85,248389,248770,250372,FABN_19111984
36,0,7,5,1,1,0.85,253788,254658,256555,FABN_19111984
37,0,3,6,1,0,0.85,260121,260546,262105,FABN_19111984
38,0,8,7,1,1,0.85,265255,265650,268021,FABN_19111984
39,0,3,2,1,0,0.85,271921,273714,275254,FABN_19111984
40,0,5,7,1,1,0.85,278487,279025,280587,FABN_19111984
41,0,4,6,1,1,0.85,284604,285425,287937,FABN_19111984
42,0,3,6,1,0,0.85,291887,292769,294487,FABN_19111984
43,0,2,5,1,1,0.85,298353,298785,300903,FABN_19111984
44,0,7,2,1,1,0.85,303970,304369,306653,FABN_19111984
45,0,7,7,1,1,0.85,310236,311025,312686,FABN_19111984
46,0,6,3,1,0,0.85,316319,316849,319002,FABN_19111984
47,0,4,3,1,1,0.85,322202,322785,324869,FABN_19111984
48,1,7,3,1,0,0.15,328352,328961,330685,FABN_19111984
49,1,4,4,1,0,0.15,334052,334689,336618,FABN_19111984
50,1,6,6,2,1,0.15,340168,340545,342735,FABN_19111984
51,1,2,7,2,1,0.15,346151,346561,348401,FABN_19111984
52,1,6,4,2,1,0.15,352167,352801,354484,FABN_19111984
53,1,5,8,2,1,0.15,357934,358705,360300,FABN_19111984
54,1,2,8,2,1,0.15,364100,364577,366483,FABN_19111984
55,1,8,3,2,1,0.15,369633,370369,372217,FABN_19111984
56,1,6,3,2,1,0.15,375900,376561,378483,FABN_19111984
57,1,2,6,2,1,0.15,382399,382833,384699,FABN_19111984
58,1,6,3,2,1,0.15,388566,389153,390766,FABN_19111984
59,1,6,8,2,1,0.15,394566,396081,398032,FABN_19111984
60,0,3,8,2,1,0.25,407998,409105,411165,FABN_19111984
61,0,4,8,2,1,0.25,414831,416608,418498,FABN_19111984
62,0,4,2,2,1,0.25,422114,422864,424814,FABN_19111984
63,0,7,8,2,0,0.25,428114,428496,430364,FABN_19111984
64,0,8,7,2,1,0.25,433997,434352,436047,FABN_19111984
65,0,8,6,2,1,0.25,440080,440432,442113,FABN_19111984
66,0,6,8,2,0,0.25,445830,446256,448130,FABN_19111984
67,0,2,8,2,0,0.25,451813,452496,454480,FABN_19111984
68,0,4,8,1,0,0.25,458179,458656,460529,FABN_19111984
69,0,4,8,2,1,0.25,463929,464464,466729,FABN_19111984
70,0,5,4,2,1,0.25,469912,470528,472529,FABN_19111984
71,0,4,8,2,1,0.25,475679,477264,479162,FABN_19111984
72,0,2,4,2,0,0.25,482695,483120,484778,FABN_19111984
73,0,3,5,2,1,0.25,487911,488848,490578,FABN_19111984
74,0,3,4,2,1,0.25,493711,494384,496511,FABN_19111984
75,0,7,4,2,1,0.25,500361,500976,503377,FABN_19111984
76,1,8,6,2,0,0.75,507361,507824,509627,FABN_19111984
77,1,2,6,2,0,0.75,513477,513952,515477,FABN_19111984
78,1,8,8,2,0,0.75,518527,519088,521127,FABN_19111984
79,1,5,5,1,1,0.75,524777,525184,527460,FABN_19111984
80,1,7,4,1,1,0.75,530760,531200,533276,FABN_19111984
81,1,7,6,1,1,0.75,536393,537744,539543,FABN_19111984
82,1,7,4,1,1,0.75,543026,546000,548226,FABN_19111984
83,1,3,6,1,1,0.75,552109,552575,554575,FABN_19111984
84,1,3,2,1,1,0.75,557725,558191,559925,FABN_19111984
85,1,5,8,1,0,0.75,563808,564223,565825,FABN_19111984
86,1,6,4,1,1,0.75,569675,570063,572508,FABN_19111984
87,1,3,3,1,1,0.75,576474,578447,580591,FABN_19111984
88,1,3,4,1,1,0.75,583741,592463,594390,FABN_19111984
89,1,4,3,1,0,0.75,597607,597935,599873,FABN_19111984
90,1,6,7,1,1,0.75,603440,603807,605706,FABN_19111984
91,1,8,2,1,0,0.75,609590,610735,613089,FABN_19111984
92,1,6,2,1,1,0.75,616206,619487,621956,FABN_19111984
93,1,2,7,2,1,0.25,627472,628351,630805,FABN_19111984
94,1,7,2,2,1,0.25,634388,635423,637838,FABN_19111984
95,1,8,3,2,0,0.25,641471,642111,643688,FABN_19111984
96,1,7,3,2,0,0.25,647255,649887,651504,FABN_19111984
97,1,8,3,1,1,0.25,655171,655503,657137,FABN_19111984
98,1,6,3,1,0,0.25,660337,660831,663237,FABN_19111984
99,1,6,3,1,0,0.25,666387,666927,668704,FABN_19111984
100,1,7,7,2,1,0.25,672587,673199,675537,FABN_19111984
101,1,7,7,2,1,0.25,679003,681727,684103,FABN_19111984
102,1,3,2,2,1,0.25,687453,688254,690653,FABN_19111984
103,1,6,4,2,0,0.25,693769,694302,696486,FABN_19111984
104,1,6,8,2,1,0.25,700286,700926,703352,FABN_19111984
105,1,7,8,1,0,0.25,706819,708222,710052,FABN_19111984
106,1,3,5,2,0,0.25,713318,713838,715418,FABN_19111984
107,1,6,7,1,1,0.25,718735,718990,721435,FABN_19111984
108,1,4,7,1,1,0.25,725334,725694,727784,FABN_19111984
109,1,8,8,1,0,0.25,731668,731982,734201,FABN_19111984
110,1,5,8,1,0,0.25,737884,738286,740617,FABN_19111984
111,1,4,2,2,1,0.25,744634,744974,747333,FABN_19111984
112,1,3,2,2,1,0.25,750600,750942,753450,FABN_19111984
113,0,5,3,2,1,0.75,757466,757902,759950,FABN_19111984
114,0,8,6,2,0,0.75,763733,764254,766033,FABN_19111984
115,0,6,2,2,1,0.75,769133,770174,771949,FABN_19111984
116,0,8,3,2,1,0.75,775349,777758,779349,FABN_19111984
117,0,8,7,2,1,0.75,782832,783262,785698,FABN_19111984
118,0,6,5,2,0,0.75,788848,790142,792482,FABN_19111984
119,0,6,5,2,0,0.75,795815,796638,798548,FABN_19111984
120,0,3,3,1,1,0.75,801814,802366,804614,FABN_19111984
121,0,7,5,1,0,0.75,808031,808478,810564,FABN_19111984
122,0,6,6,1,0,0.75,814631,814989,817014,FABN_19111984
123,0,8,2,2,0,0.75,820897,822349,824713,FABN_19111984
124,0,7,5,1,0,0.75,828547,828861,831280,FABN_19111984
125,0,2,8,1,0,0.75,834530,835261,837546,FABN_19111984
126,0,7,3,2,1,0.75,841613,842013,843796,FABN_19111984
127,0,7,8,2,1,0.75,846929,847261,849296,FABN_19111984
1,0,5,6,2,0,0.85,5566,16903,19332,FAPN_12111974
2,0,4,7,1,1,0.85,22865,32999,35148,FAPN_12111974
3,0,3,4,1,1,0.85,38448,45831,47597,FAPN_12111974
4,0,3,7,1,0,0.85,50814,55495,57714,FAPN_12111974
5,0,7,6,2,0,0.85,61764,70167,72213,FAPN_12111974
6,0,2,7,2,0,0.85,75330,87815,89946,FAPN_12111974
7,0,5,6,1,1,0.85,93846,101367,103862,FAPN_12111974
8,0,2,8,1,1,0.85,107062,108935,110978,FAPN_12111974
9,0,4,5,2,0,0.85,114678,116775,119128,FAPN_12111974
10,0,8,8,1,1,0.85,122361,130391,132594,FAPN_12111974
11,0,2,2,1,1,0.85,135994,138871,140627,FAPN_12111974
12,0,5,8,1,0,0.85,143943,148662,150910,FAPN_12111974
13,0,7,8,2,1,0.85,154610,155814,158043,FAPN_12111974
14,0,8,3,1,0,0.85,161659,163478,165976,FAPN_12111974
15,0,7,5,1,1,0.85,169342,174870,176509,FAPN_12111974
16,0,6,6,1,0,0.85,180375,181238,183325,FAPN_12111974
17,0,7,8,2,0,0.85,186625,189174,190991,FAPN_12111974
18,0,8,3,1,1,0.85,194841,197910,200191,FAPN_12111974
19,0,6,5,1,1,0.85,203774,210438,211974,FAPN_12111974
20,1,3,5,1,0,0.15,215824,223206,225490,FAPN_12111974
21,1,7,5,1,0,0.15,229356,244518,246889,FAPN_12111974
22,1,2,3,1,0,0.15,250156,258646,261122,FAPN_12111974
23,1,6,7,1,0,0.15,265105,272198,274071,FAPN_12111974
24,1,6,6,2,1,0.15,277338,280838,282804,FAPN_12111974
25,1,2,4,2,0,0.15,286721,289941,292220,FAPN_12111974
26,1,4,2,2,1,0.15,295470,300885,303420,FAPN_12111974
27,1,3,7,1,0,0.15,306553,307365,309270,FAPN_12111974
28,1,3,7,1,0,0.15,313103,315781,317369,FAPN_12111974
29,1,4,7,2,1,0.15,320503,324773,326402,FAPN_12111974
30,1,8,3,2,1,0.15,329986,341237,343635,FAPN_12111974
31,1,4,4,2,0,0.15,347302,353077,355034,FAPN_12111974
32,1,7,7,2,1,0.15,358368,364981,366951,FAPN_12111974
33,1,6,4,1,0,0.15,370334,379669,382100,FAPN_12111974
34,1,5,8,2,0,0.15,385283,390309,392383,FAPN_12111974
35,1,2,4,2,1,0.15,396199,403109,405382,FAPN_12111974
36,0,4,7,2,1,0.15,416232,421333,423515,FAPN_12111974
37,0,7,5,2,0,0.15,426765,431349,433615,FAPN_12111974
38,0,4,5,2,1,0.15,437581,441636,443164,FAPN_12111974
39,0,7,4,2,1,0.15,446831,455060,456864,FAPN_12111974
40,0,7,5,2,0,0.15,459980,464132,466413,FAPN_12111974
41,0,2,6,2,1,0.15,469646,473492,475446,FAPN_12111974
42,0,4,7,1,1,0.15,479396,482196,484729,FAPN_12111974
43,0,2,7,2,1,0.15,488412,489892,491929,FAPN_12111974
44,0,5,3,1,0,0.15,495912,497108,499412,FAPN_12111974
45,0,7,7,2,1,0.15,502878,507892,510228,FAPN_12111974
46,0,4,7,1,0,0.15,514228,514932,516511,FAPN_12111974
47,0,3,7,2,1,0.15,520178,525524,527411,FAPN_12111974
48,0,5,6,2,0,0.15,530860,534564,536810,FAPN_12111974
49,0,5,2,2,1,0.15,540377,551156,553209,FAPN_12111974
50,0,8,8,2,1,0.15,556543,558116,560192,FAPN_12111974
51,0,5,4,2,1,0.15,563409,568452,570892,FAPN_12111974
52,0,2,5,2,1,0.15,574959,576708,578758,FAPN_12111974
53,1,2,8,2,0,0.85,581992,583299,585325,FAPN_12111974
54,1,8,6,1,1,0.85,589275,589635,591224,FAPN_12111974
55,1,5,2,1,1,0.85,594441,595075,596624,FAPN_12111974
56,1,3,5,1,1,0.85,600207,600947,602841,FAPN_12111974
57,1,8,6,1,1,0.85,606757,607155,609607,FAPN_12111974
58,1,7,7,1,1,0.85,613157,613859,615757,FAPN_12111974
59,1,8,3,1,1,0.85,618890,619955,622423,FAPN_12111974
60,1,3,6,1,1,0.85,625656,626467,628856,FAPN_12111974
61,1,7,4,1,0,0.85,632489,636371,638323,FAPN_12111974
62,1,5,6,2,0,0.85,641872,641955,644189,FAPN_12111974
63,1,6,4,2,0,0.85,647455,647907,650022,FAPN_12111974
64,1,3,8,1,0,0.85,653339,653987,656038,FAPN_12111974
65,1,8,3,2,1,0.85,659622,660323,662338,FAPN_12111974
66,1,7,6,2,0,0.85,665955,666643,668355,FAPN_12111974
67,0,8,4,2,1,0.25,677271,684739,686420,FAPN_12111974
68,0,7,5,2,0,0.25,689654,694227,696570,FAPN_12111974
69,0,4,3,2,1,0.25,700287,702307,704470,FAPN_12111974
70,0,8,4,2,1,0.25,708420,711523,713853,FAPN_12111974
71,0,3,2,2,1,0.25,717719,720579,722186,FAPN_12111974
72,0,8,2,2,1,0.25,725285,727970,730452,FAPN_12111974
73,0,3,7,2,1,0.25,734335,737634,739668,FAPN_12111974
74,0,4,6,2,0,0.25,743301,745314,747685,FAPN_12111974
75,0,8,5,1,0,0.25,751668,754482,756284,FAPN_12111974
76,0,6,2,2,1,0.25,759617,761586,763701,FAPN_12111974
77,0,8,2,2,1,0.25,767684,771682,773600,FAPN_12111974
78,0,3,7,2,1,0.25,777200,781442,783750,FAPN_12111974
79,0,2,7,2,1,0.25,787650,789778,792283,FAPN_12111974
80,0,4,2,2,1,0.25,795466,798402,800816,FAPN_12111974
81,0,6,4,2,0,0.25,804582,807730,809749,FAPN_12111974
82,0,7,5,2,1,0.25,812882,819570,821415,FAPN_12111974
83,1,8,6,1,1,0.75,825181,827874,829814,FAPN_12111974
84,1,7,7,2,0,0.75,833314,835330,837531,FAPN_12111974
85,1,2,3,2,0,0.75,841264,849730,851530,FAPN_12111974
86,1,6,6,2,0,0.75,854647,857250,859446,FAPN_12111974
87,1,7,7,1,1,0.75,863396,869218,871146,FAPN_12111974
88,1,8,3,1,1,0.75,874213,875602,877329,FAPN_12111974
89,1,8,8,1,1,0.75,881129,881809,883829,FAPN_12111974
90,1,2,5,1,1,0.75,887362,888353,890378,FAPN_12111974
91,1,3,6,1,0,0.75,893795,895169,897578,FAPN_12111974
92,1,7,6,2,1,0.75,901411,902353,904361,FAPN_12111974
93,1,2,8,2,1,0.75,908361,909265,910811,FAPN_12111974
94,1,3,5,2,0,0.75,914644,917729,919761,FAPN_12111974
95,1,8,6,2,0,0.75,923794,925857,927744,FAPN_12111974
96,1,7,6,1,1,0.75,931327,932369,934477,FAPN_12111974
97,0,5,3,2,0,0.75,946926,953025,954592,FAPN_12111974
98,0,3,5,1,1,0.75,958376,960241,962292,FAPN_12111974
99,0,3,2,1,1,0.75,965975,967153,969042,FAPN_12111974
100,0,5,5,1,1,0.75,972442,974833,976625,FAPN_12111974
101,0,4,5,1,1,0.75,980541,984753,986958,FAPN_12111974
102,0,3,2,1,0,0.75,990441,992513,994891,FAPN_12111974
103,0,3,4,2,1,0.75,998407,1006929,1009073,FAPN_12111974
104,0,4,5,2,0,0.75,1012973,1013633,1015490,FAPN_12111974
105,0,2,8,1,0,0.75,1018756,1019201,1021273,FAPN_12111974
106,0,7,5,2,0,0.75,1024873,1025265,1027739,FAPN_12111974
107,0,7,7,2,0,0.75,1031256,1031696,1034039,FAPN_12111974
108,0,2,4,2,1,0.75,1037256,1037664,1040089,FAPN_12111974
109,0,2,6,2,0,0.75,1044139,1044656,1046955,FAPN_12111974
110,0,7,2,2,0,0.75,1051022,1055024,1057038,FAPN_12111974
111,0,3,8,2,0,0.75,1060571,1061216,1062771,FAPN_12111974
112,0,3,2,2,1,0.75,1066038,1066688,1068338,FAPN_12111974
113,0,6,2,2,1,0.75,1071737,1072544,1074971,FAPN_12111974
114,0,8,3,2,0,0.75,1078287,1078752,1080587,FAPN_12111974
115,0,2,2,2,0,0.75,1083687,1084448,1086220,FAPN_12111974
116,0,3,3,2,0,0.75,1089387,1089856,1092287,FAPN_12111974
117,0,6,4,2,0,0.75,1096236,1096848,1098586,FAPN_12111974
118,0,5,8,2,0,0.75,1102303,1102864,1104686,FAPN_12111974
119,1,7,6,1,1,0.25,1108236,1108816,1110486,FAPN_12111974
120,1,4,3,1,0,0.25,1114419,1115008,1117036,FAPN_12111974
121,1,3,5,2,1,0.25,1120819,1121264,1123669,FAPN_12111974
122,1,4,6,2,1,0.25,1127485,1128112,1129818,FAPN_12111974
123,1,5,7,2,1,0.25,1133252,1133984,1136418,FAPN_12111974
124,1,8,8,2,0,0.25,1140118,1140528,1142801,FAPN_12111974
125,1,8,5,1,1,0.25,1146368,1146896,1149301,FAPN_12111974
126,1,5,4,1,0,0.25,1153317,1153952,1155667,FAPN_12111974
127,1,8,2,1,1,0.25,1159334,1160128,1161784,FAPN_12111974
128,1,3,7,1,0,0.25,1165117,1165887,1168367,FAPN_12111974
129,1,8,8,2,0,0.25,1172400,1172831,1174616,FAPN_12111974
130,1,8,6,1,0,0.25,1178333,1180255,1182033,FAPN_12111974
1,0,2,6,2,0,0.25,6616,7307,9332,FATA_15011989
2,0,5,2,1,0,0.25,13349,14107,15732,FATA_15011989
3,0,5,4,2,0,0.25,19699,21099,22782,FATA_15011989
4,0,5,5,2,0,0.25,26765,27979,30265,FATA_15011989
5,0,3,6,2,0,0.25,34315,35275,37498,FATA_15011989
6,0,5,2,1,1,0.25,41531,42075,44014,FATA_15011989
7,0,2,6,2,1,0.25,47981,49163,50814,FATA_15011989
8,0,2,2,2,1,0.25,54564,56539,58214,FATA_15011989
9,0,8,7,2,1,0.25,61430,62779,64430,FATA_15011989
10,0,5,2,2,1,0.25,68380,69691,71347,FATA_15011989
11,0,5,2,2,1,0.25,75330,75930,77896,FATA_15011989
12,0,8,7,2,0,0.25,80979,81723,83746,FATA_15011989
13,0,8,6,1,0,0.25,87179,87834,89796,FATA_15011989
14,0,2,2,2,1,0.25,93662,94586,96362,FATA_15011989
15,0,2,7,2,1,0.25,99795,100346,101995,FATA_15011989
16,0,6,3,2,1,0.25,105228,105866,108062,FATA_15011989
17,0,7,6,2,1,0.25,111995,115050,117445,FATA_15011989
18,0,5,8,2,1,0.25,120661,121338,123861,FATA_15011989
19,0,7,7,2,1,0.25,127344,127946,129827,FATA_15011989
20,1,7,5,2,0,0.75,133577,134026,135811,FATA_15011989
21,1,4,8,2,0,0.75,138960,139530,141677,FATA_15011989
22,1,6,5,2,1,0.75,144877,145450,147460,FATA_15011989
23,1,5,7,2,0,0.75,151243,151722,153626,FATA_15011989
24,1,5,3,2,0,0.75,156993,157562,159643,FATA_15011989
25,1,2,6,2,0,0.75,163076,163546,165543,FATA_15011989
26,1,4,5,1,1,0.75,168809,169290,171476,FATA_15011989
27,1,2,4,1,0,0.75,175059,175546,177392,FATA_15011989
28,1,3,4,2,0,0.75,180925,181322,183159,FATA_15011989
29,1,5,5,2,0,0.75,186525,187274,189075,FATA_15011989
30,1,8,7,1,1,0.75,192908,193658,196025,FATA_15011989
31,1,5,3,1,1,0.75,199408,199994,201758,FATA_15011989
32,1,2,3,1,1,0.75,205591,206730,209157,FATA_15011989
33,0,5,8,2,1,0.15,220657,221370,223074,FATA_15011989
34,0,6,6,2,1,0.15,227007,227594,229790,FATA_15011989
35,0,4,7,2,1,0.15,233573,234633,236973,FATA_15011989
36,0,5,4,2,1,0.15,240473,240953,242689,FATA_15011989
37,0,7,8,2,1,0.15,246123,246745,248739,FATA_15011989
38,0,3,4,2,1,0.15,252572,253641,255955,FATA_15011989
39,0,8,2,2,1,0.15,259389,260201,261905,FATA_15011989
40,0,2,3,2,0,0.15,265055,265721,268088,FATA_15011989
41,0,8,8,2,1,0.15,271671,273433,275588,FATA_15011989
42,0,8,4,2,1,0.15,279454,279977,282121,FATA_15011989
43,0,3,5,2,1,0.15,285288,285801,287954,FATA_15011989
44,0,6,6,2,1,0.15,291854,292985,295004,FATA_15011989
45,0,4,8,2,1,0.15,298487,299097,300970,FATA_15011989
46,0,7,5,2,1,0.15,304337,304857,306853,FATA_15011989
47,0,8,4,2,1,0.15,309937,310377,312186,FATA_15011989
48,0,3,3,2,1,0.15,315686,316169,318270,FATA_15011989
49,0,6,8,2,1,0.15,322169,322569,324469,FATA_15011989
50,0,4,4,2,1,0.15,327952,328457,330952,FATA_15011989
51,1,3,5,2,0,0.85,334069,334521,336869,FATA_15011989
52,1,5,3,2,0,0.85,340285,340857,343235,FATA_15011989
53,1,8,5,1,1,0.85,346585,347465,349718,FATA_15011989
54,1,7,3,1,1,0.85,353751,355561,357185,FATA_15011989
55,1,4,6,2,0,0.85,360468,361385,363784,FATA_15011989
56,1,7,5,1,1,0.85,367751,368153,369884,FATA_15011989
57,1,3,3,1,1,0.85,373851,374249,375850,FATA_15011989
58,1,3,2,1,1,0.85,379634,380185,382434,FATA_15011989
59,1,2,4,1,1,0.85,385750,386408,388100,FATA_15011989
60,1,5,8,1,0,0.85,392016,392600,394366,FATA_15011989
61,1,8,4,2,0,0.85,398400,398984,400933,FATA_15011989
62,1,5,3,1,1,0.85,404116,404952,406816,FATA_15011989
63,1,7,8,2,0,0.85,410882,411944,413882,FATA_15011989
64,1,2,2,1,0,0.15,425665,426552,428648,FATA_15011989
65,1,4,3,2,1,0.15,432365,432808,434765,FATA_15011989
66,1,6,4,2,0,0.15,438631,439528,441164,FATA_15011989
67,1,6,4,1,1,0.15,444264,444920,446598,FATA_15011989
68,1,3,8,2,1,0.15,449947,451352,453381,FATA_15011989
69,1,6,7,2,1,0.15,457247,458184,460714,FATA_15011989
70,1,4,8,2,1,0.15,463847,465496,467480,FATA_15011989
71,1,4,2,1,0,0.15,470813,471592,474063,FATA_15011989
72,1,6,5,2,1,0.15,478080,478616,480796,FATA_15011989
73,1,8,5,2,1,0.15,484563,485928,487762,FATA_15011989
74,1,4,7,2,1,0.15,491479,492008,494096,FATA_15011989
75,1,7,7,2,1,0.15,497345,497912,500095,FATA_15011989
76,1,6,8,2,1,0.15,503895,504328,506362,FATA_15011989
77,1,7,2,2,1,0.15,510295,510984,513361,FATA_15011989
78,1,8,3,2,0,0.15,517328,518040,520161,FATA_15011989
79,1,7,2,2,1,0.15,523978,524792,526494,FATA_15011989
80,1,7,3,2,1,0.15,530377,531319,533361,FATA_15011989
81,1,3,8,2,1,0.15,536660,537367,539427,FATA_15011989
82,0,8,3,2,0,0.85,542977,543623,545877,FATA_15011989
83,0,2,6,2,0,0.85,549627,550279,552526,FATA_15011989
84,0,2,6,1,1,0.85,556476,557527,559459,FATA_15011989
85,0,6,5,1,0,0.85,562559,563207,564976,FATA_15011989
86,0,7,4,1,1,0.85,568626,569047,571042,FATA_15011989
87,0,5,3,1,1,0.85,574459,575975,577609,FATA_15011989
88,0,2,5,2,0,0.85,581375,581959,583592,FATA_15011989
89,0,5,5,2,1,0.85,586892,587671,589542,FATA_15011989
90,0,8,7,2,0,0.85,593058,594183,596475,FATA_15011989
91,0,2,8,2,0,0.85,600158,600663,602641,FATA_15011989
92,0,3,3,2,0,0.85,606224,607015,608991,FATA_15011989
93,0,4,5,1,1,0.85,612707,613143,615257,FATA_15011989
94,0,2,5,2,0,0.85,618774,619575,621474,FATA_15011989
95,0,4,8,2,0,0.85,625473,626167,628157,FATA_15011989
96,0,3,8,1,1,0.85,632006,632455,634340,FATA_15011989
97,0,5,6,1,1,0.85,637940,638583,640739,FATA_15011989
98,1,4,4,2,1,0.25,655822,656375,658289,FATA_15011989
99,1,3,2,2,1,0.25,662288,663511,665788,FATA_15011989
100,1,8,6,2,1,0.25,669322,669943,671771,FATA_15011989
101,1,3,8,2,1,0.25,675355,676535,678221,FATA_15011989
102,1,2,3,2,1,0.25,682121,682535,684721,FATA_15011989
103,1,8,6,2,0,0.25,687837,688694,690387,FATA_15011989
104,1,6,5,2,1,0.25,693904,694950,697187,FATA_15011989
105,1,6,4,2,0,0.25,700254,701126,703220,FATA_15011989
106,1,8,5,2,1,0.25,707237,708422,710586,FATA_15011989
107,1,4,2,2,1,0.25,713703,714918,717203,FATA_15011989
108,1,7,2,2,1,0.25,720636,721622,723669,FATA_15011989
109,1,6,6,2,1,0.25,727136,728230,729802,FATA_15011989
110,1,2,7,2,1,0.25,733102,734342,736769,FATA_15011989
111,1,2,5,2,1,0.25,740235,740710,742818,FATA_15011989
112,1,5,4,2,1,0.25,746535,747734,749585,FATA_15011989
113,1,8,2,2,1,0.25,753018,754662,756285,FATA_15011989
114,1,7,6,2,1,0.25,760118,760950,763318,FATA_15011989
115,1,2,5,2,1,0.25,766467,767094,769367,FATA_15011989
116,0,4,3,2,0,0.75,772767,773798,775984,FATA_15011989
117,0,8,5,2,0,0.75,779967,781254,783217,FATA_15011989
118,0,5,8,2,0,0.75,786517,787174,789600,FATA_15011989
119,0,2,2,2,1,0.75,793616,794470,796400,FATA_15011989
120,0,5,7,2,0,0.75,799966,800694,803066,FATA_15011989
121,0,3,3,2,0,0.75,806366,807926,809782,FATA_15011989
122,0,6,8,2,0,0.75,812982,814822,816765,FATA_15011989
123,0,7,2,1,0,0.75,820315,820790,822582,FATA_15011989
124,0,2,4,2,1,0.75,826248,826869,828432,FATA_15011989
125,0,7,8,2,0,0.75,832115,833317,835065,FATA_15011989
126,0,6,6,1,1,0.75,838831,841189,843614,FATA_15011989
127,0,5,3,1,1,0.75,847347,848421,850881,FATA_15011989
128,0,2,4,1,1,0.75,854514,855461,857214,FATA_15011989
129,0,3,5,1,0,0.75,860347,861413,863197,FATA_15011989
130,0,8,8,2,0,0.75,867030,867557,869880,FATA_15011989
131,0,4,2,1,1,0.75,873396,874037,876480,FATA_15011989
132,0,4,3,1,1,0.75,880529,881301,882896,FATA_15011989
1,0,8,4,2,0,0.85,8182,10943,12932,FFGV_27111965
2,0,6,6,1,0,0.85,17015,19167,20799,FFGV_27111965
3,0,5,8,1,1,0.85,24048,26335,28215,FFGV_27111965
4,0,7,6,1,1,0.85,31731,35615,37848,FFGV_27111965
5,0,8,8,2,1,0.85,41414,42687,45064,FFGV_27111965
6,0,8,3,1,1,0.85,48664,49487,51564,FFGV_27111965
7,0,3,4,1,1,0.85,55514,56751,59180,FFGV_27111965
8,0,7,4,2,0,0.85,63164,63966,65663,FFGV_27111965
9,0,7,2,2,0,0.85,69230,70590,72580,FFGV_27111965
10,0,3,7,2,0,0.85,75763,77166,79096,FFGV_27111965
11,0,5,5,2,0,0.85,82546,84670,86479,FFGV_27111965
12,0,2,2,2,1,0.85,90296,93358,95745,FFGV_27111965
13,0,7,6,2,0,0.85,98829,101646,103862,FFGV_27111965
14,0,7,5,1,1,0.85,107878,108526,110978,FFGV_27111965
15,0,7,4,1,1,0.85,114428,114670,116861,FFGV_27111965
16,0,6,3,2,0,0.85,120461,122174,124528,FFGV_27111965
17,0,8,6,1,0,0.85,127794,128702,130444,FFGV_27111965
18,1,6,6,2,1,0.15,134144,136222,138694,FFGV_27111965
19,1,8,7,2,1,0.15,142510,148030,149760,FFGV_27111965
20,1,7,4,1,1,0.15,153343,154558,156910,FFGV_27111965
21,1,8,8,1,0,0.15,160526,161726,163509,FFGV_27111965
22,1,5,8,1,0,0.15,166976,174078,176009,FFGV_27111965
23,1,5,5,1,0,0.15,179942,181678,183425,FFGV_27111965
24,1,7,5,1,0,0.15,187025,188110,190075,FFGV_27111965
25,1,5,2,1,0,0.15,193758,193918,196175,FFGV_27111965
26,1,8,8,1,1,0.15,199224,201693,203874,FFGV_27111965
27,1,7,2,1,0,0.15,206991,207997,209657,FFGV_27111965
28,1,6,2,1,1,0.15,212824,216477,218024,FFGV_27111965
29,1,4,2,2,0,0.15,221807,227197,229540,FFGV_27111965
30,1,2,8,1,0,0.15,232723,235533,237073,FFGV_27111965
31,0,6,8,2,1,0.75,246023,250125,251672,FFGV_27111965
32,0,7,8,2,0,0.75,255005,256397,258389,FFGV_27111965
33,0,2,5,1,1,0.75,261672,263453,265188,FFGV_27111965
34,0,2,6,2,0,0.75,268288,270669,272255,FFGV_27111965
35,0,8,3,1,1,0.75,275338,276381,278788,FFGV_27111965
36,0,2,2,1,1,0.75,281938,283149,284837,FFGV_27111965
37,0,7,5,2,0,0.75,288621,291245,293154,FFGV_27111965
38,0,4,4,1,0,0.75,297170,300381,302303,FFGV_27111965
39,0,2,5,2,0,0.75,305853,307261,309653,FFGV_27111965
40,0,2,7,2,0,0.75,313086,315101,316803,FFGV_27111965
41,0,6,5,1,1,0.75,320569,321821,323419,FFGV_27111965
42,0,7,5,1,1,0.75,326652,327757,329452,FFGV_27111965
43,0,3,5,2,0,0.75,332919,334205,336269,FFGV_27111965
44,0,4,7,2,1,0.75,339785,341309,343535,FFGV_27111965
45,0,5,3,1,1,0.75,347385,349324,351768,FFGV_27111965
46,0,8,6,1,1,0.75,355318,356428,358101,FFGV_27111965
47,0,2,2,2,0,0.75,362151,364764,366451,FFGV_27111965
48,0,2,3,1,1,0.75,370417,371772,373567,FFGV_27111965
49,0,4,4,1,0,0.75,376700,377468,379117,FFGV_27111965
50,0,2,8,2,1,0.75,382883,385196,386950,FFGV_27111965
51,1,4,8,2,1,0.25,390950,392268,393966,FFGV_27111965
52,1,5,6,1,0,0.25,397249,397932,399783,FFGV_27111965
53,1,3,8,2,1,0.25,402949,404060,406382,FFGV_27111965
54,1,2,5,2,1,0.25,409449,412828,414899,FFGV_27111965
55,1,6,5,1,0,0.25,418582,419900,422132,FFGV_27111965
56,1,4,6,1,0,0.25,425215,426220,427965,FFGV_27111965
57,1,8,7,1,1,0.25,431431,432140,434598,FFGV_27111965
58,1,5,8,2,1,0.25,438498,439644,441248,FFGV_27111965
59,1,5,6,2,1,0.25,445197,447964,450247,FFGV_27111965
60,1,2,5,1,0,0.25,453764,454540,456180,FFGV_27111965
61,1,2,8,2,1,0.25,459863,461164,463447,FFGV_27111965
62,1,8,2,2,1,0.25,466980,469132,470680,FFGV_27111965
63,1,7,2,1,0,0.25,473880,475004,477246,FFGV_27111965
64,1,5,6,2,0,0.85,485362,492748,494662,FFGV_27111965
65,1,8,6,1,1,0.85,498379,500251,501812,FFGV_27111965
66,1,7,4,2,0,0.85,505728,507755,509961,FFGV_27111965
67,1,5,2,1,1,0.85,513928,515947,517694,FFGV_27111965
68,1,4,7,1,1,0.85,521428,524507,526627,FFGV_27111965
69,1,6,2,2,0,0.85,529777,533195,534910,FFGV_27111965
70,1,8,5,1,1,0.85,538477,539531,542043,FFGV_27111965
71,1,4,2,1,0,0.85,546093,547179,549260,FFGV_27111965
72,1,6,5,2,0,0.85,552593,554923,556709,FFGV_27111965
73,1,2,5,2,0,0.85,560709,562411,564359,FFGV_27111965
74,1,8,6,1,1,0.85,567942,571579,573709,FFGV_27111965
75,1,5,4,1,1,0.85,576809,579659,581575,FFGV_27111965
76,1,7,6,1,1,0.85,584758,587195,589225,FFGV_27111965
77,1,6,2,2,0,0.85,592775,595947,597774,FFGV_27111965
78,1,2,5,2,0,0.85,601274,603835,605857,FFGV_27111965
79,1,8,2,1,1,0.85,609324,609979,612457,FFGV_27111965
80,0,8,5,1,0,0.15,615790,617739,619540,FFGV_27111965
81,0,7,3,2,1,0.15,622623,624299,625956,FFGV_27111965
82,0,5,7,1,1,0.15,629840,633131,635089,FFGV_27111965
83,0,8,6,1,0,0.15,638406,640331,642189,FFGV_27111965
84,0,5,3,2,1,0.15,646039,646986,648672,FFGV_27111965
85,0,3,4,1,0,0.15,652672,654906,656689,FFGV_27111965
86,0,7,6,1,0,0.15,660155,661306,663688,FFGV_27111965
87,0,8,3,1,0,0.15,667188,668522,670621,FFGV_27111965
88,0,6,3,1,0,0.15,674004,675274,677621,FFGV_27111965
89,0,8,6,1,0,0.15,681204,682554,685037,FFGV_27111965
90,0,4,6,2,1,0.15,688271,689082,690637,FFGV_27111965
91,0,7,6,1,0,0.15,694437,695866,697737,FFGV_27111965
92,0,5,5,2,1,0.15,701620,703594,705620,FFGV_27111965
93,0,5,5,2,1,0.15,709536,710954,712753,FFGV_27111965
94,0,6,5,2,1,0.15,716519,720346,722536,FFGV_27111965
95,1,8,2,1,1,0.75,735819,737050,738868,FFGV_27111965
96,1,3,8,2,0,0.75,742202,743594,746101,FFGV_27111965
97,1,5,3,1,0,0.75,749718,751450,753351,FFGV_27111965
98,1,8,2,1,1,0.75,756684,758698,760967,FFGV_27111965
99,1,6,3,1,1,0.75,764567,768170,770667,FFGV_27111965
100,1,4,6,2,0,0.75,774367,775482,777500,FFGV_27111965
101,1,4,6,2,1,0.75,781317,783706,785500,FFGV_27111965
102,1,4,4,1,1,0.75,789216,790090,792133,FFGV_27111965
103,1,6,5,2,1,0.75,796049,797833,800249,FFGV_27111965
104,1,4,4,1,1,0.75,804066,805113,807549,FFGV_27111965
105,1,4,5,2,0,0.75,811249,813849,816348,FFGV_27111965
106,1,6,3,1,1,0.75,819898,820857,822582,FFGV_27111965
107,1,5,7,1,1,0.75,826015,828041,829798,FFGV_27111965
108,1,3,7,2,0,0.75,833748,835081,837498,FFGV_27111965
109,1,3,2,2,0,0.75,841347,842537,844114,FFGV_27111965
110,1,6,2,1,1,0.75,847747,848553,850147,FFGV_27111965
111,1,5,3,1,1,0.75,853264,855321,857197,FFGV_27111965
112,1,4,3,2,0,0.75,860963,863465,865280,FFGV_27111965
113,1,2,3,2,0,0.75,868663,870025,872563,FFGV_27111965
114,0,5,3,1,0,0.25,876496,877065,878879,FFGV_27111965
115,0,2,7,2,1,0.25,882562,884121,885696,FFGV_27111965
116,0,7,2,2,1,0.25,889712,890841,892562,FFGV_27111965
117,0,4,3,1,0,0.25,896012,896825,899278,FFGV_27111965
118,0,6,3,2,0,0.25,903228,904025,906378,FFGV_27111965
119,0,4,3,1,1,0.25,909678,910473,912378,FFGV_27111965
120,0,7,7,2,0,0.25,915561,918905,920627,FFGV_27111965
121,0,2,2,1,0,0.25,924077,924601,926527,FFGV_27111965
122,0,4,8,2,1,0.25,930577,936441,938477,FFGV_27111965
123,0,6,6,2,0,0.25,942510,943241,944943,FFGV_27111965
124,0,4,8,1,1,0.25,947976,948888,951259,FFGV_27111965
125,0,6,8,2,1,0.25,955176,957448,959559,FFGV_27111965
126,0,4,8,2,1,0.25,963142,963736,966142,FFGV_27111965
127,0,4,7,2,1,0.25,970092,971192,973109,FFGV_27111965
1,1,8,3,1,1,0.85,3983,5705,7682,FJAM_10012001
2,1,7,7,1,1,0.85,11149,11673,13749,FJAM_10012001
3,1,6,8,1,1,0.85,17165,17625,19382,FJAM_10012001
4,1,6,4,1,1,0.85,23382,24265,26098,FJAM_10012001
5,1,6,3,1,1,0.85,29531,30361,32198,FJAM_10012001
6,1,8,3,1,1,0.85,35948,36601,39015,FJAM_10012001
7,1,6,3,1,1,0.85,42448,44601,47081,FJAM_10012001
8,1,4,6,2,0,0.85,50531,51145,53397,FJAM_10012001
9,1,6,3,1,1,0.85,56964,58249,59947,FJAM_10012001
10,1,5,4,1,1,0.85,63613,66137,68347,FJAM_10012001
11,1,2,5,1,1,0.85,71713,72489,74113,FJAM_10012001
12,1,2,6,1,1,0.85,77230,77849,79663,FJAM_10012001
13,1,2,5,1,1,0.85,83696,84297,86196,FJAM_10012001
14,1,2,7,1,0,0.85,90212,90777,92562,FJAM_10012001
15,1,2,8,2,0,0.85,96612,97385,99429,FJAM_10012001
16,1,3,5,1,1,0.85,103245,104120,105912,FJAM_10012001
17,1,7,7,1,1,0.85,108978,109784,112145,FJAM_10012001
18,1,2,5,1,1,0.85,115795,116440,118311,FJAM_10012001
19,1,6,2,1,1,0.85,122228,122776,125244,FJAM_10012001
20,1,6,2,1,1,0.85,128377,129656,132027,FJAM_10012001
21,1,2,5,1,1,0.85,135477,136312,138777,FJAM_10012001
22,1,5,5,1,1,0.85,142077,143224,144827,FJAM_10012001
23,1,7,2,1,1,0.85,148310,150024,151960,FJAM_10012001
24,0,2,4,1,0,0.15,155826,157432,159443,FJAM_10012001
25,0,7,7,1,0,0.15,163059,164040,166376,FJAM_10012001
26,0,7,5,2,1,0.15,169459,170008,172242,FJAM_10012001
27,0,5,7,2,0,0.15,175575,176488,178275,FJAM_10012001
28,0,4,5,1,0,0.15,181758,183784,185925,FJAM_10012001
29,0,2,6,1,0,0.15,189541,190376,192725,FJAM_10012001
30,0,7,8,2,0,0.15,196641,198152,200341,FJAM_10012001
31,0,6,7,1,0,0.15,204074,204936,207457,FJAM_10012001
32,0,3,6,1,0,0.15,210991,212312,214057,FJAM_10012001
33,0,8,2,2,0,0.15,217457,218552,220424,FJAM_10012001
34,0,8,5,1,0,0.15,224173,224488,226273,FJAM_10012001
35,0,8,6,1,1,0.15,229973,231944,234156,FJAM_10012001
36,0,4,8,1,0,0.25,248206,248968,251239,FJAM_10012001
37,0,6,2,2,1,0.25,254489,254967,257039,FJAM_10012001
38,0,4,8,2,1,0.25,261055,261415,263788,FJAM_10012001
39,0,3,3,2,1,0.25,267322,267767,270188,FJAM_10012001
40,0,7,2,2,1,0.25,273821,274247,275871,FJAM_10012001
41,0,5,3,2,1,0.25,279304,279927,281904,FJAM_10012001
42,0,4,7,2,0,0.25,285571,286935,289437,FJAM_10012001
43,0,5,4,2,1,0.25,292937,293575,295204,FJAM_10012001
44,0,5,8,2,0,0.25,298787,299367,300903,FJAM_10012001
45,0,3,6,2,1,0.25,304537,305143,307586,FJAM_10012001
46,0,5,3,2,1,0.25,310970,312055,313786,FJAM_10012001
47,0,8,4,2,1,0.25,317569,318503,320569,FJAM_10012001
48,0,7,7,2,1,0.25,324569,325271,327786,FJAM_10012001
49,0,2,3,2,1,0.25,330902,331975,333785,FJAM_10012001
50,0,7,3,2,1,0.25,337735,338759,340768,FJAM_10012001
51,0,4,8,2,0,0.25,344385,344983,347068,FJAM_10012001
52,0,3,4,2,1,0.25,350918,352551,354668,FJAM_10012001
53,0,2,5,2,1,0.25,357751,359047,361368,FJAM_10012001
54,0,6,3,2,1,0.25,364884,367255,369401,FJAM_10012001
55,0,5,7,2,1,0.25,373084,375079,376967,FJAM_10012001
56,0,7,8,2,0,0.25,380683,381478,383833,FJAM_10012001
57,1,8,6,2,0,0.75,386933,387558,389250,FJAM_10012001
58,1,4,8,2,0,0.75,392650,393222,395299,FJAM_10012001
59,1,3,2,2,1,0.75,398366,399046,401066,FJAM_10012001
60,1,2,6,2,1,0.75,404399,405334,407199,FJAM_10012001
61,1,6,3,2,0,0.75,410449,411222,412832,FJAM_10012001
62,1,7,6,2,0,0.75,416449,417078,418648,FJAM_10012001
63,1,5,2,2,0,0.75,422432,422886,424515,FJAM_10012001
64,1,8,2,1,1,0.75,428131,428598,430881,FJAM_10012001
65,1,5,3,1,1,0.75,434631,435190,437198,FJAM_10012001
66,1,5,5,1,0,0.75,440531,442358,444231,FJAM_10012001
67,1,5,2,1,1,0.75,447664,447702,449964,FJAM_10012001
68,1,7,6,1,1,0.75,453180,453734,455280,FJAM_10012001
69,1,7,4,1,0,0.15,466413,468678,470930,FJAM_10012001
70,1,4,8,2,1,0.15,474579,475062,477513,FJAM_10012001
71,1,2,2,2,1,0.15,480662,481078,482629,FJAM_10012001
72,1,5,4,2,1,0.15,485712,486230,488212,FJAM_10012001
73,1,6,7,2,1,0.15,491445,492102,493779,FJAM_10012001
74,1,7,7,2,0,0.15,497678,498214,500678,FJAM_10012001
75,1,8,8,2,1,0.15,504411,505062,507495,FJAM_10012001
76,1,3,4,2,1,0.15,510845,511366,513778,FJAM_10012001
77,1,8,8,2,1,0.15,517228,518118,520261,FJAM_10012001
78,1,4,3,2,1,0.15,523844,525061,526994,FJAM_10012001
79,1,6,7,2,1,0.15,530327,531061,532777,FJAM_10012001
80,1,5,7,2,1,0.15,536443,537525,539393,FJAM_10012001
81,1,7,6,2,0,0.15,543227,545285,547726,FJAM_10012001
82,1,5,2,2,0,0.15,551176,552069,553859,FJAM_10012001
83,1,3,5,1,0,0.15,557593,559109,561609,FJAM_10012001
84,1,6,4,2,1,0.15,564726,565189,566959,FJAM_10012001
85,1,4,6,2,1,0.15,570825,571077,573109,FJAM_10012001
86,0,7,7,2,1,0.85,576542,576997,579058,FJAM_10012001
87,0,3,7,2,0,0.85,583058,584277,586575,FJAM_10012001
88,0,8,6,2,0,0.85,589808,589861,592191,FJAM_10012001
89,0,8,5,2,0,0.85,595908,596677,598808,FJAM_10012001
90,0,5,6,1,1,0.85,602691,604085,606490,FJAM_10012001
91,0,3,2,1,1,0.85,609624,610005,611707,FJAM_10012001
92,0,4,6,1,1,0.85,614757,615749,618073,FJAM_10012001
93,0,3,6,1,1,0.85,621240,621828,623856,FJAM_10012001
94,0,5,2,1,1,0.85,627240,628229,629840,FJAM_10012001
95,0,2,6,1,1,0.85,633723,634933,637023,FJAM_10012001
96,0,2,2,1,1,0.85,640106,641077,643256,FJAM_10012001
97,0,3,7,1,1,0.85,646572,648757,650722,FJAM_10012001
98,0,6,4,1,1,0.85,654538,655141,657638,FJAM_10012001
99,0,4,5,1,1,0.85,661038,662085,664055,FJAM_10012001
100,0,7,6,1,1,0.85,667338,669060,670821,FJAM_10012001
101,0,2,8,1,0,0.85,674387,675364,677254,FJAM_10012001
102,0,5,7,1,1,0.85,681104,681860,684354,FJAM_10012001
103,0,4,3,1,1,0.85,687437,688500,690054,FJAM_10012001
104,1,8,8,2,0,0.25,699253,701108,702936,FJAM_10012001
105,1,8,8,1,1,0.25,706486,707060,708720,FJAM_10012001
106,1,7,3,1,1,0.25,712319,712772,714669,FJAM_10012001
107,1,5,7,1,0,0.25,718536,719812,722336,FJAM_10012001
108,1,5,2,1,1,0.25,725752,726148,728352,FJAM_10012001
109,1,8,8,1,0,0.25,732285,732804,734685,FJAM_10012001
110,1,7,7,1,0,0.25,738268,738772,740735,FJAM_10012001
111,1,6,2,2,0,0.25,744485,744916,747135,FJAM_10012001
112,1,4,7,2,1,0.25,750668,751156,753034,FJAM_10012001
113,1,3,5,2,1,0.25,756568,758148,760517,FJAM_10012001
114,1,3,5,2,0,0.25,763934,764500,766450,FJAM_10012001
115,1,8,5,2,1,0.25,770267,770660,773017,FJAM_10012001
116,1,4,5,2,1,0.25,776733,777220,779300,FJAM_10012001
117,1,8,6,2,1,0.25,783300,783972,785700,FJAM_10012001
118,1,7,7,2,1,0.25,789083,789972,792016,FJAM_10012001
119,1,7,8,2,1,0.25,795599,796196,798099,FJAM_10012001
120,0,8,3,2,0,0.75,801332,802292,803982,FJAM_10012001
121,0,8,4,2,0,0.75,807899,808356,810249,FJAM_10012001
122,0,7,6,1,0,0.75,813615,814003,815898,FJAM_10012001
123,0,7,8,2,1,0.75,819382,819859,822065,FJAM_10012001
124,0,5,7,2,1,0.75,825981,826531,828114,FJAM_10012001
125,0,7,3,2,0,0.75,831214,831811,834331,FJAM_10012001
126,0,8,7,2,0,0.75,837881,839187,840914,FJAM_10012001
127,0,7,8,2,0,0.75,844614,845027,847297,FJAM_10012001
128,0,4,6,2,1,0.75,850597,850947,853247,FJAM_10012001
129,0,4,5,2,0,0.75,857230,858387,860696,FJAM_10012001
130,0,5,2,2,0,0.75,864180,864611,867063,FJAM_10012001
131,0,6,8,1,0,0.75,870596,870771,872863,FJAM_10012001
132,0,2,5,1,1,0.75,876879,877123,878646,FJAM_10012001
133,0,7,4,1,1,0.75,882546,883171,885279,FJAM_10012001
134,0,5,4,1,1,0.75,888445,889027,890645,FJAM_10012001
135,0,4,3,1,0,0.75,893928,894339,895995,FJAM_10012001
136,0,8,5,1,1,0.75,899811,900307,902428,FJAM_10012001
1,1,5,8,2,0,0.15,10249,11596,13316,FJPS_21071977
2,1,5,2,2,0,0.15,17149,21580,23165,FJPS_21071977
3,1,2,4,1,0,0.15,26898,28811,30748,FJPS_21071977
4,1,4,6,1,0,0.15,34281,36859,38748,FJPS_21071977
5,1,8,8,2,1,0.15,42481,44555,46614,FJPS_21071977
6,1,8,2,2,1,0.15,50147,51563,53864,FJPS_21071977
7,1,5,8,2,1,0.15,57397,58331,60247,FJPS_21071977
8,1,5,4,2,1,0.15,63980,65435,67763,FJPS_21071977
9,1,2,5,2,1,0.15,71230,72299,74130,FJPS_21071977
10,1,6,3,2,1,0.15,77213,78331,79863,FJPS_21071977
11,1,8,2,2,1,0.15,83896,85931,88129,FJPS_21071977
12,1,3,2,2,1,0.15,92029,93467,95579,FJPS_21071977
13,1,6,6,2,1,0.15,99495,100587,102995,FJPS_21071977
14,1,8,2,1,1,0.15,106245,108283,110578,FJPS_21071977
15,1,6,2,2,1,0.15,114495,116923,118994,FJPS_21071977
16,1,3,8,2,1,0.15,122594,123611,125878,FJPS_21071977
17,0,6,3,2,0,0.85,129327,130475,132461,FJPS_21071977
18,0,5,5,2,1,0.85,135877,136619,138427,FJPS_21071977
19,0,2,2,2,0,0.85,142244,143899,145777,FJPS_21071977
20,0,8,5,2,0,0.85,149460,151067,152660,FJPS_21071977
21,0,2,3,1,0,0.85,156360,157402,159159,FJPS_21071977
22,0,3,5,2,0,0.85,163109,163738,165576,FJPS_21071977
23,0,5,6,2,0,0.85,169509,170554,172376,FJPS_21071977
24,0,4,3,1,1,0.85,176109,176506,178959,FJPS_21071977
25,0,2,3,1,1,0.85,182225,184474,186625,FJPS_21071977
26,0,5,6,1,1,0.85,190075,191706,193375,FJPS_21071977
27,0,8,8,1,1,0.85,196975,197338,199274,FJPS_21071977
28,0,2,6,1,1,0.85,202874,204170,206441,FJPS_21071977
29,1,5,3,2,1,0.25,221290,223050,224873,FJPS_21071977
30,1,3,8,2,0,0.25,228540,230922,232773,FJPS_21071977
31,1,6,5,2,1,0.25,236473,237194,239589,FJPS_21071977
32,1,8,5,2,1,0.25,243606,244410,246289,FJPS_21071977
33,1,4,3,2,1,0.25,250339,251146,253155,FJPS_21071977
34,1,8,8,2,0,0.25,256539,258506,260988,FJPS_21071977
35,1,4,4,2,1,0.25,264788,266634,268538,FJPS_21071977
36,1,3,5,2,1,0.25,272405,277162,279454,FJPS_21071977
37,1,6,8,1,1,0.25,282854,285466,287854,FJPS_21071977
38,1,3,4,2,1,0.25,291471,292474,294920,FJPS_21071977
39,1,8,2,1,0,0.25,298237,299098,301303,FJPS_21071977
40,1,2,5,2,0,0.25,305170,305657,307270,FJPS_21071977
41,1,7,5,2,1,0.25,311170,311881,313820,FJPS_21071977
42,1,3,7,2,1,0.25,317419,320809,322819,FJPS_21071977
43,1,3,2,2,1,0.25,326652,328025,329752,FJPS_21071977
44,1,5,4,2,1,0.25,333419,334665,336802,FJPS_21071977
45,1,6,6,2,1,0.25,340002,341065,343585,FJPS_21071977
46,0,6,8,2,0,0.75,346935,347481,349985,FJPS_21071977
47,0,6,3,2,0,0.75,353801,354377,356068,FJPS_21071977
48,0,7,4,1,1,0.75,359534,361337,363067,FJPS_21071977
49,0,5,3,1,1,0.75,367017,368601,370967,FJPS_21071977
50,0,5,7,1,1,0.75,374700,376265,378367,FJPS_21071977
51,0,7,6,1,1,0.75,382333,383993,386050,FJPS_21071977
52,0,6,5,1,1,0.75,389300,390825,392550,FJPS_21071977
53,0,7,6,1,0,0.75,395833,397193,399249,FJPS_21071977
54,0,7,6,1,1,0.75,402582,403353,405416,FJPS_21071977
55,0,8,4,1,1,0.75,409149,410681,412632,FJPS_21071977
56,0,2,4,1,0,0.75,415915,417033,418665,FJPS_21071977
57,0,2,8,1,1,0.75,422032,423177,425198,FJPS_21071977
58,0,8,3,1,1,0.75,429148,430409,432198,FJPS_21071977
59,0,2,3,1,1,0.75,435998,437401,439781,FJPS_21071977
60,0,4,3,1,1,0.75,443164,443544,445631,FJPS_21071977
61,0,6,3,1,1,0.75,449630,450936,453347,FJPS_21071977
62,1,3,8,2,0,0.85,468146,469336,470913,FJPS_21071977
63,1,2,4,2,0,0.85,474179,474760,476663,FJPS_21071977
64,1,8,6,1,1,0.85,480512,481352,483212,FJPS_21071977
65,1,8,8,1,1,0.85,487096,487896,490229,FJPS_21071977
66,1,6,6,1,0,0.85,493329,493912,495995,FJPS_21071977
67,1,2,4,1,0,0.85,499445,499976,501678,FJPS_21071977
68,1,7,6,2,0,0.85,505195,506056,508395,FJPS_21071977
69,1,4,5,1,1,0.85,512444,513128,515528,FJPS_21071977
70,1,2,3,1,1,0.85,519011,521800,523327,FJPS_21071977
71,1,6,4,1,1,0.85,526577,527416,529627,FJPS_21071977
72,1,8,6,1,1,0.85,532927,535080,536793,FJPS_21071977
73,1,7,4,1,0,0.85,539877,541336,543243,FJPS_21071977
74,1,8,3,1,1,0.85,546476,547432,549609,FJPS_21071977
75,1,5,2,1,0,0.85,553443,554392,556893,FJPS_21071977
76,1,6,4,1,1,0.85,560409,560920,562692,FJPS_21071977
77,1,5,3,1,1,0.85,566559,567512,569292,FJPS_21071977
78,0,6,5,1,0,0.15,572575,575656,577958,FJPS_21071977
79,0,5,3,1,0,0.15,581925,583176,585241,FJPS_21071977
80,0,2,7,2,0,0.15,588875,589303,590891,FJPS_21071977
81,0,3,4,2,1,0.15,594008,595191,597324,FJPS_21071977
82,0,8,8,2,1,0.15,601391,601847,603874,FJPS_21071977
83,0,3,4,2,1,0.15,607124,608247,610157,FJPS_21071977
84,0,8,7,2,1,0.15,613690,615511,617057,FJPS_21071977
85,0,6,4,2,1,0.15,620423,621991,624273,FJPS_21071977
86,0,3,2,2,1,0.15,628240,629175,631539,FJPS_21071977
87,0,4,4,2,1,0.15,635489,635991,638356,FJPS_21071977
88,0,2,5,2,1,0.15,641572,642807,644705,FJPS_21071977
89,0,6,6,2,1,0.15,648189,649319,651205,FJPS_21071977
90,0,2,8,2,1,0.15,654472,655495,657338,FJPS_21071977
91,0,5,4,2,1,0.15,660638,661879,664088,FJPS_21071977
92,0,5,2,1,0,0.25,678387,679399,680954,FJPS_21071977
93,0,7,7,1,0,0.25,685037,686007,687670,FJPS_21071977
94,0,7,4,1,0,0.25,691120,691767,694037,FJPS_21071977
95,0,5,2,1,1,0.25,697153,697607,699636,FJPS_21071977
96,0,6,6,1,0,0.25,703686,704407,706420,FJPS_21071977
97,0,8,2,2,1,0.25,709769,710119,711803,FJPS_21071977
98,0,8,6,2,1,0.25,715352,716279,718786,FJPS_21071977
99,0,5,2,2,1,0.25,722236,722935,724702,FJPS_21071977
100,0,5,5,2,1,0.25,728302,729382,731602,FJPS_21071977
101,0,8,7,2,1,0.25,735102,735446,737335,FJPS_21071977
102,0,4,8,2,1,0.25,740568,741126,743001,FJPS_21071977
103,0,7,5,2,1,0.25,746918,747878,749468,FJPS_21071977
104,0,8,3,2,1,0.25,752951,753478,755401,FJPS_21071977
105,0,7,7,2,1,0.25,758784,759382,761051,FJPS_21071977
106,0,4,3,2,1,0.25,764234,765366,767284,FJPS_21071977
107,0,7,5,2,1,0.25,770683,771702,774100,FJPS_21071977
108,0,8,6,2,0,0.25,777517,778694,780683,FJPS_21071977
109,0,3,8,2,1,0.25,784716,785846,787483,FJPS_21071977
110,1,6,6,2,0,0.75,790999,792070,793832,FJPS_21071977
111,1,8,3,2,0,0.75,797066,797574,799782,FJPS_21071977
112,1,4,6,1,1,0.75,803015,803414,804949,FJPS_21071977
113,1,8,2,1,1,0.75,808249,809350,811048,FJPS_21071977
114,1,7,4,1,1,0.75,814265,816854,818715,FJPS_21071977
115,1,2,2,1,0,0.75,822748,824374,825964,FJPS_21071977
116,1,6,5,1,1,0.75,829764,830870,833097,FJPS_21071977
117,1,2,4,1,0,0.75,836881,838102,839697,FJPS_21071977
118,1,2,4,1,1,0.75,843014,844294,846747,FJPS_21071977
119,1,8,7,1,1,0.75,850113,851334,852930,FJPS_21071977
120,1,7,5,1,0,0.75,856446,857686,859630,FJPS_21071977
121,1,6,5,1,1,0.75,863313,864054,866296,FJPS_21071977
122,1,7,5,1,1,0.75,869396,870629,872612,FJPS_21071977
123,1,3,8,1,1,0.75,875729,876533,878912,FJPS_21071977
124,1,5,5,1,1,0.75,882112,884453,886829,FJPS_21071977
125,1,4,3,1,1,0.75,890662,891845,893845,FJPS_21071977
126,1,2,7,1,0,0.75,897495,898885,900578,FJPS_21071977
1,0,5,7,1,0,0.75,10466,12458,14799,FJVC_26011983
2,0,2,5,1,1,0.75,18582,20698,22349,FJVC_26011983
3,0,3,4,1,0,0.75,25732,26730,28648,FJVC_26011983
4,0,4,4,2,0,0.75,32348,33866,35698,FJVC_26011983
5,0,4,7,1,1,0.75,39315,41449,43281,FJVC_26011983
6,0,2,8,1,1,0.75,46714,47753,50064,FJVC_26011983
7,0,7,6,1,1,0.75,53181,54185,55780,FJVC_26011983
8,0,4,7,1,1,0.75,58897,59945,61814,FJVC_26011983
9,0,8,6,1,1,0.75,65830,66649,68730,FJVC_26011983
10,0,7,6,1,1,0.75,72380,73305,75363,FJVC_26011983
11,0,2,4,2,1,0.75,78646,80457,82713,FJVC_26011983
12,0,4,3,1,1,0.75,85829,86745,88362,FJVC_26011983
13,0,2,3,1,1,0.75,91579,93385,94929,FJVC_26011983
14,0,7,2,1,0,0.75,98729,100057,102162,FJVC_26011983
15,0,4,8,2,0,0.75,105212,107401,109512,FJVC_26011983
16,0,6,7,1,0,0.75,113045,113977,116028,FJVC_26011983
17,0,6,3,1,0,0.75,119894,120729,123044,FJVC_26011983
18,0,4,6,1,0,0.75,126627,127369,129461,FJVC_26011983
19,0,8,5,1,1,0.75,132727,133913,136344,FJVC_26011983
20,1,7,5,1,0,0.25,139827,140825,142710,FJVC_26011983
21,1,3,2,2,1,0.25,146060,147033,148693,FJVC_26011983
22,1,5,6,2,1,0.25,152260,153385,155576,FJVC_26011983
23,1,8,3,1,0,0.25,158926,160425,162893,FJVC_26011983
24,1,3,5,2,1,0.25,166776,167705,169626,FJVC_26011983
25,1,2,7,2,1,0.25,173542,174009,175909,FJVC_26011983
26,1,7,5,2,1,0.25,179659,180232,182442,FJVC_26011983
27,1,4,2,2,1,0.25,186458,188392,190325,FJVC_26011983
28,1,6,2,1,1,0.25,193675,195976,197591,FJVC_26011983
29,1,2,8,2,0,0.25,201258,203672,205824,FJVC_26011983
30,1,5,6,1,1,0.25,209474,210264,212174,FJVC_26011983
31,1,6,2,1,1,0.25,216090,217208,219407,FJVC_26011983
32,0,6,5,1,1,0.15,229973,231720,233756,FJVC_26011983
33,0,5,6,2,1,0.15,236956,237736,239289,FJVC_26011983
34,0,4,2,1,0,0.15,242556,243464,245389,FJVC_26011983
35,0,3,2,2,1,0.15,249039,251048,253005,FJVC_26011983
36,0,5,7,2,0,0.15,256772,257496,259072,FJVC_26011983
37,0,4,2,1,1,0.15,262588,263496,265922,FJVC_26011983
38,0,8,5,1,0,0.15,269821,271032,272621,FJVC_26011983
39,0,7,3,2,1,0.15,276421,277096,279288,FJVC_26011983
40,0,8,6,2,0,0.15,282871,283560,285637,FJVC_26011983
41,0,4,3,2,0,0.15,289387,290136,292170,FJVC_26011983
42,0,3,7,2,1,0.15,295204,296472,298737,FJVC_26011983
43,0,6,7,2,1,0.15,302753,303624,305720,FJVC_26011983
44,0,4,7,2,1,0.15,309420,310264,312136,FJVC_26011983
45,0,7,4,2,1,0.15,315753,316760,318536,FJVC_26011983
46,0,8,8,2,1,0.15,322319,323128,324769,FJVC_26011983
47,0,7,6,2,0,0.15,327819,329047,331235,FJVC_26011983
48,0,6,2,1,0,0.15,334919,336471,338785,FJVC_26011983
49,0,4,5,2,0,0.15,342668,343527,345935,FJVC_26011983
50,1,7,2,2,0,0.85,349951,351927,353468,FJVC_26011983
51,1,5,6,1,1,0.85,356751,357735,359801,FJVC_26011983
52,1,3,6,1,1,0.85,363817,364471,366317,FJVC_26011983
53,1,3,3,1,1,0.85,370300,370983,373000,FJVC_26011983
54,1,7,3,1,1,0.85,376567,378103,379917,FJVC_26011983
55,1,7,6,1,1,0.85,383433,385271,387483,FJVC_26011983
56,1,7,2,1,1,0.85,390533,391559,394033,FJVC_26011983
57,1,2,8,2,1,0.85,397666,399735,402232,FJVC_26011983
58,1,5,2,2,0,0.85,405266,406135,407982,FJVC_26011983
59,1,6,3,2,0,0.85,411149,412743,414998,FJVC_26011983
60,1,7,5,1,1,0.85,418282,419495,421865,FJVC_26011983
61,1,3,5,1,1,0.85,425831,427223,428765,FJVC_26011983
62,1,6,2,1,0,0.85,432398,433383,435131,FJVC_26011983
63,0,8,4,1,1,0.25,446497,448423,450564,FJVC_26011983
64,0,2,7,2,0,0.25,453730,455559,458047,FJVC_26011983
65,0,2,3,1,0,0.25,461730,463127,465596,FJVC_26011983
66,0,7,3,1,0,0.25,468780,469750,471496,FJVC_26011983
67,0,3,6,2,1,0.25,474846,475414,477612,FJVC_26011983
68,0,3,8,2,1,0.25,480696,481542,483629,FJVC_26011983
69,0,5,3,2,1,0.25,487445,488582,491095,FJVC_26011983
70,0,8,3,2,1,0.25,494962,495926,498328,FJVC_26011983
71,0,5,7,2,1,0.25,501895,502950,504628,FJVC_26011983
72,0,3,5,2,0,0.25,508294,509110,511311,FJVC_26011983
73,0,4,7,2,0,0.25,515161,516422,518177,FJVC_26011983
74,0,3,7,1,0,0.25,521261,522054,523944,FJVC_26011983
75,0,4,7,2,0,0.25,527044,527590,530094,FJVC_26011983
76,0,3,2,1,1,0.25,533810,534310,536510,FJVC_26011983
77,0,2,2,1,0,0.25,540143,540838,542760,FJVC_26011983
78,0,4,3,1,0,0.25,546210,547894,550126,FJVC_26011983
79,0,8,2,1,1,0.25,553559,555094,556692,FJVC_26011983
80,0,2,8,2,1,0.25,560709,562294,564559,FJVC_26011983
81,0,6,4,2,1,0.25,567842,568630,570225,FJVC_26011983
82,0,7,3,2,0,0.25,574008,574822,576475,FJVC_26011983
83,1,6,2,1,1,0.75,580091,581270,583541,FJVC_26011983
84,1,3,5,1,1,0.75,587474,588790,590958,FJVC_26011983
85,1,8,5,1,0,0.75,594507,595302,597074,FJVC_26011983
86,1,7,8,2,0,0.75,601074,603062,605140,FJVC_26011983
87,1,4,7,2,1,0.75,609024,609957,611607,FJVC_26011983
88,1,6,7,2,0,0.75,614890,615429,617856,FJVC_26011983
89,1,2,3,2,0,0.75,621206,623301,624923,FJVC_26011983
90,1,3,3,1,1,0.75,628323,628789,630339,FJVC_26011983
91,1,2,7,1,1,0.75,633906,635589,637589,FJVC_26011983
92,1,6,2,1,1,0.75,641139,642405,644105,FJVC_26011983
93,1,8,5,1,1,0.75,647589,648677,650738,FJVC_26011983
94,1,8,4,1,1,0.75,654388,655397,657671,FJVC_26011983
95,0,5,8,1,1,0.85,669571,671381,673704,FJVC_26011983
96,0,5,2,1,1,0.85,677521,678405,680320,FJVC_26011983
97,0,6,5,1,1,0.85,683870,685701,687687,FJVC_26011983
98,0,8,6,1,1,0.85,691503,692741,694303,FJVC_26011983
99,0,3,3,2,0,0.85,698036,700389,702053,FJVC_26011983
100,0,8,2,1,0,0.85,705803,706501,708136,FJVC_26011983
101,0,3,2,1,1,0.85,711686,713749,715786,FJVC_26011983
102,0,3,7,1,1,0.85,719652,721141,723319,FJVC_26011983
103,0,7,2,1,1,0.85,726352,727189,729568,FJVC_26011983
104,0,5,8,1,1,0.85,733152,734373,735985,FJVC_26011983
105,0,7,3,1,1,0.85,739868,740901,742601,FJVC_26011983
106,0,2,6,1,1,0.85,746418,748405,750534,FJVC_26011983
107,0,6,7,1,1,0.85,754051,754852,757117,FJVC_26011983
108,0,7,8,1,1,0.85,761034,762116,764517,FJVC_26011983
109,0,3,2,1,1,0.85,767733,768772,771083,FJVC_26011983
110,0,8,5,1,1,0.85,774600,776388,778866,FJVC_26011983
111,0,5,2,1,1,0.85,782716,784036,786516,FJVC_26011983
112,0,2,2,1,0,0.85,789732,790772,793282,FJVC_26011983
113,0,5,5,1,1,0.85,796666,797620,800149,FJVC_26011983
114,1,8,8,1,0,0.15,804182,805124,807215,FJVC_26011983
115,1,5,5,2,1,0.15,810548,812564,815015,FJVC_26011983
116,1,8,7,2,1,0.15,818465,819060,821514,FJVC_26011983
117,1,3,5,2,1,0.15,824681,825540,827981,FJVC_26011983
118,1,4,3,1,0,0.15,831097,833412,835797,FJVC_26011983
119,1,5,7,2,1,0.15,838997,839876,842397,FJVC_26011983
120,1,6,4,2,1,0.15,846097,847076,848680,FJVC_26011983
121,1,4,6,2,1,0.15,851830,852772,854413,FJVC_26011983
122,1,4,8,2,0,0.15,857463,859124,860796,FJVC_26011983
123,1,7,5,2,1,0.15,863896,865636,868079,FJVC_26011983
124,1,2,5,2,1,0.15,871412,872196,874629,FJVC_26011983
125,1,7,4,2,1,0.15,877895,879108,880929,FJVC_26011983
126,1,4,4,2,0,0.15,884762,886052,887978,FJVC_26011983
127,1,4,8,2,1,0.15,891595,892868,895345,FJVC_26011983
128,1,8,3,2,1,0.15,898678,900931,902461,FJVC_26011983
129,1,3,3,2,0,0.15,905511,906179,907911,FJVC_26011983
1,1,3,6,1,1,0.85,8216,9566,11632,FLFS_08081990
2,1,7,4,1,1,0.85,15132,15742,18199,FLFS_08081990
3,1,5,7,1,1,0.85,21699,22350,24232,FLFS_08081990
4,1,6,6,1,1,0.85,28098,28925,30498,FLFS_08081990
5,1,7,5,1,1,0.85,34298,34989,37181,FLFS_08081990
6,1,5,7,1,1,0.85,40431,41037,42631,FLFS_08081990
7,1,6,7,1,1,0.85,46464,47165,49164,FLFS_08081990
8,1,5,6,1,1,0.85,52281,52829,54481,FLFS_08081990
9,1,3,5,1,1,0.85,58280,59021,60747,FLFS_08081990
10,1,6,8,1,1,0.85,64580,65341,67797,FLFS_08081990
11,1,6,7,1,1,0.85,71680,72845,74780,FLFS_08081990
12,1,5,4,1,1,0.85,78113,78621,80746,FLFS_08081990
13,1,4,6,1,0,0.85,83946,84957,86563,FLFS_08081990
14,1,8,2,1,1,0.85,90262,90957,92812,FLFS_08081990
15,1,8,7,1,1,0.85,96495,97133,99295,FLFS_08081990
16,1,4,4,1,1,0.85,102662,103261,104928,FLFS_08081990
17,1,7,2,1,1,0.85,108295,108989,111345,FLFS_08081990
18,1,6,4,1,1,0.85,115278,116093,117811,FLFS_08081990
19,0,6,3,1,1,0.15,121344,122989,125328,FLFS_08081990
20,0,5,4,1,0,0.15,128594,129245,131244,FLFS_08081990
21,0,7,7,1,0,0.15,134594,135261,136877,FLFS_08081990
22,0,2,5,2,0,0.15,140494,141405,143177,FLFS_08081990
23,0,7,8,2,1,0.15,146343,147885,149843,FLFS_08081990
24,0,6,2,2,1,0.15,152910,154621,156926,FLFS_08081990
25,0,7,7,2,1,0.15,160193,160829,163293,FLFS_08081990
26,0,5,6,2,1,0.15,166676,167421,169576,FLFS_08081990
27,0,5,2,2,1,0.15,172742,173628,175442,FLFS_08081990
28,0,3,4,2,1,0.15,179275,180860,182542,FLFS_08081990
29,0,7,6,2,1,0.15,185775,187292,189692,FLFS_08081990
30,0,5,3,2,1,0.15,192825,194460,196775,FLFS_08081990
31,0,6,4,2,1,0.15,200108,201452,203858,FLFS_08081990
32,0,4,8,2,1,0.15,207391,208236,209841,FLFS_08081990
33,0,2,6,1,0,0.25,222123,225228,227123,FLFS_08081990
34,0,8,4,1,0,0.25,230290,230892,233190,FLFS_08081990
35,0,6,2,2,1,0.25,236290,236796,238689,FLFS_08081990
36,0,8,4,2,1,0.25,241806,242348,244756,FLFS_08081990
37,0,3,3,2,0,0.25,248689,249596,251439,FLFS_08081990
38,0,3,3,2,1,0.25,255122,256716,258422,FLFS_08081990
39,0,6,3,2,1,0.25,261905,264284,266155,FLFS_08081990
40,0,5,7,2,1,0.25,270055,271388,273338,FLFS_08081990
41,0,7,8,2,1,0.25,277038,277708,279938,FLFS_08081990
42,0,8,5,2,1,0.25,283054,283692,285521,FLFS_08081990
43,0,5,2,2,1,0.25,289054,289836,291587,FLFS_08081990
44,0,2,6,2,1,0.25,294887,295212,297687,FLFS_08081990
45,0,8,4,2,0,0.25,301004,302924,305270,FLFS_08081990
46,0,3,4,2,0,0.25,308520,309436,311070,FLFS_08081990
47,0,6,8,1,0,0.25,314236,315196,317303,FLFS_08081990
48,0,5,7,1,0,0.25,320353,321131,323586,FLFS_08081990
49,1,8,5,2,0,0.75,327236,327579,329936,FLFS_08081990
50,1,6,4,2,0,0.75,333202,333691,335802,FLFS_08081990
51,1,6,7,1,1,0.75,339185,339515,341935,FLFS_08081990
52,1,5,6,1,1,0.75,345768,346155,348418,FLFS_08081990
53,1,8,7,1,1,0.75,351451,352507,354968,FLFS_08081990
54,1,5,6,1,1,0.75,358734,359499,361051,FLFS_08081990
55,1,5,6,1,1,0.75,364951,366667,368567,FLFS_08081990
56,1,2,2,1,1,0.75,371817,372507,374434,FLFS_08081990
57,1,7,6,1,0,0.75,378167,378923,380517,FLFS_08081990
58,1,2,5,1,0,0.75,384233,384923,386600,FLFS_08081990
59,1,7,5,2,1,0.75,389983,391883,393983,FLFS_08081990
60,1,7,4,2,0,0.75,397266,398747,401216,FLFS_08081990
61,1,6,2,1,1,0.75,404732,405243,407032,FLFS_08081990
62,0,4,2,1,0,0.75,419465,422891,424915,FLFS_08081990
63,0,4,4,1,0,0.75,428148,429099,431465,FLFS_08081990
64,0,5,3,2,0,0.75,434731,435163,436981,FLFS_08081990
65,0,4,3,1,1,0.75,440481,440859,443131,FLFS_08081990
66,0,7,6,1,1,0.75,446814,447115,449331,FLFS_08081990
67,0,3,6,1,1,0.75,453064,454443,456730,FLFS_08081990
68,0,4,8,1,1,0.75,460130,460475,462847,FLFS_08081990
69,0,5,8,1,0,0.75,466163,466810,468446,FLFS_08081990
70,0,6,7,1,0,0.75,471930,472410,474713,FLFS_08081990
71,0,5,3,1,1,0.75,477779,478810,480996,FLFS_08081990
72,0,6,3,1,0,0.75,484346,484954,487329,FLFS_08081990
73,0,2,8,1,1,0.75,490629,491242,492879,FLFS_08081990
74,0,2,7,1,1,0.75,496395,497594,499912,FLFS_08081990
75,0,8,6,1,0,0.75,503128,503578,505462,FLFS_08081990
76,0,8,7,1,1,0.75,509078,509546,511178,FLFS_08081990
77,0,4,4,1,1,0.75,514661,515978,517511,FLFS_08081990
78,0,4,2,1,1,0.75,521144,524810,526994,FLFS_08081990
79,1,2,7,1,1,0.25,530494,532266,534427,FLFS_08081990
80,1,5,2,1,0,0.25,537510,538234,540493,FLFS_08081990
81,1,8,2,1,0,0.25,544510,545002,547043,FLFS_08081990
82,1,8,3,1,1,0.25,550443,551066,552710,FLFS_08081990
83,1,6,3,1,0,0.25,556059,559098,561009,FLFS_08081990
84,1,6,4,1,1,0.25,564126,564762,566576,FLFS_08081990
85,1,5,4,1,0,0.25,570309,571338,573109,FLFS_08081990
86,1,5,3,1,0,0.25,576275,577274,579758,FLFS_08081990
87,1,5,5,1,0,0.25,583175,583674,585908,FLFS_08081990
88,1,7,7,2,1,0.25,589525,589850,591575,FLFS_08081990
89,1,3,2,2,1,0.25,594758,595338,597108,FLFS_08081990
90,1,3,7,2,0,0.25,600324,600986,603274,FLFS_08081990
91,1,5,7,2,1,0.25,607074,608186,610090,FLFS_08081990
92,1,2,3,1,0,0.25,613407,616890,618873,FLFS_08081990
93,1,2,3,2,1,0.15,625323,626297,628073,FLFS_08081990
94,1,6,6,2,0,0.15,631473,632185,634223,FLFS_08081990
95,1,7,5,1,0,0.15,638023,638441,640873,FLFS_08081990
96,1,2,4,1,0,0.15,643972,644297,646122,FLFS_08081990
97,1,5,8,2,1,0.15,650105,651017,652955,FLFS_08081990
98,1,6,5,2,1,0.15,656722,657241,659005,FLFS_08081990
99,1,6,8,2,1,0.15,662288,663177,665188,FLFS_08081990
100,1,7,8,2,1,0.15,668771,669449,671788,FLFS_08081990
101,1,3,4,2,1,0.15,675438,675881,678204,FLFS_08081990
102,1,4,7,2,1,0.15,681437,682009,683987,FLFS_08081990
103,1,7,6,2,1,0.15,687821,688633,690620,FLFS_08081990
104,1,8,8,2,1,0.15,694154,694665,697120,FLFS_08081990
105,1,3,2,2,1,0.15,700720,701385,703487,FLFS_08081990
106,1,3,2,2,1,0.15,707220,707577,710086,FLFS_08081990
107,1,3,5,2,1,0.15,713303,714009,716253,FLFS_08081990
108,1,5,5,2,1,0.15,719319,721337,723502,FLFS_08081990
109,0,8,7,2,0,0.85,727136,727817,729602,FLFS_08081990
110,0,4,2,2,0,0.85,733269,734057,736068,FLFS_08081990
111,0,3,4,2,1,0.85,739685,740777,743085,FLFS_08081990
112,0,5,6,2,0,0.85,746268,746825,748735,FLFS_08081990
113,0,6,6,1,1,0.85,752434,752761,755218,FLFS_08081990
114,0,3,5,1,1,0.85,758301,758969,760934,FLFS_08081990
115,0,8,8,1,1,0.85,764134,764744,767251,FLFS_08081990
116,0,4,7,1,1,0.85,770467,770904,772817,FLFS_08081990
117,0,7,5,1,1,0.85,776650,777320,779667,FLFS_08081990
118,0,2,2,1,1,0.85,782883,784392,786150,FLFS_08081990
119,0,5,7,1,1,0.85,789733,790136,792183,FLFS_08081990
120,0,6,2,1,1,0.85,795266,795672,797849,FLFS_08081990
121,0,6,3,1,1,0.85,801349,802712,805149,FLFS_08081990
122,0,3,8,1,0,0.85,809082,809592,811649,FLFS_08081990
1,0,5,3,2,0,0.75,11216,14483,16932,FLRV_21042001
2,0,3,4,1,1,0.75,20265,23363,25882,FLRV_21042001
3,0,4,3,1,1,0.75,29898,32515,34798,FLRV_21042001
4,0,5,8,1,1,0.75,38781,40579,42998,FLRV_21042001
5,0,6,2,1,0,0.75,47064,48611,50664,FLRV_21042001
6,0,6,4,2,1,0.75,54247,54866,57247,FLRV_21042001
7,0,7,8,2,0,0.75,61113,61570,63847,FLRV_21042001
8,0,2,2,1,1,0.75,66913,72258,74646,FLRV_21042001
9,0,8,8,1,0,0.75,78079,79554,81129,FLRV_21042001
10,0,3,3,1,1,0.75,84179,86386,88312,FLRV_21042001
11,0,4,6,1,1,0.75,92212,95778,97878,FLRV_21042001
12,0,6,4,1,1,0.75,101745,104306,106678,FLRV_21042001
13,0,7,8,1,1,0.75,110495,111282,113394,FLRV_21042001
14,0,5,2,1,1,0.75,117278,117602,119778,FLRV_21042001
15,0,6,2,1,1,0.75,123477,123762,125294,FLRV_21042001
16,0,3,6,1,1,0.75,128560,128850,130694,FLRV_21042001
17,1,8,6,1,1,0.25,134144,134258,136660,FLRV_21042001
18,1,4,8,1,0,0.25,140060,140882,142493,FLRV_21042001
19,1,5,8,2,1,0.25,145993,147234,148976,FLRV_21042001
20,1,7,3,2,1,0.25,152243,153138,154943,FLRV_21042001
21,1,8,6,2,0,0.25,158609,159314,161092,FLRV_21042001
22,1,5,5,1,0,0.25,164859,166674,168859,FLRV_21042001
23,1,2,4,2,1,0.25,172442,174113,176375,FLRV_21042001
24,1,3,5,2,1,0.25,179442,180209,182058,FLRV_21042001
25,1,7,3,2,0,0.25,185808,187585,189391,FLRV_21042001
26,1,7,5,1,0,0.25,193324,194497,196857,FLRV_21042001
27,1,5,2,1,1,0.25,200824,201825,204140,FLRV_21042001
28,1,2,2,1,0,0.25,207390,207745,209590,FLRV_21042001
29,1,4,7,2,1,0.25,213257,213633,215557,FLRV_21042001
30,0,7,8,2,1,0.25,229639,232497,234406,FLRV_21042001
31,0,8,5,2,0,0.25,237706,238705,241039,FLRV_21042001
32,0,3,7,1,0,0.25,244305,245073,247272,FLRV_21042001
33,0,6,2,2,1,0.25,251322,251649,253622,FLRV_21042001
34,0,6,5,2,1,0.25,257505,258177,260405,FLRV_21042001
35,0,5,5,2,1,0.25,263754,264209,266004,FLRV_21042001
36,0,3,7,2,1,0.25,269271,269665,271404,FLRV_21042001
37,0,3,3,2,1,0.25,274771,275169,276721,FLRV_21042001
38,0,3,2,2,0,0.25,280304,280673,282270,FLRV_21042001
39,0,3,8,2,1,0.25,285637,286097,287770,FLRV_21042001
40,0,2,5,2,1,0.25,291087,291841,294236,FLRV_21042001
41,0,6,3,2,1,0.25,297720,298352,300236,FLRV_21042001
42,0,2,2,2,1,0.25,303586,304000,306253,FLRV_21042001
43,0,8,7,2,1,0.25,309452,309936,312319,FLRV_21042001
44,0,3,3,2,1,0.25,316252,316624,319135,FLRV_21042001
45,0,2,3,2,0,0.25,322818,323344,325785,FLRV_21042001
46,1,2,8,1,1,0.75,329085,329696,331335,FLRV_21042001
47,1,4,2,1,0,0.75,334768,335152,337285,FLRV_21042001
48,1,7,4,2,0,0.75,340951,341536,343134,FLRV_21042001
49,1,5,2,1,1,0.75,347117,347616,349317,FLRV_21042001
50,1,8,5,1,1,0.75,352401,353072,355367,FLRV_21042001
51,1,6,8,1,1,0.75,358417,358928,361333,FLRV_21042001
52,1,8,3,1,1,0.75,364967,365376,367400,FLRV_21042001
53,1,7,8,1,0,0.75,370450,370768,372733,FLRV_21042001
54,1,5,3,1,1,0.75,376316,377040,378766,FLRV_21042001
55,1,8,4,1,1,0.75,381866,382288,384532,FLRV_21042001
56,1,5,5,1,1,0.75,387632,388400,390549,FLRV_21042001
57,1,4,5,1,1,0.75,394165,394528,396965,FLRV_21042001
58,0,5,7,1,0,0.15,410081,413055,414781,FLRV_21042001
59,0,5,3,2,0,0.15,418098,418623,420898,FLRV_21042001
60,0,5,5,2,1,0.15,424731,425071,427514,FLRV_21042001
61,0,3,8,2,1,0.15,431197,431919,434280,FLRV_21042001
62,0,3,8,2,1,0.15,438230,438575,440897,FLRV_21042001
63,0,8,3,2,1,0.15,444496,444863,447380,FLRV_21042001
64,0,8,2,2,1,0.15,451013,451535,453179,FLRV_21042001
65,0,7,8,2,1,0.15,456896,457999,460179,FLRV_21042001
66,0,6,3,2,1,0.15,464062,464543,466545,FLRV_21042001
67,0,8,6,2,1,0.15,470262,470639,472195,FLRV_21042001
68,0,3,5,2,1,0.15,475862,476399,478778,FLRV_21042001
69,0,7,7,2,1,0.15,482278,482895,484778,FLRV_21042001
70,0,2,5,2,1,0.15,488128,488447,490961,FLRV_21042001
71,0,2,4,2,1,0.15,494711,495167,497261,FLRV_21042001
72,0,6,2,2,1,0.15,501211,501535,503577,FLRV_21042001
73,0,8,6,2,1,0.15,506910,507311,509294,FLRV_21042001
74,0,7,3,2,1,0.15,512393,514095,516493,FLRV_21042001
75,0,8,8,2,0,0.15,519660,520463,522676,FLRV_21042001
76,0,5,7,1,1,0.15,525843,526207,528709,FLRV_21042001
77,1,2,4,1,1,0.85,532226,532607,534359,FLRV_21042001
78,1,3,2,1,1,0.85,538359,538750,541209,FLRV_21042001
79,1,2,2,1,1,0.85,544325,544766,546559,FLRV_21042001
80,1,6,6,1,1,0.85,550592,550926,552775,FLRV_21042001
81,1,4,4,1,1,0.85,556075,556414,558875,FLRV_21042001
82,1,6,7,1,1,0.85,562541,562862,564891,FLRV_21042001
83,1,2,5,1,0,0.85,568724,569118,571591,FLRV_21042001
84,1,7,5,1,1,0.85,574791,575102,576791,FLRV_21042001
85,1,2,3,1,1,0.85,580590,580910,583224,FLRV_21042001
86,1,3,5,1,1,0.85,586440,586734,589190,FLRV_21042001
87,1,7,8,1,0,0.85,592490,592862,594590,FLRV_21042001
88,1,3,6,1,1,0.85,598256,600750,602706,FLRV_21042001
89,1,7,5,1,1,0.85,606506,606830,608889,FLRV_21042001
90,1,2,7,1,1,0.85,612122,612382,614606,FLRV_21042001
91,1,6,3,1,1,0.85,617672,617998,620472,FLRV_21042001
92,1,4,8,2,1,0.15,634671,635550,638055,FLRV_21042001
93,1,6,4,2,1,0.15,641721,642046,644504,FLRV_21042001
94,1,6,7,2,1,0.15,647737,648158,649954,FLRV_21042001
95,1,2,2,2,1,0.15,653237,653629,655954,FLRV_21042001
96,1,4,3,2,0,0.15,659387,659917,661787,FLRV_21042001
97,1,3,6,2,0,0.15,664870,665229,667153,FLRV_21042001
98,1,5,7,1,0,0.15,670253,671213,673553,FLRV_21042001
99,1,5,2,2,0,0.15,677053,677469,680003,FLRV_21042001
100,1,2,5,2,1,0.15,683769,684157,686086,FLRV_21042001
101,1,8,8,2,1,0.15,689686,690045,691952,FLRV_21042001
102,1,2,3,2,1,0.15,695602,695933,697535,FLRV_21042001
103,1,4,8,2,1,0.15,701135,701485,703685,FLRV_21042001
104,1,6,6,2,1,0.15,706802,707101,709268,FLRV_21042001
105,1,6,8,2,1,0.15,712418,713101,714968,FLRV_21042001
106,1,2,5,2,1,0.15,718851,719725,721918,FLRV_21042001
107,1,5,6,2,1,0.15,725934,726397,728201,FLRV_21042001
108,0,2,3,2,0,0.85,731750,732205,734717,FLRV_21042001
109,0,8,8,1,0,0.85,738700,739085,741217,FLRV_21042001
110,0,8,6,1,1,0.85,744267,744701,747116,FLRV_21042001
111,0,6,8,2,1,0.85,750483,750813,752716,FLRV_21042001
112,0,3,7,3,0,0.85,756116,756717,758433,FLRV_21042001
113,0,2,7,2,0,0.85,761999,764140,765782,FLRV_21042001
114,0,3,4,1,1,0.85,768932,769277,771099,FLRV_21042001
115,0,4,7,1,1,0.85,774482,774813,777348,FLRV_21042001
116,0,5,8,1,1,0.85,780998,781500,783565,FLRV_21042001
117,0,6,8,1,1,0.85,787265,787628,789915,FLRV_21042001
118,0,7,4,1,1,0.85,793798,794140,796081,FLRV_21042001
119,0,8,4,1,1,0.85,799331,799676,801764,FLRV_21042001
120,0,3,8,1,1,0.85,805730,806060,807880,FLRV_21042001
1,0,5,3,1,1,0.25,7432,9264,11566,FRCA_12081956
2,0,6,7,1,0,0.25,14699,16864,18832,FRCA_12081956
3,0,2,3,2,1,0.25,22015,23056,25365,FRCA_12081956
4,0,2,4,2,0,0.25,28515,30112,32531,FRCA_12081956
5,0,8,5,1,1,0.25,36415,37632,40064,FRCA_12081956
6,0,2,2,1,0,0.25,44014,45568,48031,FRCA_12081956
7,0,6,8,1,0,0.25,51481,54464,56980,FRCA_12081956
8,0,3,5,2,0,0.25,60730,61472,63080,FRCA_12081956
9,0,5,8,2,1,0.25,66713,68736,70480,FRCA_12081956
10,0,6,8,2,0,0.25,73913,75824,77363,FRCA_12081956
11,0,6,3,1,0,0.25,80546,82880,85363,FRCA_12081956
12,0,4,4,2,1,0.25,89012,89904,91879,FRCA_12081956
13,0,2,2,2,1,0.25,95012,96255,98429,FRCA_12081956
14,0,8,4,2,1,0.25,101945,103199,105445,FRCA_12081956
15,0,8,6,2,1,0.25,109178,110159,112145,FRCA_12081956
16,0,5,2,2,1,0.25,115678,116703,118828,FRCA_12081956
17,0,7,3,2,1,0.25,122578,123471,125444,FRCA_12081956
18,1,8,4,2,1,0.75,129227,130287,132344,FRCA_12081956
19,1,3,6,2,0,0.75,135727,137071,138827,FRCA_12081956
20,1,6,3,2,0,0.75,142093,144175,145810,FRCA_12081956
21,1,2,2,1,1,0.75,149060,150239,151876,FRCA_12081956
22,1,6,5,1,1,0.75,154926,156303,158309,FRCA_12081956
23,1,4,6,1,1,0.75,161359,163087,165259,FRCA_12081956
24,1,7,2,1,1,0.75,168709,170015,172075,FRCA_12081956
25,1,3,8,1,1,0.75,175225,176351,177909,FRCA_12081956
26,1,4,2,1,0,0.75,181342,182623,185025,FRCA_12081956
27,1,3,3,1,1,0.75,189025,190431,192958,FRCA_12081956
28,1,8,8,1,1,0.75,196708,198591,200391,FRCA_12081956
29,1,2,5,1,1,0.75,204107,205663,207191,FRCA_12081956
30,1,2,7,1,1,0.75,210574,211583,213924,FRCA_12081956
31,0,8,2,1,1,0.75,225873,227231,229340,FRCA_12081956
32,0,3,5,1,1,0.75,232623,234063,235756,FRCA_12081956
33,0,4,8,1,1,0.75,239056,239982,242322,FRCA_12081956
34,0,6,6,1,1,0.75,245972,247326,248889,FRCA_12081956
35,0,7,8,1,1,0.75,252139,253966,255905,FRCA_12081956
36,0,4,5,1,0,0.75,259472,260430,262622,FRCA_12081956
37,0,5,3,1,1,0.75,266138,267214,269705,FRCA_12081956
38,0,5,6,1,1,0.75,273304,276014,278238,FRCA_12081956
39,0,3,5,1,1,0.75,281921,283358,285754,FRCA_12081956
40,0,4,7,1,1,0.75,288937,289726,291604,FRCA_12081956
41,0,3,7,1,1,0.75,295337,296526,298920,FRCA_12081956
42,0,7,3,1,0,0.75,302003,303406,304953,FRCA_12081956
43,0,5,4,1,0,0.75,308870,311502,313119,FRCA_12081956
44,0,2,2,2,0,0.75,316953,317790,320319,FRCA_12081956
45,0,2,6,1,1,0.75,323702,324254,325852,FRCA_12081956
46,0,7,5,1,0,0.75,328919,330030,332335,FRCA_12081956
47,0,4,4,2,0,0.75,335585,336814,338918,FRCA_12081956
48,0,6,8,1,1,0.75,342135,342702,345035,FRCA_12081956
49,1,3,5,1,0,0.25,348851,349806,351368,FRCA_12081956
50,1,4,3,1,0,0.25,355068,356302,357884,FRCA_12081956
51,1,8,3,1,0,0.25,361534,362269,364217,FRCA_12081956
52,1,5,6,2,1,0.25,367967,368637,370317,FRCA_12081956
53,1,6,6,2,1,0.25,373983,375053,376933,FRCA_12081956
54,1,2,3,2,1,0.25,380733,381613,383200,FRCA_12081956
55,1,4,2,2,1,0.25,386750,388125,389666,FRCA_12081956
56,1,6,2,2,1,0.25,393299,394109,396382,FRCA_12081956
57,1,4,6,2,0,0.25,400316,401549,403732,FRCA_12081956
58,1,3,2,2,1,0.25,407615,409213,411732,FRCA_12081956
59,1,2,2,2,0,0.25,414998,416717,418948,FRCA_12081956
60,1,5,7,1,1,0.25,422081,423869,425415,FRCA_12081956
61,1,5,6,1,0,0.25,428848,430397,432148,FRCA_12081956
62,1,6,8,1,0,0.25,435431,436509,438081,FRCA_12081956
63,0,7,8,1,0,0.15,449130,478717,480879,FRCA_12081956
64,0,6,6,2,0,0.15,484479,485181,487362,FRCA_12081956
65,0,7,6,1,0,0.15,490745,491629,493345,FRCA_12081956
66,0,3,2,1,1,0.15,496411,497341,499811,FRCA_12081956
67,0,2,5,1,0,0.15,503578,504412,506294,FRCA_12081956
68,0,7,3,1,0,0.15,509994,510812,512494,FRCA_12081956
69,0,6,3,1,0,0.15,515577,517084,518744,FRCA_12081956
70,0,5,8,2,1,0.15,521927,522428,524827,FRCA_12081956
71,0,5,3,2,1,0.15,528043,528892,531210,FRCA_12081956
72,0,4,6,2,1,0.15,534310,535148,536893,FRCA_12081956
73,0,2,5,2,1,0.15,540526,541532,543643,FRCA_12081956
74,0,8,5,2,1,0.15,547259,547964,550459,FRCA_12081956
75,0,2,6,2,1,0.15,554009,554364,556426,FRCA_12081956
76,0,8,7,2,0,0.15,559909,560876,562959,FRCA_12081956
77,0,3,3,2,1,0.15,566242,569468,571792,FRCA_12081956
78,0,3,8,2,1,0.15,574841,575676,577941,FRCA_12081956
79,1,2,2,2,0,0.85,581508,583388,585191,FRCA_12081956
80,1,4,7,2,1,0.85,588358,590428,591991,FRCA_12081956
81,1,8,7,2,0,0.85,595657,596764,598340,FRCA_12081956
82,1,4,2,1,1,0.85,601990,602668,605123,FRCA_12081956
83,1,8,2,1,1,0.85,608973,610348,612790,FRCA_12081956
84,1,2,2,1,1,0.85,616773,618012,619739,FRCA_12081956
85,1,7,4,1,1,0.85,623689,624508,626356,FRCA_12081956
86,1,4,4,1,1,0.85,630189,630715,632889,FRCA_12081956
87,1,5,4,1,1,0.85,635939,640475,642422,FRCA_12081956
88,1,5,6,1,1,0.85,645705,646683,648755,FRCA_12081956
89,1,8,7,1,1,0.85,652088,653211,655288,FRCA_12081956
90,1,5,7,1,0,0.85,658488,660219,662221,FRCA_12081956
91,1,3,4,1,0,0.85,666021,667659,670171,FRCA_12081956
92,1,5,4,2,0,0.85,673537,674379,676237,FRCA_12081956
93,1,6,6,1,1,0.85,679287,680571,682787,FRCA_12081956
94,0,2,6,1,1,0.85,694336,695851,698069,FRCA_12081956
95,0,8,6,1,1,0.85,701453,703179,705403,FRCA_12081956
96,0,8,8,1,1,0.85,709169,710347,711886,FRCA_12081956
97,0,7,6,1,1,0.85,715019,716171,718385,FRCA_12081956
98,0,3,8,1,1,0.85,722102,724827,726802,FRCA_12081956
99,0,5,7,1,0,0.85,730785,732235,734001,FRCA_12081956
100,0,4,2,1,1,0.85,737951,738955,741201,FRCA_12081956
101,0,3,4,1,1,0.85,744684,746411,748851,FRCA_12081956
102,0,3,3,1,1,0.85,752667,754811,756350,FRCA_12081956
103,0,6,6,1,1,0.85,759400,760859,762767,FRCA_12081956
104,0,3,8,1,1,0.85,766767,768202,770200,FRCA_12081956
105,0,7,4,1,1,0.85,773633,776314,778466,FRCA_12081956
106,0,8,4,1,1,0.85,781699,783418,785266,FRCA_12081956
107,0,8,4,1,1,0.85,788716,794842,797265,FRCA_12081956
108,0,4,8,1,1,0.85,800448,801706,803798,FRCA_12081956
109,0,8,3,1,0,0.85,807398,808282,809965,FRCA_12081956
110,0,2,3,2,0,0.85,813131,814618,816581,FRCA_12081956
111,0,3,7,1,1,0.85,820598,821274,823097,FRCA_12081956
112,0,5,7,1,1,0.85,826181,827162,829031,FRCA_12081956
113,0,7,4,1,1,0.85,832380,833034,834614,FRCA_12081956
114,0,7,7,1,1,0.85,838547,839658,841680,FRCA_12081956
115,1,6,7,1,1,0.15,845463,852810,854779,FRCA_12081956
116,1,7,8,1,0,0.15,858313,860010,861746,FRCA_12081956
117,1,6,5,1,0,0.15,865529,866762,868512,FRCA_12081956
118,1,8,6,1,0,0.15,872129,873194,875195,FRCA_12081956
119,1,8,3,2,1,0.15,878662,879594,881295,FRCA_12081956
120,1,2,2,2,1,0.15,884678,885802,887861,FRCA_12081956
121,1,6,2,2,1,0.15,891744,892953,895061,FRCA_12081956
122,1,2,2,2,1,0.15,899078,899785,901744,FRCA_12081956
123,1,8,6,2,1,0.15,905694,910665,912860,FRCA_12081956
124,1,5,5,2,1,0.15,916410,917705,919943,FRCA_12081956
125,1,5,3,2,0,0.15,923726,927289,929493,FRCA_12081956
126,1,7,3,1,0,0.15,933476,935017,937126,FRCA_12081956
127,1,3,5,2,1,0.15,940192,943193,945259,FRCA_12081956
128,1,5,7,2,1,0.15,948792,949961,951775,FRCA_12081956
1,1,7,4,1,0,0.25,14466,15411,16965,FSDT_10101990
2,1,6,3,2,1,0.25,20982,21891,23682,FSDT_10101990
3,1,8,4,2,1,0.25,27165,28163,30082,FSDT_10101990
4,1,2,7,2,1,0.25,33665,34307,36131,FSDT_10101990
5,1,4,6,2,1,0.25,39914,40643,43031,FSDT_10101990
6,1,5,7,2,1,0.25,46514,47251,49514,FSDT_10101990
7,1,8,2,1,0,0.25,53397,54290,55930,FSDT_10101990
8,1,7,2,2,1,0.25,59830,60258,62264,FSDT_10101990
9,1,2,4,2,0,0.25,65547,65986,68347,FSDT_10101990
10,1,5,7,1,0,0.25,71763,72418,74896,FSDT_10101990
11,1,2,6,2,0,0.25,78246,78818,80596,FSDT_10101990
12,1,8,8,2,1,0.25,84546,85234,87562,FSDT_10101990
13,1,7,4,2,1,0.25,90979,91778,93579,FSDT_10101990
14,1,7,7,2,0,0.25,96679,97346,99329,FSDT_10101990
15,1,6,4,1,0,0.25,102745,103330,105062,FSDT_10101990
16,1,7,3,2,1,0.25,108578,109282,111561,FSDT_10101990
17,1,6,2,2,1,0.25,115445,115858,118361,FSDT_10101990
18,1,3,5,2,1,0.25,121578,122242,124544,FSDT_10101990
19,0,8,7,2,0,0.75,127661,128546,130294,FSDT_10101990
20,0,7,7,1,1,0.75,133827,134354,136744,FSDT_10101990
21,0,8,8,1,1,0.75,140394,141090,143193,FSDT_10101990
22,0,2,7,1,1,0.75,146293,147042,149193,FSDT_10101990
23,0,4,2,1,1,0.75,153026,153618,155643,FSDT_10101990
24,0,2,4,1,1,0.75,158926,160242,162259,FSDT_10101990
25,0,5,4,1,0,0.75,165609,166978,168926,FSDT_10101990
26,0,4,2,2,0,0.75,172109,172754,174825,FSDT_10101990
27,0,5,3,1,1,0.75,178742,180338,182592,FSDT_10101990
28,0,6,5,1,1,0.75,186158,186962,189075,FSDT_10101990
29,0,3,5,2,0,0.75,192858,193426,195525,FSDT_10101990
30,0,4,2,1,1,0.75,198941,199826,202241,FSDT_10101990
31,0,5,6,1,1,0.75,205874,206705,208474,FSDT_10101990
32,0,7,7,1,1,0.75,212107,213665,215407,FSDT_10101990
33,0,4,6,1,1,0.75,219057,219905,222240,FSDT_10101990
34,0,2,7,1,0,0.85,232590,234145,236406,FSDT_10101990
35,0,4,5,2,0,0.85,239706,240993,242789,FSDT_10101990
36,0,4,7,1,1,0.85,246139,247537,249689,FSDT_10101990
37,0,8,4,1,1,0.85,252839,253905,256122,FSDT_10101990
38,0,3,5,1,0,0.85,259855,260801,262755,FSDT_10101990
39,0,3,3,2,0,0.85,266172,266833,268588,FSDT_10101990
40,0,7,5,1,1,0.85,271955,272817,275255,FSDT_10101990
41,0,2,5,1,1,0.85,278971,280081,282254,FSDT_10101990
42,0,3,8,1,1,0.85,285737,286641,288587,FSDT_10101990
43,0,8,6,1,1,0.85,292204,292945,295054,FSDT_10101990
44,0,5,2,1,1,0.85,298354,299249,301637,FSDT_10101990
45,0,6,5,1,1,0.85,305120,306049,307686,FSDT_10101990
46,0,8,2,1,1,0.85,310903,311665,313620,FSDT_10101990
47,0,2,5,1,1,0.85,317019,317489,319619,FSDT_10101990
48,0,3,6,1,1,0.85,323202,323777,325619,FSDT_10101990
49,0,4,5,1,0,0.85,328952,329521,331802,FSDT_10101990
50,0,5,2,2,1,0.85,335002,335473,337985,FSDT_10101990
51,0,5,5,2,0,0.85,341352,341745,344018,FSDT_10101990
52,1,5,6,2,1,0.15,347851,349249,351785,FSDT_10101990
53,1,2,3,2,1,0.15,355801,356560,359101,FSDT_10101990
54,1,2,8,2,0,0.15,363167,363920,365517,FSDT_10101990
55,1,3,5,1,0,0.15,368634,369376,371034,FSDT_10101990
56,1,4,6,2,1,0.15,374317,375824,377684,FSDT_10101990
57,1,5,3,2,1,0.15,381550,382400,384283,FSDT_10101990
58,1,5,7,2,1,0.15,387550,388416,390866,FSDT_10101990
59,1,7,2,2,1,0.15,394783,395456,397283,FSDT_10101990
60,1,6,5,2,0,0.15,400866,401680,404032,FSDT_10101990
61,1,7,8,1,0,0.15,407399,408080,409765,FSDT_10101990
62,1,7,3,1,0,0.15,413299,414816,416615,FSDT_10101990
63,1,2,7,2,1,0.15,420065,420704,422365,FSDT_10101990
64,1,4,3,2,0,0.15,425798,426752,428531,FSDT_10101990
65,1,3,8,1,1,0.75,436064,436720,439031,FSDT_10101990
66,1,2,5,1,1,0.75,442697,444432,446847,FSDT_10101990
67,1,6,6,1,1,0.75,450064,450816,452480,FSDT_10101990
68,1,7,6,1,1,0.75,456347,457408,459947,FSDT_10101990
69,1,3,7,1,1,0.75,463947,464912,467080,FSDT_10101990
70,1,8,8,1,1,0.75,470563,471376,473646,FSDT_10101990
71,1,3,5,1,1,0.75,477446,477920,480079,FSDT_10101990
72,1,2,6,1,1,0.75,484129,485008,487429,FSDT_10101990
73,1,5,5,1,1,0.75,490779,491296,492895,FSDT_10101990
74,1,7,8,1,0,0.75,496428,497168,499012,FSDT_10101990
75,1,6,6,2,0,0.75,502678,503152,505528,FSDT_10101990
76,1,3,3,1,0,0.75,509211,509904,511711,FSDT_10101990
77,1,2,8,2,0,0.75,515494,515855,517844,FSDT_10101990
78,1,7,7,2,0,0.75,521811,523775,525427,FSDT_10101990
79,1,3,8,1,1,0.75,529210,530559,532877,FSDT_10101990
80,1,7,2,1,1,0.75,536677,537471,539993,FSDT_10101990
81,1,6,5,1,1,0.75,543260,544159,546193,FSDT_10101990
82,1,6,7,1,1,0.75,549926,550863,553109,FSDT_10101990
83,1,4,5,1,1,0.75,556226,557295,559609,FSDT_10101990
84,1,3,6,1,0,0.75,563409,564143,566126,FSDT_10101990
85,1,3,3,2,1,0.75,569309,570095,571659,FSDT_10101990
86,1,8,3,2,0,0.75,575092,575663,577392,FSDT_10101990
87,0,4,6,1,0,0.25,581175,582127,584108,FSDT_10101990
88,0,4,7,2,1,0.25,587808,588319,590391,FSDT_10101990
89,0,6,7,2,0,0.25,594174,594751,597308,FSDT_10101990
90,0,7,2,1,0,0.25,600807,601295,603107,FSDT_10101990
91,0,8,5,1,0,0.25,606390,606815,609157,FSDT_10101990
92,0,5,3,2,1,0.25,613024,613487,615257,FSDT_10101990
93,0,8,2,2,1,0.25,619173,619775,621573,FSDT_10101990
94,0,6,2,2,0,0.25,624790,625519,627556,FSDT_10101990
95,0,2,6,1,1,0.25,631539,631999,633789,FSDT_10101990
96,0,6,2,1,0,0.25,637506,638175,640672,FSDT_10101990
97,0,2,3,1,0,0.25,644389,644735,647289,FSDT_10101990
98,0,3,4,2,0,0.25,650439,650879,653188,FSDT_10101990
99,0,6,3,1,0,0.25,657122,658095,659672,FSDT_10101990
100,0,8,2,1,0,0.15,673121,674110,676221,FSDT_10101990
101,0,2,6,2,1,0.15,679654,680318,682654,FSDT_10101990
102,0,8,7,2,1,0.15,685770,686590,689020,FSDT_10101990
103,0,7,5,2,1,0.15,692787,693374,695187,FSDT_10101990
104,0,6,8,2,1,0.15,699270,699918,702420,FSDT_10101990
105,0,2,3,2,1,0.15,705920,706798,709003,FSDT_10101990
106,0,6,6,2,1,0.15,712086,713022,715153,FSDT_10101990
107,0,3,2,2,1,0.15,718536,719006,720902,FSDT_10101990
108,0,8,4,2,1,0.15,724835,725150,726769,FSDT_10101990
109,0,4,6,2,1,0.15,730385,731038,732668,FSDT_10101990
110,0,3,8,2,1,0.15,736085,736622,738285,FSDT_10101990
111,0,5,5,2,0,0.15,741401,742110,744118,FSDT_10101990
112,0,8,8,1,1,0.15,747268,747726,750084,FSDT_10101990
113,0,5,8,1,1,0.15,754168,754846,757251,FSDT_10101990
114,0,8,8,1,0,0.15,760984,762414,764017,FSDT_10101990
115,0,4,2,3,1,0.15,767734,768142,770567,FSDT_10101990
116,0,2,4,2,1,0.15,774233,775150,776750,FSDT_10101990
117,0,6,4,2,1,0.15,780333,780926,783233,FSDT_10101990
118,0,8,6,2,0,0.15,786949,787438,789933,FSDT_10101990
119,0,7,3,1,0,0.15,793149,793790,795982,FSDT_10101990
120,1,4,5,2,0,0.85,799732,800190,802615,FSDT_10101990
121,1,8,3,2,0,0.85,805815,806462,809015,FSDT_10101990
122,1,2,8,2,0,0.85,812665,813101,815448,FSDT_10101990
123,1,6,2,1,1,0.85,819148,819869,822031,FSDT_10101990
124,1,8,2,1,0,0.85,825764,826189,828381,FSDT_10101990
125,1,6,8,1,1,0.85,831581,832157,834197,FSDT_10101990
126,1,4,2,1,1,0.85,837964,838621,841130,FSDT_10101990
127,1,3,4,1,0,0.85,844497,844877,846997,FSDT_10101990
128,1,3,3,2,0,0.85,851080,851517,853113,FSDT_10101990
129,1,8,2,2,0,0.85,856996,857389,859363,FSDT_10101990
130,1,4,2,2,0,0.85,863113,863613,865896,FSDT_10101990
131,1,3,4,2,0,0.85,869713,870173,872196,FSDT_10101990
1,0,8,4,1,0,0.85,5183,5988,8049,GADM_08111983
2,0,4,5,2,0,0.85,11716,12324,14266,GADM_08111983
3,0,2,8,2,0,0.85,18182,19572,21715,GADM_08111983
4,0,5,5,1,0,0.85,25765,26724,28698,GADM_08111983
5,0,8,6,2,0,0.85,32631,33684,35648,GADM_08111983
6,0,7,8,2,0,0.85,38865,39252,41431,GADM_08111983
7,0,3,3,2,0,0.85,44498,45396,47647,GADM_08111983
8,0,4,2,1,1,0.85,51114,51540,53597,GADM_08111983
9,0,7,2,1,1,0.85,56780,57204,59497,GADM_08111983
10,0,3,8,1,1,0.85,62597,63012,64947,GADM_08111983
11,0,4,7,1,1,0.85,68980,69444,71246,GADM_08111983
12,0,5,8,1,1,0.85,75163,75572,77980,GADM_08111983
13,0,8,3,1,1,0.85,81346,81876,83646,GADM_08111983
14,0,5,6,1,1,0.85,86996,87460,89562,GADM_08111983
15,0,6,5,1,1,0.85,93562,93924,96145,GADM_08111983
16,0,5,8,1,1,0.85,99745,100244,102195,GADM_08111983
17,1,8,2,1,0,0.15,105478,105924,108295,GADM_08111983
18,1,8,7,1,0,0.15,111595,111924,113978,GADM_08111983
19,1,7,4,2,1,0.15,117978,118340,120328,GADM_08111983
20,1,5,2,2,1,0.15,123411,123780,126194,GADM_08111983
21,1,2,7,2,1,0.15,129511,130868,132427,GADM_08111983
22,1,4,6,2,1,0.15,135544,135875,137877,GADM_08111983
23,1,4,2,2,0,0.15,141777,142083,143960,GADM_08111983
24,1,7,8,2,0,0.15,147327,147827,150343,GADM_08111983
25,1,5,8,2,1,0.15,154343,155027,156876,GADM_08111983
26,1,2,5,2,1,0.15,160909,161347,163509,GADM_08111983
27,1,8,5,2,1,0.15,166842,167235,169692,GADM_08111983
28,1,4,8,2,1,0.15,173192,173523,175742,GADM_08111983
29,1,4,4,2,1,0.25,187042,187587,190025,GADM_08111983
30,1,5,2,2,1,0.25,194125,194435,196675,GADM_08111983
31,1,8,6,2,1,0.25,199808,200211,202458,GADM_08111983
32,1,3,8,2,1,0.25,205691,206083,207774,GADM_08111983
33,1,4,5,2,1,0.25,211074,211651,213590,GADM_08111983
34,1,3,7,2,1,0.25,216857,217187,219240,GADM_08111983
35,1,7,2,2,1,0.25,222473,223683,225707,GADM_08111983
36,1,7,4,2,1,0.25,229256,229523,231323,GADM_08111983
37,1,5,2,2,1,0.25,234556,234931,236673,GADM_08111983
38,1,5,4,2,1,0.25,240056,240531,242873,GADM_08111983
39,1,5,5,2,1,0.25,246039,246419,248772,GADM_08111983
40,1,7,5,2,1,0.25,252089,252755,254405,GADM_08111983
41,1,3,3,2,0,0.25,257722,258371,260638,GADM_08111983
42,1,4,6,1,0,0.25,263738,264163,266172,GADM_08111983
43,1,2,7,2,1,0.25,269488,269779,271421,GADM_08111983
44,1,7,5,2,0,0.25,275205,275538,277571,GADM_08111983
45,1,3,3,2,1,0.25,281354,281906,284137,GADM_08111983
46,1,3,8,2,0,0.25,287221,288306,289971,GADM_08111983
47,0,5,4,2,0,0.75,293437,294242,296104,GADM_08111983
48,0,4,7,1,1,0.75,299703,300018,302020,GADM_08111983
49,0,3,5,1,0,0.75,305953,306354,308103,GADM_08111983
50,0,6,5,2,1,0.75,311586,312002,314020,GADM_08111983
51,0,2,2,2,1,0.75,317253,317570,319819,GADM_08111983
52,0,5,7,2,0,0.75,323702,324642,326569,GADM_08111983
53,0,5,3,2,0,0.75,330319,331842,333402,GADM_08111983
54,0,5,4,1,1,0.75,337219,337618,340135,GADM_08111983
55,0,2,8,1,1,0.75,343518,343906,346068,GADM_08111983
56,0,8,7,1,0,0.75,349268,349730,351918,GADM_08111983
57,0,8,3,2,0,0.75,355818,356258,358734,GADM_08111983
58,0,2,3,1,1,0.75,361868,362546,364284,GADM_08111983
59,0,6,5,1,1,0.75,368101,368386,370550,GADM_08111983
60,0,3,4,2,1,0.15,380033,381042,383033,GADM_08111983
61,0,4,8,2,1,0.15,386666,387202,389716,GADM_08111983
62,0,4,4,2,1,0.15,393083,393618,395466,GADM_08111983
63,0,4,8,2,1,0.15,399499,400034,402432,GADM_08111983
64,0,2,8,2,1,0.15,405766,406194,407949,GADM_08111983
65,0,3,6,2,1,0.15,411365,412050,413699,GADM_08111983
66,0,7,2,1,0,0.15,417415,418545,420265,GADM_08111983
67,0,8,2,2,1,0.15,423865,424418,426531,GADM_08111983
68,0,5,3,2,1,0.15,429848,430785,433081,GADM_08111983
69,0,7,4,2,1,0.15,436581,437409,439481,GADM_08111983
70,0,3,5,2,1,0.15,442764,443329,444931,GADM_08111983
71,0,2,8,2,1,0.15,448281,448673,450564,GADM_08111983
72,0,3,4,2,0,0.15,454114,454513,456214,GADM_08111983
73,0,7,6,2,1,0.15,459363,460993,462880,GADM_08111983
74,0,7,8,2,1,0.15,466096,466673,469130,GADM_08111983
75,0,6,7,2,1,0.15,472196,472529,474129,GADM_08111983
76,1,5,8,2,0,0.85,477863,478161,480529,GADM_08111983
77,1,4,2,1,1,0.85,484512,486049,488062,GADM_08111983
78,1,3,5,1,1,0.85,491645,492017,494062,GADM_08111983
79,1,4,2,1,1,0.85,497295,497617,499962,GADM_08111983
80,1,6,8,2,0,0.85,503795,504353,505995,GADM_08111983
81,1,7,5,1,1,0.85,509228,509553,511594,GADM_08111983
82,1,5,5,1,1,0.85,515494,516049,518428,GADM_08111983
83,1,3,8,1,1,0.85,522261,522737,524311,GADM_08111983
84,1,3,8,1,1,0.85,527960,528017,530394,GADM_08111983
85,1,5,7,1,1,0.85,533494,534817,536943,GADM_08111983
86,1,5,4,1,1,0.85,540660,541137,543510,GADM_08111983
87,1,8,8,1,1,0.85,546676,546993,549126,GADM_08111983
88,1,2,3,2,0,0.75,560159,560736,562659,GADM_08111983
89,1,2,5,1,1,0.75,565976,566272,568459,GADM_08111983
90,1,5,8,1,1,0.75,572142,572304,574475,GADM_08111983
91,1,3,2,1,0,0.75,578508,578816,580525,GADM_08111983
92,1,5,7,1,1,0.75,583925,584320,586825,GADM_08111983
93,1,5,4,1,1,0.75,590891,591248,593708,GADM_08111983
94,1,5,8,1,1,0.75,597224,597536,599857,GADM_08111983
95,1,8,4,1,1,0.75,603391,603712,605574,GADM_08111983
96,1,6,5,1,0,0.75,609407,609920,611540,GADM_08111983
97,1,8,5,1,1,0.75,615357,615696,617290,GADM_08111983
98,1,5,3,1,0,0.75,621157,621520,623140,GADM_08111983
99,1,6,8,1,1,0.75,626440,626816,629323,GADM_08111983
100,1,3,6,1,0,0.75,633139,633472,635889,GADM_08111983
101,1,7,6,1,1,0.75,639056,639584,641739,GADM_08111983
102,1,7,3,1,1,0.75,645422,645680,647405,GADM_08111983
103,1,7,5,1,1,0.75,651072,653904,656188,GADM_08111983
104,0,4,7,1,0,0.25,659972,660384,662605,GADM_08111983
105,0,8,3,1,0,0.25,666421,666768,669054,GADM_08111983
106,0,8,7,1,0,0.25,672804,673120,674704,GADM_08111983
107,0,4,6,1,1,0.25,678121,678448,680271,GADM_08111983
108,0,5,6,1,0,0.25,683821,684176,686454,GADM_08111983
109,0,2,5,1,0,0.25,690054,690352,691970,GADM_08111983
110,0,6,5,1,0,0.25,695353,695727,697670,GADM_08111983
111,0,8,4,1,0,0.25,701120,701471,703036,GADM_08111983
112,0,2,7,2,0,0.25,706253,706591,708303,GADM_08111983
113,0,2,3,1,0,0.25,711503,711759,713886,GADM_08111983
114,0,7,5,2,1,0.25,717086,717375,719502,GADM_08111983
115,0,7,2,2,1,0.25,722986,723311,725402,GADM_08111983
1,0,6,3,1,1,0.15,8999,10109,11682,GAMY_03071978
2,0,7,4,1,0,0.15,15682,16925,19049,GAMY_03071978
3,0,2,7,1,0,0.15,22849,24076,26598,GAMY_03071978
4,0,4,8,2,1,0.15,29865,30588,32881,GAMY_03071978
5,0,6,5,2,1,0.15,36715,38108,39931,GAMY_03071978
6,0,3,5,2,1,0.15,43198,44236,46548,GAMY_03071978
7,0,8,3,2,1,0.15,49881,51964,53781,GAMY_03071978
8,0,8,2,2,1,0.15,56947,57820,59364,GAMY_03071978
9,0,8,6,2,1,0.15,62980,63500,65897,GAMY_03071978
10,0,6,8,2,0,0.15,69180,70300,72246,GAMY_03071978
11,0,5,2,2,0,0.15,76296,76796,78396,GAMY_03071978
12,0,6,7,1,0,0.15,81479,81868,83629,GAMY_03071978
13,0,5,2,2,1,0.15,87612,88860,90946,GAMY_03071978
14,0,2,8,2,1,0.15,94646,95148,96945,GAMY_03071978
15,0,2,3,2,1,0.15,100129,101068,102912,GAMY_03071978
16,0,4,4,2,1,0.15,106762,107356,109862,GAMY_03071978
17,0,3,5,2,0,0.15,113711,114652,117145,GAMY_03071978
18,1,5,5,2,0,0.85,120944,121884,123594,GAMY_03071978
19,1,2,7,1,1,0.85,127577,128268,130644,GAMY_03071978
20,1,5,3,1,1,0.85,134027,134908,136510,GAMY_03071978
21,1,4,4,1,0,0.85,140327,141388,142993,GAMY_03071978
22,1,5,4,2,0,0.85,146460,147164,149627,GAMY_03071978
23,1,8,2,1,0,0.85,153193,153884,155910,GAMY_03071978
24,1,4,6,2,0,0.85,159543,160220,161926,GAMY_03071978
25,1,7,5,2,0,0.85,165793,166523,168076,GAMY_03071978
26,1,5,2,2,0,0.85,171509,173083,175392,GAMY_03071978
27,1,5,3,2,0,0.85,179225,180123,182458,GAMY_03071978
28,1,5,7,1,0,0.85,185658,188987,190541,GAMY_03071978
29,1,8,8,1,1,0.85,193625,194715,196758,GAMY_03071978
30,1,8,7,2,0,0.85,200391,201003,203358,GAMY_03071978
31,1,4,3,1,1,0.85,206624,207691,210057,GAMY_03071978
32,1,6,2,1,1,0.85,213974,214587,216140,GAMY_03071978
33,1,4,5,1,1,0.85,220024,220763,223173,GAMY_03071978
34,1,7,3,1,1,0.85,226373,227115,229223,GAMY_03071978
35,1,4,3,1,0,0.25,242189,245403,247672,GAMY_03071978
36,1,4,2,1,0,0.25,251272,251963,254172,GAMY_03071978
37,1,8,8,2,1,0.25,258205,258923,261338,GAMY_03071978
38,1,2,2,2,1,0.25,264405,265707,267922,GAMY_03071978
39,1,3,3,2,0,0.25,271105,272459,274171,GAMY_03071978
40,1,3,7,1,1,0.25,277671,278603,281021,GAMY_03071978
41,1,3,3,1,0,0.25,284371,285723,287354,GAMY_03071978
42,1,5,7,2,1,0.25,290504,291035,293254,GAMY_03071978
43,1,6,8,2,1,0.25,296337,296955,299437,GAMY_03071978
44,1,8,5,2,0,0.25,303320,304123,306220,GAMY_03071978
45,1,8,5,1,0,0.25,309403,309940,311820,GAMY_03071978
46,1,8,5,1,0,0.25,315736,316426,318853,GAMY_03071978
47,1,2,7,2,1,0.25,321953,322698,324986,GAMY_03071978
48,1,8,3,2,0,0.25,328869,329578,331569,GAMY_03071978
49,1,6,6,2,1,0.25,334785,335594,337219,GAMY_03071978
50,1,6,8,2,1,0.25,340935,341290,343402,GAMY_03071978
51,1,4,5,2,1,0.25,347035,348026,350535,GAMY_03071978
52,1,8,6,2,0,0.25,353718,354682,356968,GAMY_03071978
53,1,3,5,2,0,0.25,360651,361258,362851,GAMY_03071978
54,1,4,2,1,1,0.25,366717,367146,368951,GAMY_03071978
55,0,3,7,1,1,0.75,372267,372858,374500,GAMY_03071978
56,0,2,6,2,1,0.75,378417,380474,382683,GAMY_03071978
57,0,5,3,1,1,0.75,386500,389818,392050,GAMY_03071978
58,0,4,4,1,1,0.75,396083,398298,399916,GAMY_03071978
59,0,8,7,1,0,0.75,403916,406970,408799,GAMY_03071978
60,0,4,7,1,1,0.75,412099,413162,415332,GAMY_03071978
61,0,5,7,2,1,0.75,418432,419690,421965,GAMY_03071978
62,0,2,5,2,0,0.75,425332,428154,429948,GAMY_03071978
63,0,8,2,1,1,0.75,433148,435802,437748,GAMY_03071978
64,0,4,3,1,1,0.75,440848,444202,446497,GAMY_03071978
65,0,2,8,2,0,0.75,450197,452010,453880,GAMY_03071978
66,0,7,7,2,0,0.75,457630,459482,461180,GAMY_03071978
67,0,7,3,1,0,0.25,475879,477113,479613,GAMY_03071978
68,0,5,8,1,1,0.25,483696,484761,486746,GAMY_03071978
69,0,7,5,2,1,0.25,490729,493097,495495,GAMY_03071978
70,0,8,5,1,0,0.25,499128,501673,503478,GAMY_03071978
71,0,8,6,1,0,0.25,506645,508105,510345,GAMY_03071978
72,0,2,3,2,0,0.25,514178,514713,516478,GAMY_03071978
73,0,6,7,1,0,0.25,520311,522665,524427,GAMY_03071978
74,0,7,7,2,1,0.25,528444,529145,530694,GAMY_03071978
75,0,6,4,2,0,0.25,534660,537593,539627,GAMY_03071978
76,0,5,2,1,0,0.25,542760,544713,546826,GAMY_03071978
77,0,4,8,2,1,0.25,549960,551849,554126,GAMY_03071978
78,0,7,6,2,0,0.25,558059,561929,564376,GAMY_03071978
79,0,8,8,2,1,0.25,567809,569465,571475,GAMY_03071978
80,0,2,4,1,0,0.25,575192,579625,581375,GAMY_03071978
81,0,6,3,1,0,0.25,585175,587305,589475,GAMY_03071978
82,0,4,6,2,1,0.25,593508,594249,596324,GAMY_03071978
83,0,7,8,2,1,0.25,600191,603113,604841,GAMY_03071978
84,0,3,5,2,1,0.25,608090,611800,613924,GAMY_03071978
85,0,7,4,1,0,0.25,617657,619592,621240,GAMY_03071978
86,0,2,6,2,1,0.25,625106,625960,628440,GAMY_03071978
87,0,6,4,1,0,0.25,632456,633976,636289,GAMY_03071978
88,1,2,3,2,0,0.75,639472,640680,642622,GAMY_03071978
89,1,4,6,2,0,0.75,645839,647240,648855,GAMY_03071978
90,1,7,7,1,1,0.75,652022,652680,655188,GAMY_03071978
91,1,8,4,1,1,0.75,659238,660312,662788,GAMY_03071978
92,1,7,3,1,1,0.75,666355,668136,670271,GAMY_03071978
93,1,7,4,1,0,0.75,673638,674376,676054,GAMY_03071978
94,1,3,2,2,0,0.75,679887,681128,682871,GAMY_03071978
95,1,4,2,1,0,0.75,686020,686600,688987,GAMY_03071978
96,1,5,8,1,1,0.75,692320,692712,694753,GAMY_03071978
97,1,4,6,1,1,0.75,697870,699144,701187,GAMY_03071978
98,1,8,3,1,1,0.75,704836,705432,707186,GAMY_03071978
99,1,3,7,1,1,0.75,710386,711448,713186,GAMY_03071978
100,1,4,2,1,1,0.75,716686,717128,718869,GAMY_03071978
101,1,8,4,2,1,0.75,722686,723240,725535,GAMY_03071978
102,0,6,6,2,0,0.85,741568,742199,744168,GAMY_03071978
103,0,5,2,1,1,0.85,747651,748152,750618,GAMY_03071978
104,0,6,4,1,1,0.85,754451,755223,757434,GAMY_03071978
105,0,4,5,1,1,0.85,761467,763191,764850,GAMY_03071978
106,0,2,4,1,0,0.85,768600,769703,772150,GAMY_03071978
107,0,3,5,2,0,0.85,776133,778039,779800,GAMY_03071978
108,0,3,2,1,1,0.85,783350,783815,785550,GAMY_03071978
109,0,5,4,1,1,0.85,789049,790199,791849,GAMY_03071978
110,0,4,8,1,1,0.85,795649,796935,798482,GAMY_03071978
111,0,5,2,1,1,0.85,802049,802919,804465,GAMY_03071978
112,0,7,5,1,1,0.85,807549,808871,810799,GAMY_03071978
113,0,5,6,1,1,0.85,814365,815143,817282,GAMY_03071978
114,0,4,5,1,1,0.85,820898,821543,823815,GAMY_03071978
115,0,3,5,1,1,0.85,826981,827975,829781,GAMY_03071978
116,0,6,4,1,0,0.85,833064,833815,835914,GAMY_03071978
117,0,3,7,2,1,0.85,839781,840711,842281,GAMY_03071978
118,0,6,6,2,0,0.85,845414,846071,848530,GAMY_03071978
119,1,8,7,2,1,0.15,851730,852503,854047,GAMY_03071978
120,1,6,5,2,0,0.15,857547,858567,860980,GAMY_03071978
121,1,4,7,2,1,0.15,864680,865175,867413,GAMY_03071978
122,1,5,8,2,1,0.15,871213,871959,874096,GAMY_03071978
123,1,2,2,2,0,0.15,877962,878871,880996,GAMY_03071978
124,1,5,7,1,0,0.15,884095,884967,886995,GAMY_03071978
125,1,6,4,2,1,0.15,890978,891735,893295,GAMY_03071978
126,1,7,3,2,1,0.15,896545,896983,899428,GAMY_03071978
127,1,4,2,2,1,0.15,903178,903926,905828,GAMY_03071978
128,1,7,4,2,1,0.15,909494,910550,912594,GAMY_03071978
129,1,5,2,2,1,0.15,916294,916982,919327,GAMY_03071978
130,1,6,6,2,1,0.15,922677,923782,926127,GAMY_03071978
131,1,3,3,2,1,0.15,929927,932310,934160,GAMY_03071978
132,1,8,2,2,1,0.15,938110,939206,941626,GAMY_03071978
1,0,8,8,2,0,0.75,59830,61291,63163,GAQJ_21061987
2,0,3,7,1,1,0.75,67147,68923,71463,GAQJ_21061987
3,0,4,3,1,1,0.75,75030,75067,77446,GAQJ_21061987
4,0,2,3,1,1,0.75,81063,81787,83429,GAQJ_21061987
5,0,8,2,1,0,0.75,87046,88299,90146,GAQJ_21061987
6,0,6,2,2,0,0.75,93495,99355,100962,GAQJ_21061987
7,0,7,3,1,1,0.75,104895,105867,107945,GAQJ_21061987
8,0,2,8,1,1,0.75,111145,112203,114378,GAQJ_21061987
9,0,6,3,1,1,0.75,117644,118523,120861,GAQJ_21061987
10,0,4,7,1,1,0.75,124061,125019,127327,GAQJ_21061987
11,0,4,3,1,0,0.75,131294,132027,133660,GAQJ_21061987
12,0,7,4,1,1,0.75,137094,143755,146193,GAQJ_21061987
13,0,7,7,1,1,0.75,149860,150907,153310,GAQJ_21061987
14,0,4,4,1,1,0.75,156709,157467,159826,GAQJ_21061987
15,0,2,7,1,1,0.75,162959,163771,166109,GAQJ_21061987
16,0,6,6,2,0,0.75,170092,175883,178325,GAQJ_21061987
17,0,2,5,1,1,0.75,182442,183403,185108,GAQJ_21061987
18,0,2,7,1,1,0.75,189225,190698,193174,GAQJ_21061987
19,0,8,7,1,1,0.75,196624,197658,200141,GAQJ_21061987
20,0,2,6,1,1,0.75,203724,204874,206891,GAQJ_21061987
21,0,3,8,1,1,0.75,210507,219722,221990,GAQJ_21061987
22,1,6,3,1,0,0.25,225206,226506,228556,GAQJ_21061987
23,1,3,3,1,0,0.25,231706,240026,242289,GAQJ_21061987
24,1,3,4,2,0,0.25,245939,246730,249005,GAQJ_21061987
25,1,3,8,2,1,0.25,252239,252842,255305,GAQJ_21061987
26,1,4,5,2,0,0.25,259072,259898,262038,GAQJ_21061987
27,1,3,5,2,1,0.25,266121,277034,279237,GAQJ_21061987
28,1,4,2,1,1,0.25,282987,283882,285937,GAQJ_21061987
29,1,3,3,2,0,0.25,289387,290282,291854,GAQJ_21061987
30,1,7,7,1,0,0.25,295337,296186,298387,GAQJ_21061987
31,1,7,4,2,1,0.25,302070,302810,305253,GAQJ_21061987
32,1,5,5,2,1,0.25,308503,309322,311386,GAQJ_21061987
33,1,7,5,2,1,0.25,315386,316090,318636,GAQJ_21061987
34,1,8,8,2,0,0.85,329302,331562,333635,GAQJ_21061987
35,1,7,8,1,1,0.85,337802,338442,340668,GAQJ_21061987
36,1,2,5,1,1,0.85,344468,352345,354518,GAQJ_21061987
37,1,4,4,1,1,0.85,358117,358985,360734,GAQJ_21061987
38,1,8,2,1,1,0.85,364717,376265,378117,GAQJ_21061987
39,1,7,4,1,1,0.85,382066,383481,385900,GAQJ_21061987
40,1,4,7,1,0,0.85,389333,391257,393249,GAQJ_21061987
41,1,8,4,1,1,0.85,397349,397993,399732,GAQJ_21061987
42,1,8,4,2,1,0.85,403582,404505,406349,GAQJ_21061987
43,1,3,7,1,1,0.85,410098,410857,412582,GAQJ_21061987
44,1,5,6,2,1,0.85,415815,416809,418415,GAQJ_21061987
45,1,7,2,1,1,0.85,422231,432729,434664,GAQJ_21061987
46,1,7,8,2,1,0.85,438364,439145,440980,GAQJ_21061987
47,1,4,3,1,1,0.85,444464,445033,447464,GAQJ_21061987
48,1,3,6,2,0,0.85,451513,452105,454430,GAQJ_21061987
49,1,7,5,1,1,0.85,457913,464793,466563,GAQJ_21061987
50,1,5,7,1,1,0.85,470013,470665,472679,GAQJ_21061987
51,1,7,5,1,1,0.85,476196,477113,479345,GAQJ_21061987
52,1,3,7,1,1,0.85,483295,489208,491762,GAQJ_21061987
53,1,6,6,1,1,0.85,495428,496472,498095,GAQJ_21061987
54,0,5,4,1,0,0.15,502128,503144,505244,GAQJ_21061987
55,0,7,3,2,1,0.15,508494,509512,511177,GAQJ_21061987
56,0,5,3,2,1,0.15,514511,515656,517660,GAQJ_21061987
57,0,7,8,2,1,0.15,521044,521720,523944,GAQJ_21061987
58,0,2,8,2,1,0.15,527577,528344,530527,GAQJ_21061987
59,0,3,2,2,1,0.15,534276,535160,537543,GAQJ_21061987
60,0,2,5,2,1,0.15,541243,542600,544409,GAQJ_21061987
61,0,4,4,2,1,0.15,547593,548536,550426,GAQJ_21061987
62,0,5,4,2,1,0.15,553926,554792,556642,GAQJ_21061987
63,0,2,2,2,1,0.15,560309,561320,563842,GAQJ_21061987
64,0,7,6,2,1,0.15,567792,568728,570342,GAQJ_21061987
65,0,3,6,2,0,0.15,574408,575240,577308,GAQJ_21061987
66,1,5,3,2,0,0.75,589074,591112,593191,GAQJ_21061987
67,1,5,5,1,1,0.75,597124,597848,600274,GAQJ_21061987
68,1,2,6,1,1,0.75,603873,608152,610106,GAQJ_21061987
69,1,3,6,1,1,0.75,613656,614328,616656,GAQJ_21061987
70,1,3,2,1,1,0.75,620506,621112,623039,GAQJ_21061987
71,1,2,3,1,1,0.75,627006,627656,629689,GAQJ_21061987
72,1,6,6,1,1,0.75,633705,634488,636639,GAQJ_21061987
73,1,8,3,1,1,0.75,639805,640999,643405,GAQJ_21061987
74,1,5,3,1,1,0.75,646538,647559,650021,GAQJ_21061987
75,1,6,8,1,0,0.75,653938,654711,656838,GAQJ_21061987
76,1,2,6,2,1,0.75,660088,662551,664654,GAQJ_21061987
77,1,7,4,2,0,0.75,668071,674551,676604,GAQJ_21061987
78,1,4,7,1,1,0.75,680003,681591,683637,GAQJ_21061987
79,1,3,3,1,1,0.75,687486,687959,689786,GAQJ_21061987
80,1,2,7,1,1,0.75,692920,693751,696253,GAQJ_21061987
81,1,8,5,1,1,0.75,700236,700743,702503,GAQJ_21061987
82,1,5,6,1,1,0.75,706102,706727,709019,GAQJ_21061987
83,0,5,3,1,0,0.25,713052,713575,715585,GAQJ_21061987
84,0,4,4,2,1,0.25,718735,724295,725902,GAQJ_21061987
85,0,7,7,2,0,0.25,729851,730839,732885,GAQJ_21061987
86,0,4,3,1,0,0.25,736784,738311,739918,GAQJ_21061987
87,0,7,3,1,0,0.25,743667,744135,746301,GAQJ_21061987
88,0,8,6,2,1,0.25,750350,751335,753534,GAQJ_21061987
89,0,2,2,2,0,0.25,756784,761495,763067,GAQJ_21061987
90,0,7,7,2,1,0.25,766550,767559,769250,GAQJ_21061987
91,0,7,7,1,0,0.25,772766,773191,775099,GAQJ_21061987
92,0,5,2,2,0,0.25,779049,779655,781649,GAQJ_21061987
93,0,2,8,1,0,0.25,785066,785703,787416,GAQJ_21061987
94,0,7,5,2,1,0.25,790682,791318,793432,GAQJ_21061987
95,0,6,3,2,0,0.25,797248,802518,805065,GAQJ_21061987
96,0,3,7,2,1,0.25,809115,809814,811814,GAQJ_21061987
97,0,3,8,1,0,0.25,815481,821398,823047,GAQJ_21061987
98,0,8,3,2,0,0.25,826331,832166,834447,GAQJ_21061987
99,0,7,5,2,1,0.25,838497,839478,841980,GAQJ_21061987
100,1,8,4,2,0,0.15,853729,880774,883161,GAQJ_21061987
101,1,6,8,1,0,0.15,886928,887334,888911,GAQJ_21061987
102,1,7,4,1,0,0.15,892578,896694,899094,GAQJ_21061987
103,1,7,5,2,1,0.15,903044,903542,905660,GAQJ_21061987
104,1,4,5,2,1,0.15,909294,909830,911943,GAQJ_21061987
105,1,3,2,2,1,0.15,915777,924646,927176,GAQJ_21061987
106,1,3,4,2,1,0.15,930793,931526,933193,GAQJ_21061987
107,1,4,8,2,1,0.15,936709,937365,939876,GAQJ_21061987
108,1,8,5,2,1,0.15,944009,944805,946642,GAQJ_21061987
109,1,2,2,2,1,0.15,950042,950853,952908,GAQJ_21061987
110,1,8,7,2,1,0.15,956708,957445,959275,GAQJ_21061987
111,1,3,2,2,1,0.15,962808,964181,965891,GAQJ_21061987
112,1,3,6,2,1,0.15,969541,970293,972358,GAQJ_21061987
113,1,7,3,2,1,0.15,976024,976549,978774,GAQJ_21061987
114,1,2,8,2,1,0.15,981940,982613,984724,GAQJ_21061987
115,1,2,3,2,1,0.15,988424,989221,991057,GAQJ_21061987
116,1,6,2,2,1,0.15,994890,995669,997540,GAQJ_21061987
117,0,5,2,2,0,0.85,1001506,1002373,1004740,GAQJ_21061987
118,0,7,5,2,0,0.85,1007923,1008757,1011256,GAQJ_21061987
119,0,7,3,1,1,0.85,1015122,1015573,1017339,GAQJ_21061987
120,0,2,6,1,1,0.85,1021372,1021957,1023705,GAQJ_21061987
121,0,2,6,1,1,0.85,1027688,1028517,1030388,GAQJ_21061987
122,0,7,2,1,1,0.85,1034038,1034613,1036521,GAQJ_21061987
123,0,5,7,1,1,0.85,1040388,1040917,1042521,GAQJ_21061987
124,0,6,8,1,1,0.85,1046504,1054741,1056921,GAQJ_21061987
125,0,5,6,1,1,0.85,1060720,1061221,1063687,GAQJ_21061987
126,0,2,3,1,1,0.85,1067320,1068245,1070453,GAQJ_21061987
127,0,2,4,1,1,0.85,1073587,1074293,1076053,GAQJ_21061987
128,0,4,8,1,1,0.85,1079636,1080148,1082586,GAQJ_21061987
1,1,5,2,1,0,0.15,4133,4571,6466,GISV_16041998
2,1,5,3,2,1,0.15,9749,10523,12599,GISV_16041998
3,1,3,2,2,1,0.15,16432,17643,20032,GISV_16041998
4,1,5,8,2,1,0.15,23098,24395,26232,GISV_16041998
5,1,4,2,2,1,0.15,29565,31307,32881,GISV_16041998
6,1,8,8,2,0,0.15,36615,37931,40031,GISV_16041998
7,1,7,2,2,1,0.15,43798,44811,46448,GISV_16041998
8,1,7,8,1,0,0.15,50281,51659,54114,GISV_16041998
9,1,7,6,2,1,0.15,58130,59195,61180,GISV_16041998
10,1,3,7,2,1,0.15,64980,66523,68197,GISV_16041998
11,1,2,8,1,1,0.15,72063,73819,76313,GISV_16041998
12,1,5,2,2,1,0.15,79529,80891,83079,GISV_16041998
13,1,2,2,2,1,0.15,86262,89643,92012,GISV_16041998
14,1,3,7,2,1,0.15,95545,97403,99895,GISV_16041998
15,1,4,3,1,0,0.15,103228,105275,107145,GISV_16041998
16,1,7,7,2,1,0.15,110845,111851,114111,GISV_16041998
17,1,6,4,2,1,0.15,118111,119963,122194,GISV_16041998
18,1,3,4,2,1,0.15,125461,126378,128777,GISV_16041998
19,1,6,5,1,1,0.15,132360,133898,135560,GISV_16041998
20,0,7,8,1,1,0.85,139610,140698,142893,GISV_16041998
21,0,4,6,2,0,0.85,146177,148650,151060,GISV_16041998
22,0,4,6,1,1,0.85,155109,155882,158043,GISV_16041998
23,0,3,4,1,1,0.85,161976,163178,165026,GISV_16041998
24,0,6,8,1,1,0.85,168292,169354,171375,GISV_16041998
25,0,3,2,1,1,0.85,174525,175306,177808,GISV_16041998
26,0,5,7,1,1,0.85,181175,181770,184025,GISV_16041998
27,0,5,4,1,1,0.85,187575,188570,190558,GISV_16041998
28,0,6,5,1,1,0.85,194458,195690,198124,GISV_16041998
29,0,3,7,1,1,0.85,202057,204586,206891,GISV_16041998
30,0,4,4,1,1,0.85,210840,211482,213974,GISV_16041998
31,0,2,2,2,0,0.85,217690,218362,220523,GISV_16041998
32,0,6,6,2,0,0.75,229290,229818,231439,GISV_16041998
33,0,8,7,1,1,0.75,234923,235850,237589,GISV_16041998
34,0,5,2,2,0,0.75,241372,242314,244022,GISV_16041998
35,0,5,3,1,1,0.75,247989,248666,250322,GISV_16041998
36,0,6,7,1,1,0.75,253955,255642,257855,GISV_16041998
37,0,8,5,2,1,0.75,261105,262650,265105,GISV_16041998
38,0,7,6,1,1,0.75,268355,268905,271321,GISV_16041998
39,0,5,4,1,1,0.75,275204,276201,278454,GISV_16041998
40,0,2,5,1,1,0.75,281837,282777,285120,GISV_16041998
41,0,6,3,1,1,0.75,288470,289177,291087,GISV_16041998
42,0,6,2,1,1,0.75,294503,295097,296937,GISV_16041998
43,0,5,2,2,0,0.75,300520,301321,303286,GISV_16041998
44,0,7,7,1,1,0.75,306770,307417,309186,GISV_16041998
45,0,2,2,1,0,0.75,312936,313401,315336,GISV_16041998
46,0,8,4,1,1,0.75,318819,319673,322186,GISV_16041998
47,0,2,2,1,1,0.75,326102,326745,328569,GISV_16041998
48,1,6,2,2,1,0.25,332085,332633,334385,GISV_16041998
49,1,4,5,1,0,0.25,337901,338233,340351,GISV_16041998
50,1,3,5,2,1,0.25,344235,344697,347168,GISV_16041998
51,1,3,4,1,0,0.25,350351,351161,353317,GISV_16041998
52,1,2,8,1,0,0.25,356901,357497,359701,GISV_16041998
53,1,2,3,2,0,0.25,363150,363641,365500,GISV_16041998
54,1,2,3,1,1,0.25,368850,369241,370833,GISV_16041998
55,1,3,5,1,1,0.25,374567,375097,376683,GISV_16041998
56,1,5,4,1,1,0.25,380516,381033,383250,GISV_16041998
57,1,5,4,1,0,0.25,386883,387401,389033,GISV_16041998
58,1,2,5,2,0,0.25,392949,393433,394999,GISV_16041998
59,1,2,8,1,0,0.25,398415,398969,400632,GISV_16041998
60,1,3,3,2,1,0.25,403899,404425,406932,GISV_16041998
61,1,2,7,1,0,0.25,410915,411465,413448,GISV_16041998
62,1,3,3,1,0,0.25,416815,417496,419931,GISV_16041998
63,1,3,2,1,1,0.25,423531,424248,426114,GISV_16041998
64,0,6,6,2,1,0.15,433897,434680,436814,GISV_16041998
65,0,7,4,1,0,0.15,440797,441464,443797,GISV_16041998
66,0,4,7,1,0,0.15,447147,449016,450830,GISV_16041998
67,0,4,7,2,1,0.15,453946,455016,457230,GISV_16041998
68,0,2,3,2,1,0.15,460979,461960,464246,GISV_16041998
69,0,6,7,2,1,0.15,467596,469112,471129,GISV_16041998
70,0,7,5,2,0,0.15,474479,475352,477445,GISV_16041998
71,0,5,7,2,1,0.15,481495,482712,485195,GISV_16041998
72,0,5,7,2,1,0.15,489012,490040,492028,GISV_16041998
73,0,7,6,2,1,0.15,495578,497928,499811,GISV_16041998
74,0,8,4,2,1,0.15,503244,504712,506827,GISV_16041998
75,0,8,6,2,1,0.15,510544,511992,514110,GISV_16041998
76,0,8,7,2,0,0.15,518010,518904,521443,GISV_16041998
77,0,3,2,2,0,0.15,524827,525848,527860,GISV_16041998
78,0,5,5,2,1,0.15,531176,532632,534160,GISV_16041998
79,0,8,3,1,1,0.15,537326,538232,539809,GISV_16041998
80,1,3,2,1,0,0.85,543309,544088,545676,GISV_16041998
81,1,3,2,2,0,0.85,549009,549927,551475,GISV_16041998
82,1,6,7,1,1,0.85,554909,555751,557859,GISV_16041998
83,1,3,3,2,0,0.85,561692,562935,564625,GISV_16041998
84,1,5,8,2,1,0.85,567825,568775,570475,GISV_16041998
85,1,8,5,2,1,0.85,573858,575191,577174,GISV_16041998
86,1,5,4,2,1,0.85,580524,581447,583374,GISV_16041998
87,1,3,7,2,0,0.85,587291,588375,590424,GISV_16041998
88,1,6,2,1,1,0.85,593990,594855,596624,GISV_16041998
89,1,6,7,1,0,0.85,599690,601015,603223,GISV_16041998
90,1,3,2,2,0,0.85,606773,607335,609090,GISV_16041998
91,1,7,2,2,0,0.85,612156,612887,615056,GISV_16041998
92,1,5,5,1,0,0.75,622822,623463,625639,GISV_16041998
93,1,6,5,2,0,0.75,629505,630103,632522,GISV_16041998
94,1,6,7,1,1,0.75,636338,636839,638722,GISV_16041998
95,1,8,3,2,1,0.75,642722,643543,645171,GISV_16041998
96,1,7,8,1,0,0.75,648821,650327,652554,GISV_16041998
97,1,2,5,1,1,0.75,655671,657095,659421,GISV_16041998
98,1,2,8,2,0,0.75,663237,664359,666020,GISV_16041998
99,1,5,6,2,1,0.75,669087,670215,672237,GISV_16041998
100,1,6,3,2,0,0.75,675503,676727,678653,GISV_16041998
101,1,8,6,1,0,0.75,682686,683255,685153,GISV_16041998
102,1,3,5,1,1,0.75,688803,689414,691186,GISV_16041998
103,1,6,3,1,1,0.75,694669,695670,697586,GISV_16041998
104,1,7,3,1,1,0.75,701636,702358,704435,GISV_16041998
105,1,4,6,1,1,0.75,707652,708246,710485,GISV_16041998
106,1,6,3,1,1,0.75,714385,715414,717602,GISV_16041998
107,1,8,7,1,1,0.75,721451,721974,723951,GISV_16041998
108,1,2,8,2,0,0.75,727068,727750,729351,GISV_16041998
109,1,7,7,1,0,0.75,732784,733510,735917,GISV_16041998
110,1,7,8,2,0,0.75,739451,739942,742384,GISV_16041998
111,1,7,8,1,1,0.75,746167,746790,748500,GISV_16041998
112,1,2,6,1,0,0.75,751817,752406,754283,GISV_16041998
113,0,8,4,1,0,0.25,758183,758950,761300,GISV_16041998
114,0,4,6,2,1,0.25,764650,765270,767083,GISV_16041998
115,0,3,5,1,1,0.25,770583,771254,773732,GISV_16041998
116,0,6,3,1,0,0.25,777216,779718,781982,GISV_16041998
117,0,3,4,1,0,0.25,785482,787142,789348,GISV_16041998
118,0,8,7,1,0,0.25,792598,793526,795998,GISV_16041998
119,0,3,7,1,1,0.25,799665,800326,802615,GISV_16041998
120,0,2,3,1,1,0.25,806414,807126,809564,GISV_16041998
121,0,5,7,2,0,0.25,813031,813750,816264,GISV_16041998
122,0,3,8,1,0,0.25,819780,820374,822214,GISV_16041998
123,0,4,4,2,1,0.25,825914,826566,828780,GISV_16041998
124,0,3,5,2,0,0.25,831897,832870,835113,GISV_16041998
125,0,3,6,2,1,0.25,838580,839365,841879,GISV_16041998
1,0,3,7,2,1,0.75,6116,7008,9216,GJBA_03051990
2,0,3,6,2,1,0.75,13232,15280,16849,GJBA_03051990
3,0,5,6,2,1,0.75,20265,21648,23348,GJBA_03051990
4,0,4,3,1,1,0.75,26648,29264,31498,GJBA_03051990
5,0,4,4,1,1,0.75,34781,36128,38448,GJBA_03051990
6,0,6,7,2,1,0.75,41998,42864,45181,GJBA_03051990
7,0,8,8,2,0,0.75,48547,49536,51847,GJBA_03051990
8,0,3,5,2,0,0.75,55580,57056,58947,GJBA_03051990
9,0,8,3,1,0,0.75,62347,63488,65297,GJBA_03051990
10,0,3,2,1,0,0.75,68647,69568,71146,GJBA_03051990
11,0,3,2,1,0,0.75,74963,75792,78096,GJBA_03051990
12,0,5,6,2,0,0.75,81746,82560,84312,GJBA_03051990
13,0,5,5,2,0,0.75,87796,88416,90029,GJBA_03051990
14,0,8,8,2,0,0.75,93679,94576,96895,GJBA_03051990
15,0,2,7,2,0,0.75,100612,101600,103295,GJBA_03051990
16,0,6,5,2,0,0.75,106445,107312,109095,GJBA_03051990
17,1,4,2,1,1,0.25,112795,113807,115694,GJBA_03051990
18,1,3,6,1,1,0.25,119444,121567,123761,GJBA_03051990
19,1,8,3,1,0,0.25,126844,128031,130027,GJBA_03051990
20,1,6,7,1,1,0.25,133077,134591,136244,GJBA_03051990
21,1,5,2,2,1,0.25,139310,141503,143360,GJBA_03051990
22,1,6,4,1,0,0.25,147326,148527,150243,GJBA_03051990
23,1,7,3,1,1,0.25,153376,154335,155943,GJBA_03051990
24,1,8,2,1,0,0.25,159493,160879,162909,GJBA_03051990
25,1,4,5,2,1,0.25,166892,167743,169709,GJBA_03051990
26,1,3,7,2,1,0.25,173409,174351,175875,GJBA_03051990
27,1,5,5,2,1,0.25,179042,180271,182508,GJBA_03051990
28,1,5,3,1,0,0.25,185875,186975,188558,GJBA_03051990
29,1,4,7,2,1,0.25,192558,193391,195508,GJBA_03051990
30,1,8,2,2,0,0.25,198858,200079,202007,GJBA_03051990
31,1,8,3,1,0,0.15,208724,209295,211557,GJBA_03051990
32,1,7,8,2,1,0.15,214673,215311,217740,GJBA_03051990
33,1,7,8,2,1,0.15,221007,221759,224073,GJBA_03051990
34,1,7,2,1,0,0.15,227423,228735,230389,GJBA_03051990
35,1,8,8,1,0,0.15,234139,234767,236939,GJBA_03051990
36,1,4,5,2,1,0.15,240306,241535,243272,GJBA_03051990
37,1,2,6,2,1,0.15,247039,248255,250489,GJBA_03051990
38,1,7,7,2,1,0.15,253705,254558,256672,GJBA_03051990
39,1,8,2,1,0,0.15,259722,260718,262505,GJBA_03051990
40,1,6,6,2,1,0.15,265555,266270,267921,GJBA_03051990
41,1,4,5,2,0,0.15,271554,272366,274021,GJBA_03051990
42,1,5,3,1,0,0.15,278021,278814,280437,GJBA_03051990
43,1,3,8,2,1,0.15,283787,284510,287020,GJBA_03051990
44,1,3,3,2,1,0.15,290454,291182,293303,GJBA_03051990
45,1,3,6,2,1,0.15,296953,298238,300520,GJBA_03051990
46,1,7,2,2,0,0.15,303820,304318,306736,GJBA_03051990
47,1,3,6,1,1,0.15,310753,311582,313319,GJBA_03051990
48,1,3,7,1,0,0.15,316902,317630,319719,GJBA_03051990
49,1,2,8,2,1,0.15,323602,324542,326602,GJBA_03051990
50,0,6,6,2,0,0.85,329885,330494,332735,GJBA_03051990
51,0,7,2,1,1,0.85,336301,336798,338935,GJBA_03051990
52,0,5,3,2,0,0.85,342301,343710,345601,GJBA_03051990
53,0,6,3,1,1,0.85,349118,349806,352317,GJBA_03051990
54,0,3,2,1,0,0.85,356384,357278,359317,GJBA_03051990
55,0,7,5,2,0,0.85,363350,364158,366284,GJBA_03051990
56,0,6,6,1,1,0.85,369400,370110,372400,GJBA_03051990
57,0,6,2,1,0,0.85,375600,376494,378850,GJBA_03051990
58,0,2,5,2,0,0.85,382599,383598,386016,GJBA_03051990
59,0,5,8,2,0,0.85,389416,390014,392516,GJBA_03051990
60,0,5,3,1,1,0.85,396416,397085,399299,GJBA_03051990
61,0,4,2,1,1,0.85,403332,404845,406982,GJBA_03051990
62,1,8,4,1,1,0.75,415065,415693,418015,GJBA_03051990
63,1,4,8,2,0,0.75,421514,422093,423914,GJBA_03051990
64,1,8,5,1,1,0.75,427514,428253,429914,GJBA_03051990
65,1,2,6,1,0,0.75,433764,435229,436880,GJBA_03051990
66,1,6,8,2,0,0.75,439964,440845,442430,GJBA_03051990
67,1,3,6,2,0,0.75,446113,447149,449430,GJBA_03051990
68,1,3,8,2,1,0.75,452796,453517,455480,GJBA_03051990
69,1,7,4,1,1,0.75,458763,459485,461163,GJBA_03051990
70,1,5,7,2,0,0.75,464413,465053,467112,GJBA_03051990
71,1,2,2,1,1,0.75,470479,471181,473179,GJBA_03051990
72,1,4,5,1,1,0.75,477162,478365,480745,GJBA_03051990
73,1,4,4,1,1,0.75,483978,485037,487062,GJBA_03051990
74,1,3,5,2,0,0.75,490495,491853,494178,GJBA_03051990
75,1,8,4,1,1,0.75,497894,498605,500278,GJBA_03051990
76,1,3,8,2,0,0.75,503661,504157,506194,GJBA_03051990
77,1,7,6,1,0,0.75,509827,510669,512777,GJBA_03051990
78,1,2,7,2,0,0.75,516694,517309,518994,GJBA_03051990
79,1,5,8,2,1,0.75,522977,523533,525377,GJBA_03051990
80,1,3,5,2,1,0.75,529360,530684,532276,GJBA_03051990
81,0,3,4,1,0,0.25,535859,536892,539309,GJBA_03051990
82,0,3,3,1,0,0.25,542859,544060,546342,GJBA_03051990
83,0,2,6,2,0,0.25,549626,550268,552275,GJBA_03051990
84,0,2,6,2,0,0.25,555625,556860,558425,GJBA_03051990
85,0,2,6,2,1,0.25,561492,562076,564508,GJBA_03051990
86,0,4,7,2,1,0.25,568175,568860,570391,GJBA_03051990
87,0,7,4,1,0,0.25,574341,574956,577358,GJBA_03051990
88,0,7,7,2,0,0.25,580824,581244,582774,GJBA_03051990
89,0,2,8,2,1,0.25,586774,587324,588974,GJBA_03051990
90,0,3,5,2,1,0.25,593007,593996,595757,GJBA_03051990
91,0,6,4,2,1,0.25,599157,600588,602340,GJBA_03051990
92,0,6,7,2,1,0.25,605490,606268,608706,GJBA_03051990
93,0,2,4,2,0,0.15,617139,617644,619339,GJBA_03051990
94,0,4,3,1,0,0.15,622906,623260,625089,GJBA_03051990
95,0,6,3,1,0,0.15,628922,629516,631872,GJBA_03051990
96,0,7,7,1,0,0.15,635605,636588,638138,GJBA_03051990
97,0,3,2,1,0,0.15,641455,642252,644138,GJBA_03051990
98,0,2,8,2,1,0.15,647571,648332,650004,GJBA_03051990
99,0,6,4,1,0,0.15,653588,654124,656121,GJBA_03051990
100,0,2,3,1,0,0.15,660154,661196,663071,GJBA_03051990
101,0,8,8,1,0,0.15,666187,667260,669187,GJBA_03051990
102,0,5,5,1,0,0.15,672720,673643,675653,GJBA_03051990
103,0,4,8,2,0,0.15,678903,679995,682053,GJBA_03051990
104,0,7,7,1,1,0.15,685536,686491,688686,GJBA_03051990
105,0,4,7,1,0,0.15,692219,693611,695536,GJBA_03051990
106,0,7,5,1,0,0.15,699236,699819,701802,GJBA_03051990
107,0,2,3,2,1,0.15,705235,706443,708269,GJBA_03051990
108,0,2,8,1,0,0.15,711868,712811,715235,GJBA_03051990
109,1,5,7,2,0,0.85,719168,719707,722118,GJBA_03051990
110,1,3,3,1,0,0.85,726118,726683,728718,GJBA_03051990
111,1,6,3,1,1,0.85,732168,732827,734901,GJBA_03051990
112,1,8,6,1,1,0.85,738517,740299,742634,GJBA_03051990
113,1,5,2,1,0,0.85,746500,747611,750133,GJBA_03051990
114,1,2,8,2,1,0.85,753867,754427,756833,GJBA_03051990
115,1,3,4,2,0,0.85,760250,761851,763433,GJBA_03051990
116,1,6,5,1,1,0.85,767199,768075,769799,GJBA_03051990
117,1,4,3,1,1,0.85,772882,774027,775716,GJBA_03051990
118,1,2,5,1,0,0.85,779699,780347,782532,GJBA_03051990
119,1,6,5,1,1,0.85,786415,787435,789865,GJBA_03051990
120,1,7,8,1,1,0.85,793548,795387,797898,GJBA_03051990
121,1,4,4,1,0,0.85,801731,802635,804381,GJBA_03051990
122,1,2,8,2,0,0.85,808198,809259,810997,GJBA_03051990
1,1,7,7,1,1,0.75,9232,11051,13332,GJHP_15061979
2,1,5,7,1,0,0.75,17082,19675,21965,GJHP_15061979
3,1,3,3,1,1,0.75,25865,26955,29148,GJHP_15061979
4,1,7,7,1,1,0.75,32998,34139,36081,GJHP_15061979
5,1,3,7,1,0,0.75,39981,42395,44381,GJHP_15061979
6,1,4,7,1,1,0.75,47797,48715,50997,GJHP_15061979
7,1,7,8,1,1,0.75,55014,55819,57797,GJHP_15061979
8,1,6,7,1,1,0.75,61097,62091,63830,GJHP_15061979
9,1,3,7,1,1,0.75,67780,70491,72513,GJHP_15061979
10,1,7,8,1,1,0.75,75880,77227,78813,GJHP_15061979
11,1,7,8,1,1,0.75,82113,83067,85246,GJHP_15061979
12,1,7,2,1,0,0.75,88762,90939,93146,GJHP_15061979
13,1,3,7,1,1,0.75,96412,97131,99329,GJHP_15061979
14,1,6,3,1,0,0.75,102595,103275,105728,GJHP_15061979
15,1,2,2,1,0,0.75,108945,109771,112011,GJHP_15061979
16,1,6,2,1,1,0.75,115078,117595,119744,GJHP_15061979
17,0,4,2,1,0,0.25,123578,128298,130744,GJHP_15061979
18,0,5,5,2,0,0.25,134777,136330,138760,GJHP_15061979
19,0,7,8,2,0,0.25,141860,144010,146227,GJHP_15061979
20,0,3,7,1,0,0.25,150126,152618,154760,GJHP_15061979
21,0,6,5,1,0,0.25,158776,159402,161009,GJHP_15061979
22,0,3,8,1,1,0.25,164226,164890,167342,GJHP_15061979
23,0,8,3,1,1,0.25,170692,171546,173509,GJHP_15061979
24,0,5,6,1,0,0.25,177509,178074,180125,GJHP_15061979
25,0,4,3,1,0,0.25,183592,185866,187808,GJHP_15061979
26,0,7,8,1,0,0.25,190925,192090,194141,GJHP_15061979
27,0,6,3,2,1,0.25,197391,197994,199708,GJHP_15061979
28,0,4,7,2,1,0.25,203258,205722,207691,GJHP_15061979
29,1,7,5,2,1,0.15,220357,221450,223423,GJHP_15061979
30,1,3,8,2,0,0.15,227173,228250,229923,GJHP_15061979
31,1,7,2,2,1,0.15,233273,234106,236306,GJHP_15061979
32,1,6,8,2,0,0.15,240306,241786,244306,GJHP_15061979
33,1,6,4,2,1,0.15,248106,248746,251239,GJHP_15061979
34,1,2,3,2,1,0.15,255139,256250,258705,GJHP_15061979
35,1,7,7,2,1,0.15,262438,263417,265522,GJHP_15061979
36,1,2,4,2,1,0.15,268621,269545,271338,GJHP_15061979
37,1,3,2,2,1,0.15,274438,275209,276771,GJHP_15061979
38,1,5,6,2,1,0.15,280104,280889,282488,GJHP_15061979
39,1,7,3,2,1,0.15,285737,287737,289337,GJHP_15061979
40,1,6,7,2,1,0.15,292937,293977,296504,GJHP_15061979
41,1,6,7,2,1,0.15,299953,300841,302470,GJHP_15061979
42,1,6,8,2,0,0.15,306253,306905,308803,GJHP_15061979
43,1,7,5,2,1,0.15,312070,312729,314386,GJHP_15061979
44,1,4,7,2,1,0.15,317903,319017,320853,GJHP_15061979
45,0,8,3,2,0,0.85,324886,325705,327769,GJHP_15061979
46,0,3,2,2,0,0.85,331069,331881,333435,GJHP_15061979
47,0,6,6,2,0,0.85,336585,337417,339718,GJHP_15061979
48,0,5,7,1,1,0.85,343152,344809,346901,GJHP_15061979
49,0,2,8,1,1,0.85,350351,350969,353368,GJHP_15061979
50,0,4,6,1,1,0.85,357384,358297,360518,GJHP_15061979
51,0,3,8,1,1,0.85,364051,365353,367867,GJHP_15061979
52,0,5,3,1,0,0.85,371017,372761,375217,GJHP_15061979
53,0,4,6,1,1,0.85,378767,379817,382217,GJHP_15061979
54,0,4,6,1,1,0.85,385733,386489,388316,GJHP_15061979
55,0,4,7,1,1,0.85,391549,394073,395716,GJHP_15061979
56,0,6,2,1,1,0.85,399333,400473,402066,GJHP_15061979
57,0,4,6,1,0,0.85,405499,406536,408632,GJHP_15061979
58,0,8,5,1,0,0.85,412432,414184,416165,GJHP_15061979
59,0,8,8,1,0,0.85,419332,420264,422632,GJHP_15061979
60,0,7,3,2,0,0.85,425948,426632,428615,GJHP_15061979
61,0,2,5,2,0,0.85,432448,433432,435498,GJHP_15061979
62,1,5,6,1,0,0.25,450847,455240,457030,GJHP_15061979
63,1,7,7,1,0,0.25,460580,461432,463846,GJHP_15061979
64,1,8,5,2,1,0.25,467246,467880,470180,GJHP_15061979
65,1,8,4,2,1,0.25,473813,474696,476329,GJHP_15061979
66,1,7,7,2,0,0.25,479779,480296,482562,GJHP_15061979
67,1,6,6,2,1,0.25,486129,486328,488579,GJHP_15061979
68,1,2,2,2,1,0.25,492395,493528,495312,GJHP_15061979
69,1,3,7,2,1,0.25,498395,498984,501028,GJHP_15061979
70,1,5,7,2,0,0.25,504761,505448,507928,GJHP_15061979
71,1,3,5,2,0,0.25,511711,512200,514094,GJHP_15061979
72,1,4,4,1,0,0.25,517994,518360,520694,GJHP_15061979
73,1,2,3,2,1,0.25,524144,524728,526610,GJHP_15061979
74,1,7,3,2,1,0.25,530544,531128,532710,GJHP_15061979
75,1,8,2,2,1,0.25,535977,536600,538593,GJHP_15061979
76,1,4,5,2,1,0.25,542360,542920,544960,GJHP_15061979
77,1,7,4,2,1,0.25,548960,549544,551393,GJHP_15061979
78,1,3,2,2,1,0.25,554926,555623,557376,GJHP_15061979
79,1,3,8,2,0,0.25,560826,561495,563042,GJHP_15061979
80,0,4,5,2,0,0.75,566392,566871,568509,GJHP_15061979
81,0,7,4,2,1,0.75,572092,572599,574975,GJHP_15061979
82,0,2,2,2,0,0.75,578808,579415,581808,GJHP_15061979
83,0,8,7,2,1,0.75,585841,586263,588325,GJHP_15061979
84,0,7,7,2,0,0.75,592141,592599,594174,GJHP_15061979
85,0,6,8,2,1,0.75,597807,598279,600457,GJHP_15061979
86,0,5,5,2,0,0.75,603841,604791,606574,GJHP_15061979
87,0,3,5,2,0,0.75,610357,610999,613190,GJHP_15061979
88,0,8,6,2,0,0.75,616290,616855,618890,GJHP_15061979
89,0,5,4,1,1,0.75,622690,624247,626473,GJHP_15061979
90,0,2,5,2,0,0.75,630139,630759,633006,GJHP_15061979
91,0,7,8,1,1,0.75,636173,637895,640206,GJHP_15061979
92,0,5,4,1,1,0.75,644239,645287,647222,GJHP_15061979
93,0,4,8,1,0,0.15,657888,659079,660921,GJHP_15061979
94,0,3,2,1,0,0.15,664921,665767,667338,GJHP_15061979
95,0,3,6,2,1,0.15,670888,671351,673188,GJHP_15061979
96,0,5,8,2,1,0.15,676771,677255,679304,GJHP_15061979
97,0,2,7,2,1,0.15,682704,684935,687254,GJHP_15061979
98,0,7,6,2,1,0.15,690970,691783,693637,GJHP_15061979
99,0,4,6,2,1,0.15,696803,697462,699603,GJHP_15061979
100,0,5,6,2,1,0.15,702836,703430,705203,GJHP_15061979
101,0,2,4,2,0,0.15,708953,709414,711003,GJHP_15061979
102,0,2,5,2,1,0.15,714903,715574,717402,GJHP_15061979
103,0,8,2,2,1,0.15,720469,721046,722719,GJHP_15061979
104,0,2,3,1,0,0.15,725852,727302,729535,GJHP_15061979
105,0,8,4,2,1,0.15,733452,733878,736168,GJHP_15061979
106,0,5,8,2,1,0.15,739901,740598,742418,GJHP_15061979
107,0,6,5,2,1,0.15,745968,746630,748218,GJHP_15061979
108,0,7,5,2,1,0.15,752001,752694,754251,GJHP_15061979
109,0,4,2,2,1,0.15,758184,758630,760551,GJHP_15061979
110,0,8,6,2,1,0.15,764550,765622,767184,GJHP_15061979
111,0,6,8,2,0,0.15,770617,771750,774083,GJHP_15061979
112,0,5,4,2,1,0.15,777600,778166,780350,GJHP_15061979
113,1,7,6,2,0,0.85,783650,784102,785949,GJHP_15061979
114,1,3,2,2,0,0.85,789966,790502,792483,GJHP_15061979
115,1,4,2,2,0,0.85,795632,796102,797866,GJHP_15061979
116,1,3,8,1,1,0.85,801649,802758,805215,GJHP_15061979
117,1,4,2,1,1,0.85,808315,809126,811082,GJHP_15061979
118,1,6,7,1,1,0.85,815082,815990,818298,GJHP_15061979
119,1,6,8,1,1,0.85,821981,823062,825164,GJHP_15061979
120,1,8,2,1,1,0.85,828631,829590,831198,GJHP_15061979
121,1,2,5,1,1,0.85,834681,835302,837481,GJHP_15061979
122,1,6,4,1,1,0.85,841180,842150,843880,GJHP_15061979
123,1,7,7,1,1,0.85,847347,849045,850880,GJHP_15061979
124,1,2,5,1,1,0.85,853947,855045,856647,GJHP_15061979
125,1,8,7,1,1,0.85,860430,861077,863096,GJHP_15061979
1,0,5,4,2,1,0.25,7899,9850,11849,GRCN_21111979
2,0,4,3,2,0,0.25,15249,15883,17699,GRCN_21111979
3,0,7,3,2,0,0.25,21682,22412,24448,GRCN_21111979
4,0,4,3,1,0,0.25,27632,28061,29848,GRCN_21111979
5,0,5,7,2,1,0.25,33765,37087,38798,GRCN_21111979
6,0,5,7,2,0,0.25,42848,43600,45198,GRCN_21111979
7,0,8,7,1,0,0.25,49264,49585,51964,GRCN_21111979
8,0,5,2,1,0,0.25,56014,56642,58997,GRCN_21111979
9,0,2,4,2,1,0.25,62180,63523,65813,GRCN_21111979
10,0,7,5,2,1,0.25,69563,70580,72846,GRCN_21111979
11,0,4,8,2,0,0.25,76163,76789,78646,GRCN_21111979
12,0,6,8,1,1,0.25,82546,82534,84679,GRCN_21111979
13,0,7,4,1,0,0.25,88346,89447,91946,GRCN_21111979
14,0,2,5,2,0,0.25,95429,96248,98245,GRCN_21111979
15,0,3,8,2,0,0.25,102295,102601,104928,GRCN_21111979
16,0,3,7,1,1,0.25,108245,109226,111611,GRCN_21111979
17,0,4,3,1,1,0.25,114778,115115,117394,GRCN_21111979
18,1,7,5,1,1,0.75,120844,123212,125477,GRCN_21111979
19,1,7,6,1,1,0.75,129344,129805,131960,GRCN_21111979
20,1,2,5,1,1,0.75,135544,136382,138260,GRCN_21111979
21,1,8,6,1,1,0.75,142210,142671,144560,GRCN_21111979
22,1,4,7,1,1,0.75,147843,148192,149743,GRCN_21111979
23,1,4,2,1,1,0.75,153576,154721,157176,GRCN_21111979
24,1,3,8,1,1,0.75,160626,161266,162859,GRCN_21111979
25,1,7,6,1,1,0.75,165959,166675,168642,GRCN_21111979
26,1,6,8,1,1,0.75,172409,172788,174609,GRCN_21111979
27,1,8,8,1,1,0.75,177875,178293,180742,GRCN_21111979
28,1,6,5,1,0,0.75,183958,184774,187258,GRCN_21111979
29,1,7,6,1,1,0.75,191141,191415,193708,GRCN_21111979
30,0,8,2,1,1,0.85,202841,203833,206157,GRCN_21111979
31,0,8,4,1,0,0.85,209307,209786,212240,GRCN_21111979
32,0,6,5,1,1,0.85,215474,217115,219540,GRCN_21111979
33,0,5,8,1,1,0.85,222640,223436,225690,GRCN_21111979
34,0,6,2,1,1,0.85,229556,229917,231523,GRCN_21111979
35,0,5,8,1,1,0.85,234656,235662,237223,GRCN_21111979
36,0,7,5,1,0,0.85,240839,241663,244172,GRCN_21111979
37,0,2,3,1,1,0.85,247855,248192,250189,GRCN_21111979
38,0,6,3,1,0,0.85,253905,254257,256188,GRCN_21111979
39,0,2,4,2,0,0.85,259905,260834,263055,GRCN_21111979
40,0,2,8,2,0,0.85,266405,266674,268821,GRCN_21111979
41,0,3,2,1,0,0.85,272604,272979,274754,GRCN_21111979
42,0,2,6,1,1,0.85,278504,278868,281354,GRCN_21111979
43,0,6,6,1,1,0.85,285087,285701,287487,GRCN_21111979
44,0,6,8,1,1,0.85,290804,291542,293720,GRCN_21111979
45,0,4,4,1,1,0.85,297153,297767,299887,GRCN_21111979
46,0,3,2,1,1,0.85,303336,303992,306453,GRCN_21111979
47,0,5,7,1,0,0.85,310353,311417,313886,GRCN_21111979
48,0,5,2,1,0,0.85,317653,317930,320086,GRCN_21111979
49,0,2,7,2,0,0.85,323419,323707,325586,GRCN_21111979
50,1,2,2,2,1,0.15,329135,329500,331602,GRCN_21111979
51,1,4,6,2,1,0.15,335402,336237,338002,GRCN_21111979
52,1,6,2,2,1,0.15,341818,342110,343885,GRCN_21111979
53,1,8,7,2,0,0.15,347518,348191,350034,GRCN_21111979
54,1,5,2,2,1,0.15,353534,353824,355468,GRCN_21111979
55,1,4,6,2,1,0.15,358667,358977,360517,GRCN_21111979
56,1,2,6,2,0,0.15,364017,364418,366484,GRCN_21111979
57,1,5,5,2,1,0.15,369767,371699,373367,GRCN_21111979
58,1,7,6,2,1,0.15,376483,377476,379500,GRCN_21111979
59,1,7,6,2,1,0.15,383233,383669,385950,GRCN_21111979
60,1,3,4,2,1,0.15,389099,389830,391433,GRCN_21111979
61,1,8,2,2,1,0.15,395282,395879,397999,GRCN_21111979
62,1,6,8,2,0,0.85,407649,409081,410898,GRCN_21111979
63,1,2,4,1,1,0.85,414815,415114,416915,GRCN_21111979
64,1,5,5,1,1,0.85,420981,421563,424031,GRCN_21111979
65,1,7,8,1,1,0.85,427131,427804,429581,GRCN_21111979
66,1,2,4,1,0,0.85,433148,433900,435697,GRCN_21111979
67,1,7,7,1,1,0.85,439664,440509,442397,GRCN_21111979
68,1,7,4,1,0,0.85,445814,446318,448780,GRCN_21111979
69,1,6,7,1,1,0.85,452330,452671,454213,GRCN_21111979
70,1,4,7,1,1,0.85,457913,458416,460146,GRCN_21111979
71,1,7,3,1,1,0.85,464063,464609,466946,GRCN_21111979
72,1,3,8,1,1,0.85,470246,470946,473379,GRCN_21111979
73,1,5,8,1,1,0.85,477246,477715,480129,GRCN_21111979
74,1,4,2,1,1,0.85,483245,483908,486379,GRCN_21111979
75,1,6,7,1,1,0.85,489562,490789,492795,GRCN_21111979
76,1,8,7,1,1,0.85,496295,496918,499261,GRCN_21111979
77,1,6,2,1,1,0.85,503145,503575,505744,GRCN_21111979
78,1,8,2,1,1,0.85,509728,510248,512744,GRCN_21111979
79,0,8,4,1,0,0.15,516094,516713,519177,GRCN_21111979
80,0,6,2,2,1,0.15,522560,522826,524460,GRCN_21111979
81,0,2,5,2,1,0.15,528410,528699,530577,GRCN_21111979
82,0,4,2,2,1,0.15,533877,534844,537260,GRCN_21111979
83,0,6,7,2,0,0.15,540676,541469,543659,GRCN_21111979
84,0,7,7,2,1,0.15,547293,547678,549576,GRCN_21111979
85,0,6,8,2,1,0.15,553459,553887,555426,GRCN_21111979
86,0,8,4,2,1,0.15,558875,559152,560792,GRCN_21111979
87,0,5,2,2,0,0.15,564175,564593,566558,GRCN_21111979
88,0,7,3,2,0,0.15,570075,570322,572608,GRCN_21111979
89,0,6,2,1,0,0.15,575858,576195,578691,GRCN_21111979
90,0,5,6,1,1,0.15,582574,582884,585174,GRCN_21111979
91,0,3,5,1,0,0.15,588474,589189,591557,GRCN_21111979
92,0,5,4,1,0,0.15,595441,595718,597790,GRCN_21111979
93,0,3,6,2,1,0.15,601224,601495,603357,GRCN_21111979
94,0,3,7,2,0,0.15,606623,606919,608557,GRCN_21111979
95,1,5,8,2,0,0.25,616773,618105,619839,GRCN_21111979
96,1,6,5,1,1,0.25,623356,623722,626239,GRCN_21111979
97,1,7,3,1,0,0.25,629839,630251,632572,GRCN_21111979
98,1,4,4,1,0,0.25,636622,636940,639139,GRCN_21111979
99,1,3,3,2,1,0.25,643155,643677,645705,GRCN_21111979
100,1,4,6,2,1,0.25,648988,649422,650971,GRCN_21111979
101,1,5,7,2,0,0.25,654438,655295,657155,GRCN_21111979
102,1,8,2,1,1,0.25,660604,661440,663021,GRCN_21111979
103,1,3,8,1,0,0.25,666504,666849,668754,GRCN_21111979
104,1,2,2,1,0,0.25,672387,672690,674487,GRCN_21111979
105,1,7,4,2,1,0.25,677587,677858,680337,GRCN_21111979
106,1,6,2,2,1,0.25,684153,684724,686587,GRCN_21111979
107,1,5,2,2,1,0.25,690220,690884,693003,GRCN_21111979
108,1,6,8,2,1,0.25,696370,696933,699286,GRCN_21111979
109,1,5,2,2,1,0.25,702703,703206,705086,GRCN_21111979
110,1,2,4,2,0,0.25,709036,709399,711452,GRCN_21111979
111,1,7,5,2,1,0.25,715269,715608,717635,GRCN_21111979
112,0,7,4,2,0,0.75,721368,721689,723302,GRCN_21111979
113,0,6,8,2,0,0.75,726535,726794,728668,GRCN_21111979
114,0,2,6,1,1,0.75,732418,732827,734818,GRCN_21111979
115,0,6,7,1,1,0.75,738851,739516,741168,GRCN_21111979
116,0,2,8,1,1,0.75,745151,745869,747917,GRCN_21111979
117,0,6,6,1,1,0.75,751584,752014,753717,GRCN_21111979
118,0,6,3,1,1,0.75,757784,758127,760150,GRCN_21111979
119,0,8,5,1,1,0.75,763367,763696,765567,GRCN_21111979
120,0,4,7,1,0,0.75,768850,769569,771583,GRCN_21111979
121,0,5,8,1,0,0.75,775583,775938,777683,GRCN_21111979
122,0,6,8,2,0,0.75,781333,781715,783532,GRCN_21111979
123,0,4,7,2,1,0.75,787332,787748,789799,GRCN_21111979
124,0,4,2,2,0,0.75,793349,793700,796165,GRCN_21111979
125,0,2,4,2,0,0.75,799865,800261,801832,GRCN_21111979
1,1,5,4,1,1,0.85,27282,28851,30481,IABF_16091997
2,1,3,2,2,1,0.85,34415,35539,37198,IABF_16091997
3,1,8,3,1,1,0.85,40714,42499,44314,IABF_16091997
4,1,6,5,1,0,0.85,48431,50083,52531,IABF_16091997
5,1,5,6,2,0,0.85,56030,56579,58897,IABF_16091997
6,1,4,7,1,1,0.85,62297,63491,65547,IABF_16091997
7,1,4,8,1,1,0.85,69246,71363,73396,IABF_16091997
8,1,2,4,1,1,0.85,76779,78115,80463,IABF_16091997
9,1,4,5,1,1,0.85,84396,86787,89246,IABF_16091997
10,1,6,4,1,1,0.85,92995,94931,96529,IABF_16091997
11,1,3,5,1,0,0.85,100079,101251,103528,IABF_16091997
12,1,4,2,1,1,0.85,107262,108211,110728,IABF_16091997
13,1,7,3,1,0,0.85,114145,116803,118911,IABF_16091997
14,1,5,8,2,0,0.85,122994,123731,125527,IABF_16091997
15,1,8,4,1,1,0.85,129294,129827,131944,IABF_16091997
16,1,2,5,1,1,0.85,135760,137699,139843,IABF_16091997
17,0,3,3,1,1,0.15,143393,145411,147160,IABF_16091997
18,0,7,7,1,0,0.15,150510,152211,154560,IABF_16091997
19,0,3,6,1,0,0.15,158126,159538,161943,IABF_16091997
20,0,3,3,2,1,0.15,165826,166274,168192,IABF_16091997
21,0,6,3,2,1,0.15,172142,173330,175509,IABF_16091997
22,0,3,6,2,1,0.15,179492,180626,182258,IABF_16091997
23,0,2,6,2,0,0.15,185841,187730,189725,IABF_16091997
24,0,3,8,1,0,0.15,193808,194706,197074,IABF_16091997
25,0,3,6,2,1,0.15,200258,201778,203357,IABF_16091997
26,0,7,5,2,1,0.15,206474,207778,209874,IABF_16091997
27,0,4,2,2,1,0.15,213190,215346,217223,IABF_16091997
28,0,2,8,2,1,0.15,221173,222802,224673,IABF_16091997
29,0,2,4,2,1,0.15,228573,230066,231890,IABF_16091997
30,1,5,4,1,0,0.15,241472,242754,245039,IABF_16091997
31,1,7,3,1,0,0.15,248872,251042,253005,IABF_16091997
32,1,3,2,2,0,0.15,256372,257010,258772,IABF_16091997
33,1,3,6,1,0,0.15,262505,262978,265071,IABF_16091997
34,1,3,4,2,0,0.15,268771,270914,272904,IABF_16091997
35,1,8,2,1,0,0.15,276721,278034,280471,IABF_16091997
36,1,6,7,1,0,0.15,284187,286257,288670,IABF_16091997
37,1,6,8,2,1,0.15,292320,293553,295553,IABF_16091997
38,1,2,3,2,1,0.15,299520,301521,303953,IABF_16091997
39,1,2,5,2,1,0.15,307420,309281,311369,IABF_16091997
40,1,8,2,2,1,0.15,315169,316689,318452,IABF_16091997
41,1,4,5,2,1,0.15,322502,324577,326219,IABF_16091997
42,1,7,6,2,1,0.15,329902,332113,334252,IABF_16091997
43,1,3,3,2,1,0.15,337618,339953,341651,IABF_16091997
44,1,3,5,2,0,0.15,345618,348065,350468,IABF_16091997
45,1,6,2,1,0,0.15,354184,354897,356518,IABF_16091997
46,0,2,2,1,1,0.85,359751,361473,363401,IABF_16091997
47,0,2,5,1,1,0.85,367500,369041,370800,IABF_16091997
48,0,7,4,1,1,0.85,374833,377105,379117,IABF_16091997
49,0,8,4,1,1,0.85,383133,385233,387366,IABF_16091997
50,0,6,7,1,0,0.85,390549,392369,394833,IABF_16091997
51,0,8,4,2,0,0.85,398382,399281,401549,IABF_16091997
52,0,4,7,1,0,0.85,405465,407088,408999,IABF_16091997
53,0,3,5,2,0,0.85,412198,412848,414848,IABF_16091997
54,0,4,2,1,1,0.85,418882,420464,422431,IABF_16091997
55,0,3,2,1,1,0.85,426281,428896,430614,IABF_16091997
56,0,7,5,1,1,0.85,434648,435744,437431,IABF_16091997
57,0,5,7,1,1,0.85,441331,443184,445097,IABF_16091997
58,0,2,5,2,1,0.25,452930,454528,456280,IABF_16091997
59,0,7,4,2,1,0.25,459763,462688,464363,IABF_16091997
60,0,2,2,2,1,0.25,467646,469792,471763,IABF_16091997
61,0,4,5,2,0,0.25,475479,476640,478846,IABF_16091997
62,0,6,2,2,1,0.25,482412,485360,486962,IABF_16091997
63,0,8,8,2,1,0.25,490912,493168,495712,IABF_16091997
64,0,5,5,2,0,0.25,499411,501664,503445,IABF_16091997
65,0,4,2,1,0,0.25,507194,508992,510594,IABF_16091997
66,0,2,7,2,1,0.25,514127,515376,516994,IABF_16091997
67,0,5,7,2,1,0.25,520977,522224,524127,IABF_16091997
68,0,4,2,2,1,0.25,527827,529632,531810,IABF_16091997
69,0,4,4,2,0,0.25,535727,537072,538993,IABF_16091997
70,0,4,8,1,0,0.25,542676,543903,545559,IABF_16091997
71,0,5,3,2,1,0.25,549443,550527,552276,IABF_16091997
72,0,6,8,2,1,0.25,556142,558079,559659,IABF_16091997
73,0,8,5,2,1,0.25,562992,565103,567458,IABF_16091997
74,0,6,8,2,1,0.25,571508,572895,575175,IABF_16091997
75,0,5,3,2,0,0.25,578475,581375,582974,IABF_16091997
76,0,2,3,1,0,0.25,586491,588607,591107,IABF_16091997
77,1,8,8,2,1,0.75,594741,596383,598191,IABF_16091997
78,1,3,2,2,0,0.75,601440,604959,607423,IABF_16091997
79,1,4,2,1,1,0.75,611490,614623,616556,IABF_16091997
80,1,7,6,1,0,0.75,619973,621791,623756,IABF_16091997
81,1,2,5,1,1,0.75,627056,628527,630222,IABF_16091997
82,1,5,6,1,1,0.75,634039,636847,638989,IABF_16091997
83,1,3,5,1,1,0.75,642955,645215,647038,IABF_16091997
84,1,8,2,1,1,0.75,650572,653167,655455,IABF_16091997
85,1,7,4,1,1,0.75,658871,662351,664471,IABF_16091997
86,1,3,2,1,0,0.75,668121,670479,672737,IABF_16091997
87,1,5,4,2,0,0.75,676137,678367,680804,IABF_16091997
88,1,2,8,2,1,0.75,684003,687102,688703,IABF_16091997
89,1,6,8,3,1,0.25,703919,710414,712119,IABF_16091997
90,1,8,4,2,1,0.25,715819,717742,720185,IABF_16091997
91,1,4,7,2,0,0.25,724102,725422,727818,IABF_16091997
92,1,2,8,2,0,0.25,731468,734542,736351,IABF_16091997
93,1,3,6,1,1,0.25,739834,742558,744451,IABF_16091997
94,1,5,4,1,0,0.25,748301,749886,752417,IABF_16091997
95,1,6,8,1,0,0.25,755584,757294,759400,IABF_16091997
96,1,4,5,2,1,0.25,762583,763966,765567,IABF_16091997
97,1,3,3,2,0,0.25,769350,771390,773333,IABF_16091997
98,1,8,3,2,1,0.25,776700,779662,781399,IABF_16091997
99,1,8,5,2,0,0.25,784566,787326,789649,IABF_16091997
100,1,6,4,1,0,0.25,793065,795742,798215,IABF_16091997
101,1,7,4,2,1,0.25,802215,803661,805898,IABF_16091997
102,1,6,4,2,1,0.25,809148,811261,812881,IABF_16091997
103,1,3,5,2,1,0.25,816981,819741,821381,IABF_16091997
104,1,5,8,2,1,0.25,824914,827981,830281,IABF_16091997
105,0,6,7,2,0,0.75,834264,836733,838580,IABF_16091997
106,0,8,4,1,1,0.75,842297,844973,846863,IABF_16091997
107,0,3,2,1,1,0.75,850113,852029,854246,IABF_16091997
108,0,2,4,1,1,0.75,857879,859501,861796,IABF_16091997
109,0,2,2,1,1,0.75,865862,868477,870879,IABF_16091997
110,0,4,2,1,0,0.75,874329,875389,877095,IABF_16091997
111,0,5,8,2,0,0.75,880245,882253,884612,IABF_16091997
112,0,6,8,1,1,0.75,888578,891261,892861,IABF_16091997
113,0,7,7,1,0,0.75,896044,898109,900428,IABF_16091997
114,0,6,7,2,1,0.75,904311,906253,908694,IABF_16091997
115,0,7,2,1,1,0.75,912044,915693,918077,IABF_16091997
116,0,7,2,1,1,0.75,922143,924221,926393,IABF_16091997
117,0,5,5,1,1,0.75,929960,931916,933576,IABF_16091997
1,0,6,7,2,1,0.25,4299,5261,7216,IABM_03061982
2,0,2,4,1,0,0.25,10799,11165,13449,IABM_03061982
3,0,6,2,2,1,0.25,16849,17149,18949,IABM_03061982
4,0,6,3,2,1,0.25,22065,22493,24182,IABM_03061982
5,0,7,2,2,1,0.25,27882,28429,30498,IABM_03061982
6,0,7,6,2,1,0.25,33998,34605,36798,IABM_03061982
7,0,2,2,1,0,0.25,40064,41197,43164,IABM_03061982
8,0,3,5,1,0,0.25,46614,47901,49814,IABM_03061982
9,0,6,6,2,1,0.25,53514,53901,56180,IABM_03061982
10,0,2,8,2,1,0.25,59864,61293,63413,IABM_03061982
11,0,6,6,2,0,0.25,67130,67837,69363,IABM_03061982
12,0,6,7,1,0,0.25,73080,74829,76663,IABM_03061982
13,0,4,5,2,0,0.25,80563,81228,82913,IABM_03061982
14,0,2,7,1,0,0.25,86129,88716,90995,IABM_03061982
15,0,5,3,2,1,0.25,94295,95116,96795,IABM_03061982
16,0,5,8,2,1,0.25,99995,101292,103545,IABM_03061982
17,1,8,8,2,1,0.75,107061,108028,109761,IABM_03061982
18,1,3,2,2,1,0.75,113428,113964,116178,IABM_03061982
19,1,7,2,2,0,0.75,119494,120684,122327,IABM_03061982
20,1,4,4,2,0,0.75,125894,126940,129194,IABM_03061982
21,1,6,6,2,0,0.75,132694,134476,136660,IABM_03061982
22,1,4,3,1,1,0.75,140010,141548,143693,IABM_03061982
23,1,7,3,1,1,0.75,147376,148396,150909,IABM_03061982
24,1,3,7,1,1,0.75,154493,155196,157626,IABM_03061982
25,1,3,6,1,1,0.75,160909,161660,164026,IABM_03061982
26,1,3,5,1,1,0.75,167209,168172,170042,IABM_03061982
27,1,3,2,1,1,0.75,173109,173836,175942,IABM_03061982
28,1,8,2,1,1,0.75,179608,180460,182291,IABM_03061982
29,1,3,5,2,1,0.15,190241,190892,193074,IABM_03061982
30,1,8,5,2,1,0.15,196241,196972,198874,IABM_03061982
31,1,5,4,2,0,0.15,201991,202684,205124,IABM_03061982
32,1,4,4,2,1,0.15,208507,208972,211257,IABM_03061982
33,1,4,4,2,1,0.15,214490,215307,217807,IABM_03061982
34,1,5,6,2,1,0.15,221573,222443,224923,IABM_03061982
35,1,6,6,2,1,0.15,228823,229323,231589,IABM_03061982
36,1,3,7,2,1,0.15,235056,236075,238022,IABM_03061982
37,1,6,3,2,0,0.15,241622,242491,244405,IABM_03061982
38,1,4,4,2,1,0.15,248022,248363,250038,IABM_03061982
39,1,3,3,2,1,0.15,253755,254539,256721,IABM_03061982
40,1,7,4,2,1,0.15,259821,261803,263771,IABM_03061982
41,1,6,6,2,1,0.15,266804,267515,270054,IABM_03061982
42,1,6,7,2,0,0.15,273987,274699,277204,IABM_03061982
43,1,6,6,2,1,0.15,280304,280779,282370,IABM_03061982
44,1,6,7,2,1,0.15,286087,286891,288653,IABM_03061982
45,1,8,6,2,1,0.15,291820,292811,294636,IABM_03061982
46,0,4,8,2,0,0.85,298370,299195,300770,IABM_03061982
47,0,4,5,2,0,0.85,304103,305371,307736,IABM_03061982
48,0,8,4,1,0,0.85,311552,312075,313719,IABM_03061982
49,0,6,7,2,0,0.85,317719,318955,321402,IABM_03061982
50,0,3,7,2,0,0.85,324735,325099,327618,IABM_03061982
51,0,5,3,2,0,0.85,330752,331083,333051,IABM_03061982
52,0,4,8,1,1,0.85,336185,336523,338168,IABM_03061982
53,0,6,7,1,1,0.85,342151,342714,344901,IABM_03061982
54,0,3,7,1,1,0.85,348317,351082,353167,IABM_03061982
55,0,6,3,1,1,0.85,356467,357306,359467,IABM_03061982
56,0,3,5,1,1,0.85,363000,363722,365650,IABM_03061982
57,0,4,7,2,0,0.85,369183,371482,374016,IABM_03061982
58,1,5,3,1,1,0.85,384649,386186,388182,IABM_03061982
59,1,8,4,1,0,0.85,391482,391882,393515,IABM_03061982
60,1,4,8,1,1,0.85,397549,398010,399832,IABM_03061982
61,1,6,4,2,0,0.85,403798,404394,406782,IABM_03061982
62,1,5,4,1,1,0.85,409931,410314,412165,IABM_03061982
63,1,3,6,1,1,0.85,415914,416506,418498,IABM_03061982
64,1,5,3,1,1,0.85,422048,422650,424897,IABM_03061982
65,1,4,7,1,1,0.85,428481,429082,431547,IABM_03061982
66,1,4,7,1,1,0.85,435564,436042,438530,IABM_03061982
67,1,6,7,1,1,0.85,441763,442362,444847,IABM_03061982
68,1,8,4,1,1,0.85,448380,449146,450913,IABM_03061982
69,1,5,5,2,0,0.85,454013,455210,456813,IABM_03061982
70,1,7,2,1,1,0.85,460129,461290,463562,IABM_03061982
71,1,7,7,1,1,0.85,467362,468746,471195,IABM_03061982
72,1,2,6,1,1,0.85,474662,476026,477878,IABM_03061982
73,1,3,5,1,0,0.85,481595,482265,484745,IABM_03061982
74,1,4,5,2,0,0.85,488728,489193,491111,IABM_03061982
75,1,3,5,2,0,0.85,494228,494537,496594,IABM_03061982
76,1,2,6,1,1,0.85,500511,500905,503327,IABM_03061982
77,0,8,2,1,0,0.15,506944,507881,509694,IABM_03061982
78,0,2,5,1,0,0.15,513027,513449,515543,IABM_03061982
79,0,3,8,2,1,0.15,518760,519417,521643,IABM_03061982
80,0,5,8,2,1,0.15,524793,525385,527160,IABM_03061982
81,0,2,4,2,1,0.15,530793,531465,533176,IABM_03061982
82,0,8,2,2,1,0.15,536542,537865,539809,IABM_03061982
83,0,7,6,2,1,0.15,543225,544153,546559,IABM_03061982
84,0,2,4,2,1,0.15,550259,550937,552542,IABM_03061982
85,0,4,4,2,1,0.15,556358,556697,559158,IABM_03061982
86,0,7,2,2,1,0.15,562775,563417,565241,IABM_03061982
87,0,4,8,2,1,0.15,569174,570025,571774,IABM_03061982
88,0,2,3,2,0,0.15,575224,575881,577757,IABM_03061982
89,0,3,6,1,1,0.75,582474,583065,584957,IABM_03061982
90,0,4,7,1,1,0.75,588273,589081,591157,IABM_03061982
91,0,7,3,1,1,0.75,594540,595113,597506,IABM_03061982
92,0,8,4,1,1,0.75,600973,601545,603889,IABM_03061982
93,0,2,2,1,1,0.75,607039,607657,609473,IABM_03061982
94,0,5,3,1,0,0.75,612522,613176,615656,IABM_03061982
95,0,8,6,2,0,0.75,619372,620120,622039,IABM_03061982
96,0,3,7,1,1,0.75,625555,626120,628238,IABM_03061982
97,0,4,4,1,0,0.75,631905,632680,635171,IABM_03061982
98,0,7,7,1,1,0.75,638355,639016,641171,IABM_03061982
99,0,7,5,1,1,0.75,644954,645528,647488,IABM_03061982
100,0,2,5,1,0,0.75,651437,652296,654671,IABM_03061982
101,0,5,4,1,1,0.75,658320,658632,661037,IABM_03061982
102,0,4,6,1,1,0.75,664687,665400,667820,IABM_03061982
103,0,6,3,1,1,0.75,671087,671976,674086,IABM_03061982
104,0,3,4,1,1,0.75,677453,678088,680053,IABM_03061982
105,1,5,5,1,0,0.25,683969,684568,686269,IABM_03061982
106,1,6,4,1,0,0.25,689869,690936,692552,IABM_03061982
107,1,8,5,2,1,0.25,696435,696824,698985,IABM_03061982
108,1,5,8,2,0,0.25,702368,702952,705085,IABM_03061982
109,1,4,3,2,1,0.25,708801,710168,712118,IABM_03061982
110,1,2,2,1,1,0.25,715535,715880,718318,IABM_03061982
111,1,4,7,2,1,0.25,722334,723000,725067,IABM_03061982
112,1,7,2,1,0,0.25,728117,728712,730934,IABM_03061982
113,1,8,4,2,1,0.25,734034,734568,736400,IABM_03061982
114,1,8,8,2,1,0.25,739767,740184,742583,IABM_03061982
115,1,7,7,2,1,0.25,746467,747143,749483,IABM_03061982
116,1,6,2,2,0,0.25,752750,753335,755633,IABM_03061982
117,1,4,2,2,1,0.25,759333,760391,762382,IABM_03061982
118,1,8,3,2,1,0.25,766132,766551,768582,IABM_03061982
119,1,4,8,2,1,0.25,772282,772855,774565,IABM_03061982
120,1,7,5,2,1,0.25,778532,779047,780598,IABM_03061982
121,1,7,4,2,1,0.25,783998,784759,787265,IABM_03061982
1,0,3,8,2,0,0.85,39498,40538,42598,JAPV_03111995
2,0,2,8,2,0,0.85,46197,46874,49214,JAPV_03111995
3,0,7,6,1,1,0.85,52747,54106,55880,JAPV_03111995
4,0,5,4,1,1,0.85,59980,61082,63530,JAPV_03111995
5,0,3,8,2,0,0.85,67413,69305,71013,JAPV_03111995
6,0,7,6,1,1,0.85,74263,75097,76863,JAPV_03111995
7,0,8,2,1,0,0.85,80696,81465,83379,JAPV_03111995
8,0,3,3,2,0,0.85,86896,88809,91229,JAPV_03111995
9,0,6,5,1,1,0.85,94595,96009,98462,JAPV_03111995
10,0,8,7,1,1,0.85,102545,103385,105545,JAPV_03111995
11,0,8,4,1,1,0.85,109178,110137,112328,JAPV_03111995
12,0,6,5,1,0,0.85,115878,116969,119078,JAPV_03111995
13,0,7,4,1,0,0.85,122927,125193,127477,JAPV_03111995
14,0,6,6,2,0,0.85,131194,132041,134444,JAPV_03111995
15,0,7,3,1,1,0.85,138193,139049,141077,JAPV_03111995
16,0,8,2,1,1,0.85,144760,145465,147376,JAPV_03111995
17,0,4,3,1,1,0.85,150960,152041,154093,JAPV_03111995
18,1,7,8,1,0,0.15,157759,160169,162292,JAPV_03111995
19,1,7,5,1,1,0.15,166276,167017,169559,JAPV_03111995
20,1,6,2,1,0,0.15,173475,174473,176142,JAPV_03111995
21,1,2,3,1,0,0.15,180142,181577,183408,JAPV_03111995
22,1,7,8,2,1,0.15,187225,188201,190158,JAPV_03111995
23,1,2,8,2,1,0.15,194024,194777,197174,JAPV_03111995
24,1,4,2,2,1,0.15,200441,201593,203307,JAPV_03111995
25,1,2,2,2,1,0.15,207307,208233,210190,JAPV_03111995
26,1,5,6,2,1,0.15,213324,214153,216057,JAPV_03111995
27,1,7,2,1,0,0.15,220057,221496,223640,JAPV_03111995
28,1,2,2,2,0,0.15,226806,227768,230173,JAPV_03111995
29,1,6,3,2,1,0.15,233773,236424,238706,JAPV_03111995
30,1,6,6,2,1,0.15,242089,242712,244472,JAPV_03111995
31,1,8,3,1,0,0.15,248122,249320,251539,JAPV_03111995
32,1,8,5,2,1,0.15,255372,256312,257938,JAPV_03111995
33,1,7,8,2,1,0.15,261521,262472,264621,JAPV_03111995
34,1,6,3,2,0,0.15,268671,269784,271521,JAPV_03111995
35,1,7,5,1,1,0.75,281437,282936,284770,JAPV_03111995
36,1,7,7,1,1,0.75,288837,290136,292170,JAPV_03111995
37,1,2,4,1,1,0.75,296253,297496,299820,JAPV_03111995
38,1,4,3,1,1,0.75,303886,305208,306869,JAPV_03111995
39,1,4,7,1,1,0.75,310153,311928,313686,JAPV_03111995
40,1,2,4,1,0,0.75,317502,318920,320852,JAPV_03111995
41,1,4,6,1,0,0.75,324452,325464,327969,JAPV_03111995
42,1,4,6,2,1,0.75,331602,332312,334285,JAPV_03111995
43,1,4,3,2,0,0.75,337901,339480,341718,JAPV_03111995
44,1,3,8,2,0,0.75,345068,345912,348018,JAPV_03111995
45,1,3,4,2,0,0.75,351584,352968,354834,JAPV_03111995
46,1,7,8,1,1,0.75,358751,359703,362134,JAPV_03111995
47,1,4,5,1,1,0.75,365650,366615,369117,JAPV_03111995
48,1,6,7,1,0,0.75,372367,373159,375283,JAPV_03111995
49,1,7,4,1,1,0.75,378850,379495,381100,JAPV_03111995
50,1,2,5,2,0,0.75,384433,385991,387849,JAPV_03111995
51,0,2,4,1,0,0.25,391316,392535,394866,JAPV_03111995
52,0,5,2,1,0,0.25,398432,400055,402299,JAPV_03111995
53,0,3,4,2,1,0.25,406249,407207,409515,JAPV_03111995
54,0,4,3,2,0,0.25,413282,414807,416665,JAPV_03111995
55,0,8,5,2,1,0.25,420098,420807,422948,JAPV_03111995
56,0,8,7,2,1,0.25,426814,427767,430081,JAPV_03111995
57,0,5,3,2,0,0.25,433364,434615,436264,JAPV_03111995
58,0,2,2,2,1,0.25,439947,440647,442547,JAPV_03111995
59,0,5,3,2,1,0.25,446280,447159,449130,JAPV_03111995
60,0,2,8,2,1,0.25,452613,453591,455963,JAPV_03111995
61,0,5,6,2,1,0.25,459363,460487,462963,JAPV_03111995
62,0,6,3,2,1,0.25,467046,468391,470596,JAPV_03111995
63,0,4,4,2,0,0.75,480312,481559,484062,JAPV_03111995
64,0,8,7,2,1,0.75,487812,488727,490962,JAPV_03111995
65,0,7,4,2,0,0.75,494445,494823,497345,JAPV_03111995
66,0,3,8,1,1,0.75,501094,502663,505094,JAPV_03111995
67,0,5,2,1,1,0.75,508527,509142,510761,JAPV_03111995
68,0,4,5,1,1,0.75,514510,515238,517177,JAPV_03111995
69,0,4,7,1,1,0.75,520594,521526,523743,JAPV_03111995
70,0,4,7,1,1,0.75,527727,528630,530910,JAPV_03111995
71,0,4,2,1,0,0.75,534543,535510,537693,JAPV_03111995
72,0,7,8,1,0,0.75,540993,541910,543476,JAPV_03111995
73,0,2,5,2,0,0.75,547292,548102,550592,JAPV_03111995
74,0,3,7,2,0,0.75,554542,555206,557292,JAPV_03111995
75,0,5,3,1,0,0.75,561075,562614,564908,JAPV_03111995
76,0,7,3,1,1,0.75,569008,569862,571591,JAPV_03111995
77,0,5,3,1,1,0.75,574975,575734,578124,JAPV_03111995
78,0,3,3,1,0,0.75,581391,582150,583791,JAPV_03111995
79,1,2,7,2,1,0.25,587624,588966,590974,JAPV_03111995
80,1,4,6,2,1,0.25,594390,595350,597490,JAPV_03111995
81,1,7,7,2,0,0.25,600990,601590,603290,JAPV_03111995
82,1,6,8,2,1,0.25,607206,607798,609990,JAPV_03111995
83,1,4,4,2,0,0.25,613973,614854,616656,JAPV_03111995
84,1,6,6,2,1,0.25,620273,620918,622756,JAPV_03111995
85,1,6,3,2,1,0.25,626789,627990,630005,JAPV_03111995
86,1,3,7,2,1,0.25,633572,634310,636489,JAPV_03111995
87,1,2,7,2,1,0.25,639855,640662,642572,JAPV_03111995
88,1,8,5,2,0,0.25,645738,647078,648688,JAPV_03111995
89,1,4,8,2,1,0.25,652721,653557,655954,JAPV_03111995
90,1,4,5,2,1,0.25,660021,661317,663204,JAPV_03111995
91,1,4,8,2,1,0.25,666854,667701,669604,JAPV_03111995
92,1,5,6,2,1,0.25,673437,674293,676120,JAPV_03111995
93,1,6,7,2,1,0.25,679387,680325,682353,JAPV_03111995
94,0,8,6,1,0,0.15,690853,692277,694153,JAPV_03111995
95,0,4,6,2,1,0.15,697769,698405,700552,JAPV_03111995
96,0,5,3,2,0,0.15,704052,704997,706802,JAPV_03111995
97,0,8,2,1,0,0.15,710269,711141,713619,JAPV_03111995
98,0,7,6,2,1,0.15,716868,717573,720002,JAPV_03111995
99,0,8,8,2,1,0.15,723468,724405,726718,JAPV_03111995
100,0,3,8,2,1,0.15,730501,731317,733601,JAPV_03111995
101,0,5,4,2,1,0.15,737067,739109,741151,JAPV_03111995
102,0,7,3,1,0,0.15,745150,746709,749217,JAPV_03111995
103,0,6,8,2,1,0.15,752367,753237,755683,JAPV_03111995
104,0,5,8,2,1,0.15,759017,759717,762033,JAPV_03111995
105,0,2,6,2,1,0.15,765166,766069,768366,JAPV_03111995
106,0,6,4,2,0,0.15,772333,773477,775466,JAPV_03111995
107,0,2,8,2,1,0.15,779499,780149,781932,JAPV_03111995
108,0,8,3,1,0,0.15,786032,787733,789532,JAPV_03111995
109,0,5,5,2,0,0.15,793365,794213,796015,JAPV_03111995
110,0,6,4,2,0,0.15,800015,800804,802431,JAPV_03111995
111,1,2,2,1,1,0.85,806215,806964,808998,JAPV_03111995
112,1,2,7,1,1,0.85,813031,814004,816231,JAPV_03111995
113,1,2,8,1,1,0.85,819447,821796,823847,JAPV_03111995
114,1,3,5,1,0,0.85,827647,829300,831063,JAPV_03111995
115,1,6,7,1,1,0.85,834463,835316,837763,JAPV_03111995
116,1,6,4,1,1,0.85,841296,842100,844496,JAPV_03111995
117,1,4,5,1,1,0.85,847863,848756,851213,JAPV_03111995
118,1,8,2,1,1,0.85,854996,855876,857579,JAPV_03111995
119,1,3,5,1,1,0.85,860762,861780,864145,JAPV_03111995
120,1,4,2,1,1,0.85,867962,868820,870778,JAPV_03111995
121,1,3,7,2,0,0.85,874062,875508,878045,JAPV_03111995
122,1,6,8,1,0,0.85,881528,882292,884394,JAPV_03111995
1,1,7,7,1,0,0.25,8432,10358,12449,JAZA_03091982
2,1,6,4,1,0,0.25,16449,17126,19265,JAZA_03091982
3,1,8,3,2,0,0.25,22499,23046,25532,JAZA_03091982
4,1,7,6,2,1,0.25,28898,29142,31232,JAZA_03091982
5,1,6,2,2,1,0.25,35198,36950,38665,JAZA_03091982
6,1,8,8,2,1,0.25,42314,42710,45148,JAZA_03091982
7,1,2,4,2,1,0.25,48847,49686,51331,JAZA_03091982
8,1,7,7,2,1,0.25,54730,55494,57780,JAZA_03091982
9,1,7,6,2,1,0.25,61747,62374,64447,JAZA_03091982
10,1,2,2,2,1,0.25,68497,69670,71496,JAZA_03091982
11,1,7,5,2,0,0.25,74896,75574,77696,JAZA_03091982
12,1,7,6,1,0,0.25,81113,81718,83863,JAZA_03091982
13,1,4,4,2,1,0.25,87412,87942,90146,JAZA_03091982
14,1,7,6,2,1,0.25,93812,94390,96895,JAZA_03091982
15,1,4,5,2,1,0.25,100729,102342,104462,JAZA_03091982
16,1,4,7,2,1,0.25,107562,108614,110362,JAZA_03091982
17,1,7,8,2,1,0.25,113445,113750,116161,JAZA_03091982
18,0,4,5,2,0,0.75,120178,120662,122644,JAZA_03091982
19,0,3,6,2,0,0.75,125828,126230,128211,JAZA_03091982
20,0,3,6,2,0,0.75,131461,131894,133561,JAZA_03091982
21,0,3,3,1,1,0.75,136944,137302,138860,JAZA_03091982
22,0,6,4,1,1,0.75,142910,143557,145660,JAZA_03091982
23,0,7,4,1,1,0.75,149343,150085,152493,JAZA_03091982
24,0,4,5,1,1,0.75,156026,156693,158876,JAZA_03091982
25,0,3,6,1,1,0.75,162376,163013,165009,JAZA_03091982
26,0,4,2,1,1,0.75,168892,169445,171309,JAZA_03091982
27,0,3,3,1,0,0.75,174942,175813,178275,JAZA_03091982
28,0,7,2,1,1,0.75,182192,184101,186558,JAZA_03091982
29,0,6,6,2,0,0.75,190575,191253,193025,JAZA_03091982
30,0,2,6,1,1,0.75,196791,197509,199324,JAZA_03091982
31,1,5,4,1,0,0.75,213890,216789,219290,JAZA_03091982
32,1,6,4,2,0,0.75,222573,222949,225190,JAZA_03091982
33,1,8,7,1,0,0.75,228490,228933,231056,JAZA_03091982
34,1,2,3,1,1,0.75,234656,235381,237256,JAZA_03091982
35,1,8,3,1,0,0.75,240439,242517,244939,JAZA_03091982
36,1,6,4,2,1,0.75,248522,249893,251489,JAZA_03091982
37,1,7,3,2,0,0.75,255005,255829,257355,JAZA_03091982
38,1,8,4,2,0,0.75,260455,261109,263105,JAZA_03091982
39,1,2,6,1,1,0.75,266505,267381,269721,JAZA_03091982
40,1,5,3,1,1,0.75,272855,279221,281338,JAZA_03091982
41,1,8,8,1,1,0.75,285271,286148,288654,JAZA_03091982
42,1,5,7,1,1,0.75,292287,292948,294937,JAZA_03091982
43,1,3,8,1,0,0.75,298120,300292,302270,JAZA_03091982
44,1,4,8,1,1,0.75,306253,307172,309520,JAZA_03091982
45,1,3,4,1,0,0.75,312636,314996,317269,JAZA_03091982
46,1,3,4,1,1,0.75,320969,321588,323186,JAZA_03091982
47,0,2,7,1,0,0.25,327202,328628,330619,JAZA_03091982
48,0,5,2,2,1,0.25,334435,334964,336935,JAZA_03091982
49,0,2,5,2,0,0.25,340152,340980,343452,JAZA_03091982
50,0,3,3,2,1,0.25,346768,347508,349585,JAZA_03091982
51,0,7,3,2,1,0.25,353068,353940,355518,JAZA_03091982
52,0,8,4,2,1,0.25,359468,361156,363034,JAZA_03091982
53,0,2,6,2,1,0.25,366717,367444,369284,JAZA_03091982
54,0,4,5,2,1,0.25,372967,373828,375567,JAZA_03091982
55,0,5,5,2,1,0.25,378950,379780,382000,JAZA_03091982
56,0,6,8,2,1,0.25,385500,386212,387816,JAZA_03091982
57,0,2,5,2,1,0.25,391150,392564,394949,JAZA_03091982
58,0,3,7,2,0,0.25,398332,399156,400849,JAZA_03091982
59,0,6,3,2,1,0.25,404649,405348,407799,JAZA_03091982
60,1,8,5,1,1,0.85,422048,423556,425681,JAZA_03091982
61,1,7,2,1,1,0.85,429481,432883,434798,JAZA_03091982
62,1,2,7,1,1,0.85,438764,439395,441564,JAZA_03091982
63,1,7,8,1,1,0.85,444814,446371,448664,JAZA_03091982
64,1,5,8,1,0,0.85,452380,453411,455747,JAZA_03091982
65,1,6,6,1,1,0.85,458980,459651,461847,JAZA_03091982
66,1,6,4,1,1,0.85,465280,468915,470680,JAZA_03091982
67,1,8,3,1,0,0.85,473879,474659,476796,JAZA_03091982
68,1,6,5,1,1,0.85,480212,480931,483062,JAZA_03091982
69,1,3,8,1,1,0.85,486412,487731,490129,JAZA_03091982
70,1,4,7,1,1,0.85,493712,494579,497028,JAZA_03091982
71,1,4,2,1,1,0.85,501045,503667,505745,JAZA_03091982
72,1,4,7,1,1,0.85,509128,513811,515944,JAZA_03091982
73,1,4,4,1,0,0.85,519661,521299,523544,JAZA_03091982
74,1,2,7,1,1,0.85,527194,532787,534927,JAZA_03091982
75,1,8,7,1,1,0.85,538110,539667,542093,JAZA_03091982
76,0,6,4,1,1,0.15,545260,554435,556509,JAZA_03091982
77,0,4,7,1,1,0.15,560042,561267,563092,JAZA_03091982
78,0,8,5,1,0,0.15,566392,571826,573642,JAZA_03091982
79,0,4,7,1,0,0.15,576858,578274,580425,JAZA_03091982
80,0,7,4,1,0,0.15,584191,586050,587741,JAZA_03091982
81,0,6,7,2,1,0.15,591558,592274,593858,JAZA_03091982
82,0,2,2,2,1,0.15,597124,597922,599491,JAZA_03091982
83,0,4,4,2,1,0.15,603007,603714,605324,JAZA_03091982
84,0,7,2,2,1,0.15,609324,609762,612107,JAZA_03091982
85,0,4,7,2,1,0.15,615857,617122,618990,JAZA_03091982
86,0,3,6,2,1,0.15,622073,622642,624273,JAZA_03091982
87,0,3,7,2,1,0.15,628273,629074,630873,JAZA_03091982
88,1,5,7,2,1,0.15,643455,644514,646922,JAZA_03091982
89,1,8,5,2,1,0.15,650055,650514,652622,JAZA_03091982
90,1,4,2,2,1,0.15,656488,657522,659471,JAZA_03091982
91,1,8,3,2,1,0.15,662621,663074,665438,JAZA_03091982
92,1,5,5,2,0,0.15,669171,670370,672254,JAZA_03091982
93,1,2,2,1,0,0.15,675754,677090,678687,JAZA_03091982
94,1,5,3,1,0,0.15,681787,682354,684337,JAZA_03091982
95,1,7,7,2,1,0.15,688004,688562,690720,JAZA_03091982
96,1,5,6,2,1,0.15,694037,694882,697153,JAZA_03091982
97,1,3,6,2,1,0.15,700986,701842,703453,JAZA_03091982
98,1,2,5,2,1,0.15,707303,712225,713802,JAZA_03091982
99,1,8,5,2,1,0.15,717252,717841,719469,JAZA_03091982
100,1,7,7,2,1,0.15,723435,724209,726235,JAZA_03091982
101,1,3,2,2,0,0.15,730235,730929,732852,JAZA_03091982
102,1,4,8,2,1,0.15,736852,737345,738901,JAZA_03091982
103,1,8,4,2,0,0.15,742268,742625,744485,JAZA_03091982
104,1,7,3,2,1,0.15,747818,748273,750468,JAZA_03091982
105,1,7,7,2,1,0.15,753767,757537,759734,JAZA_03091982
106,0,6,2,2,0,0.85,763434,764609,766634,JAZA_03091982
107,0,2,7,1,1,0.85,770350,771137,772750,JAZA_03091982
108,0,4,2,1,1,0.85,776500,777137,778966,JAZA_03091982
109,0,5,7,1,1,0.85,782116,782913,784849,JAZA_03091982
110,0,7,3,1,0,0.85,787999,789745,792149,JAZA_03091982
111,0,2,6,2,1,0.85,795382,795825,797916,JAZA_03091982
112,0,4,8,2,0,0.85,801132,801601,803632,JAZA_03091982
113,0,3,3,2,0,0.85,807232,807793,809982,JAZA_03091982
114,0,6,7,1,1,0.85,814015,815505,817365,JAZA_03091982
115,0,3,3,1,1,0.85,820865,821361,822931,JAZA_03091982
116,0,7,3,1,1,0.85,826248,827009,829098,JAZA_03091982
117,0,8,3,1,0,0.85,833114,838353,840697,JAZA_03091982
1,0,2,4,1,0,0.15,50497,52995,55514,JAZV_27081991
2,0,8,8,2,0,0.15,58830,60867,62997,JAZV_27081991
3,0,2,7,1,0,0.15,66147,68227,70313,JAZV_27081991
4,0,2,5,2,1,0.15,73830,74419,76213,JAZV_27081991
5,0,7,5,2,1,0.15,79546,81427,83029,JAZV_27081991
6,0,6,8,1,0,0.15,86262,90211,92712,JAZV_27081991
7,0,5,6,2,1,0.15,96662,98947,101178,JAZV_27081991
8,0,3,7,2,0,0.15,105195,106547,108911,JAZV_27081991
9,0,7,6,2,1,0.15,112828,114979,116911,JAZV_27081991
10,0,2,8,1,0,0.15,120428,121507,123994,JAZV_27081991
11,0,7,4,2,1,0.15,127894,129395,131760,JAZV_27081991
12,0,5,4,2,1,0.15,135344,136579,138177,JAZV_27081991
13,0,7,4,2,1,0.15,141977,142962,144827,JAZV_27081991
14,0,4,7,1,0,0.15,148176,150242,152243,JAZV_27081991
15,0,5,7,2,1,0.15,156159,156930,158776,JAZV_27081991
16,0,4,3,1,1,0.15,162209,163394,165926,JAZV_27081991
17,0,6,2,1,0,0.15,169275,170066,172525,JAZV_27081991
18,0,6,6,2,1,0.15,176209,178786,181242,JAZV_27081991
19,0,8,8,2,1,0.15,184625,186210,188258,JAZV_27081991
20,0,6,2,1,0,0.15,191924,193154,195324,JAZV_27081991
21,1,7,2,2,0,0.85,198908,199874,202324,JAZV_27081991
22,1,8,8,1,1,0.85,206274,208370,210674,JAZV_27081991
23,1,5,8,2,0,0.85,213840,215234,216857,JAZV_27081991
24,1,3,3,1,1,0.85,220390,221938,224423,JAZV_27081991
25,1,6,8,1,1,0.85,228423,229794,231656,JAZV_27081991
26,1,4,3,2,0,0.85,235139,237314,239289,JAZV_27081991
27,1,7,8,1,1,0.85,242506,243458,245989,JAZV_27081991
28,1,2,4,1,1,0.85,249955,250802,253289,JAZV_27081991
29,1,4,8,1,1,0.85,256788,258722,261088,JAZV_27081991
30,1,2,2,2,0,0.85,264955,266530,268205,JAZV_27081991
31,1,4,6,1,1,0.85,271938,272578,274521,JAZV_27081991
32,1,3,8,1,0,0.85,278504,280833,282504,JAZV_27081991
33,1,7,8,1,0,0.25,290670,292065,293787,JAZV_27081991
34,1,8,2,1,0,0.25,297553,298465,300353,JAZV_27081991
35,1,8,6,2,1,0.25,303970,305473,307319,JAZV_27081991
36,1,5,7,1,0,0.25,311236,312097,314003,JAZV_27081991
37,1,8,2,1,1,0.25,317936,318881,320902,JAZV_27081991
38,1,2,2,2,1,0.25,324569,327073,328852,JAZV_27081991
39,1,6,5,2,1,0.25,332152,335505,337468,JAZV_27081991
40,1,3,3,1,1,0.25,341051,342929,344601,JAZV_27081991
41,1,2,5,2,0,0.25,348001,349009,351401,JAZV_27081991
42,1,5,3,2,1,0.25,355067,357201,358801,JAZV_27081991
43,1,4,6,1,1,0.25,362217,365473,367067,JAZV_27081991
44,1,3,5,1,1,0.25,370350,371489,373100,JAZV_27081991
45,1,4,7,1,0,0.25,376950,378321,380000,JAZV_27081991
46,1,7,7,2,1,0.25,383983,385969,387549,JAZV_27081991
47,1,6,8,2,1,0.25,391199,391985,393866,JAZV_27081991
48,1,6,4,1,0,0.25,397466,398209,400315,JAZV_27081991
49,1,3,8,1,0,0.25,403449,404161,406215,JAZV_27081991
50,0,7,2,1,1,0.75,410048,413329,415898,JAZV_27081991
51,0,4,8,2,0,0.75,419498,420113,422331,JAZV_27081991
52,0,6,5,2,0,0.75,425914,426416,428031,JAZV_27081991
53,0,4,4,1,1,0.75,431364,432448,434347,JAZV_27081991
54,0,3,7,1,1,0.75,438397,439696,441280,JAZV_27081991
55,0,8,7,1,1,0.75,445097,445792,448197,JAZV_27081991
56,0,3,4,1,1,0.75,451997,453216,455163,JAZV_27081991
57,0,3,6,2,0,0.75,458880,459712,461530,JAZV_27081991
58,0,7,5,2,0,0.75,465346,466240,468446,JAZV_27081991
59,0,3,5,1,1,0.75,471629,473440,475612,JAZV_27081991
60,0,5,6,1,1,0.75,479445,480224,482679,JAZV_27081991
61,0,6,6,2,0,0.75,485895,487760,490012,JAZV_27081991
62,0,5,7,1,0,0.75,493961,495120,496995,JAZV_27081991
63,1,6,8,1,1,0.75,505278,506752,508577,JAZV_27081991
64,1,5,6,2,0,0.75,512394,513632,516077,JAZV_27081991
65,1,2,6,1,1,0.75,519960,520560,523093,JAZV_27081991
66,1,7,5,2,1,0.75,526943,527648,529460,JAZV_27081991
67,1,3,2,2,0,0.75,533276,534352,536643,JAZV_27081991
68,1,7,7,1,0,0.75,540293,542880,544676,JAZV_27081991
69,1,8,8,1,0,0.75,548659,556112,558509,JAZV_27081991
70,1,3,4,1,0,0.75,562008,563888,566425,JAZV_27081991
71,1,4,7,2,1,0.75,570425,571055,573125,JAZV_27081991
72,1,5,7,2,0,0.75,576208,577167,578891,JAZV_27081991
73,1,3,3,1,1,0.75,582841,585871,587657,JAZV_27081991
74,1,2,6,1,1,0.75,590991,591775,593690,JAZV_27081991
75,1,2,6,1,1,0.75,596824,597999,599724,JAZV_27081991
76,1,3,3,1,0,0.75,603757,605247,606940,JAZV_27081991
77,1,3,2,1,0,0.75,610356,611295,613840,JAZV_27081991
78,1,3,5,1,0,0.75,617839,618639,620206,JAZV_27081991
79,1,4,8,2,1,0.75,623656,624975,627106,JAZV_27081991
80,1,7,6,2,0,0.75,630989,633039,634955,JAZV_27081991
81,1,2,5,2,0,0.75,638222,638879,640705,JAZV_27081991
82,1,5,2,2,0,0.75,644772,645679,648138,JAZV_27081991
83,1,4,2,1,1,0.75,651438,652543,654155,JAZV_27081991
84,1,2,7,2,1,0.75,657821,658959,660788,JAZV_27081991
85,0,5,2,2,1,0.25,664487,667871,669704,JAZV_27081991
86,0,8,4,2,1,0.25,672820,673567,676037,JAZV_27081991
87,0,7,2,2,0,0.25,679337,680431,682603,JAZV_27081991
88,0,4,6,2,1,0.25,686370,687263,689336,JAZV_27081991
89,0,3,6,2,1,0.25,692653,694191,696469,JAZV_27081991
90,0,2,3,1,0,0.25,699919,702959,705369,JAZV_27081991
91,0,8,8,2,1,0.25,709252,711710,714135,JAZV_27081991
92,0,4,7,1,0,0.25,718052,720654,723102,JAZV_27081991
93,0,4,5,2,1,0.25,726368,727214,729335,JAZV_27081991
94,0,2,6,2,1,0.25,732651,733454,735901,JAZV_27081991
95,0,6,6,1,0,0.25,739684,740734,742767,JAZV_27081991
96,0,2,4,2,1,0.25,746234,746926,749167,JAZV_27081991
97,1,4,8,2,1,0.15,756383,757374,759417,JAZV_27081991
98,1,3,8,2,1,0.15,763066,763838,766016,JAZV_27081991
99,1,5,8,2,1,0.15,769250,770126,772533,JAZV_27081991
100,1,6,3,2,1,0.15,776316,777918,779782,JAZV_27081991
101,1,7,5,2,1,0.15,783216,784238,786599,JAZV_27081991
102,1,3,5,1,0,0.15,790582,791662,793332,JAZV_27081991
103,1,3,7,2,0,0.15,797148,798510,800715,JAZV_27081991
104,1,3,5,2,0,0.15,804131,806174,808515,JAZV_27081991
105,1,3,8,2,1,0.15,812281,813598,815581,JAZV_27081991
106,1,2,6,2,1,0.15,818831,820510,822381,JAZV_27081991
107,1,5,8,2,1,0.15,825697,827198,828880,JAZV_27081991
108,1,5,6,2,1,0.15,832413,835022,836580,JAZV_27081991
109,1,3,2,2,1,0.15,839896,841709,844180,JAZV_27081991
110,1,8,5,2,1,0.15,848229,848910,850896,JAZV_27081991
111,1,8,4,2,1,0.15,854863,855517,857262,JAZV_27081991
112,1,5,8,1,0,0.15,860379,862893,865212,JAZV_27081991
113,1,5,4,1,1,0.15,868879,870573,872862,JAZV_27081991
114,0,4,3,1,1,0.85,876612,877421,879428,JAZV_27081991
115,0,2,6,2,0,0.85,882845,883485,885811,JAZV_27081991
116,0,4,5,1,1,0.85,889061,890013,892411,JAZV_27081991
117,0,4,2,2,0,0.85,896061,896701,899094,JAZV_27081991
118,0,6,3,1,0,0.85,902477,903629,906144,JAZV_27081991
119,0,7,6,2,1,0.85,909577,910653,913160,JAZV_27081991
120,0,4,5,1,1,0.85,917110,917821,919726,JAZV_27081991
121,0,3,4,2,0,0.85,923426,925373,927443,JAZV_27081991
122,0,6,6,1,1,0.85,930759,931997,934326,JAZV_27081991
123,0,8,6,2,1,0.85,937826,938637,940775,JAZV_27081991
124,0,8,2,2,1,0.85,944642,947101,949525,JAZV_27081991
125,0,6,7,1,1,0.85,952825,954477,956491,JAZV_27081991
126,0,3,7,1,1,0.85,959941,961805,964058,JAZV_27081991
1,0,4,8,2,0,0.75,5449,7106,9532,JCZD_03071963
2,0,8,2,2,0,0.75,13216,16386,18849,JCZD_03071963
3,0,5,5,1,1,0.75,22832,24098,26548,JCZD_03071963
4,0,3,7,1,1,0.75,30015,32050,33931,JCZD_03071963
5,0,4,2,1,0,0.75,37048,39330,41298,JCZD_03071963
6,0,6,3,2,0,0.75,44714,46450,48447,JCZD_03071963
7,0,6,5,1,1,0.75,52464,52978,55330,JCZD_03071963
8,0,8,2,1,1,0.75,58797,63778,65497,JCZD_03071963
9,0,4,8,1,1,0.75,68613,71489,73130,JCZD_03071963
10,0,6,2,1,0,0.75,76596,78497,80296,JCZD_03071963
11,0,7,7,2,1,0.75,84263,85009,87246,JCZD_03071963
12,0,5,6,2,0,0.75,91096,92113,94545,JCZD_03071963
13,0,2,8,1,1,0.75,97762,98449,100178,JCZD_03071963
14,0,7,6,1,1,0.75,103978,104737,107128,JCZD_03071963
15,0,3,3,1,1,0.75,110845,111857,113978,JCZD_03071963
16,0,6,8,1,1,0.75,117911,118641,121044,JCZD_03071963
17,1,6,4,1,0,0.25,124811,125585,127211,JCZD_03071963
18,1,5,2,2,1,0.25,130294,131297,133544,JCZD_03071963
19,1,8,3,2,1,0.25,137060,138737,141260,JCZD_03071963
20,1,4,6,2,1,0.25,144793,146545,148276,JCZD_03071963
21,1,6,6,2,1,0.25,151443,152705,154893,JCZD_03071963
22,1,5,4,2,1,0.25,157926,159233,161109,JCZD_03071963
23,1,4,8,2,1,0.25,164409,165745,167742,JCZD_03071963
24,1,6,4,2,0,0.25,171059,172289,174492,JCZD_03071963
25,1,6,6,2,1,0.25,178425,181873,183825,JCZD_03071963
26,1,8,2,2,0,0.25,187108,189025,191125,JCZD_03071963
27,1,2,3,1,0,0.25,194858,195872,198091,JCZD_03071963
28,1,5,5,2,1,0.25,201891,205472,207124,JCZD_03071963
29,1,4,4,2,1,0.25,210274,211520,213190,JCZD_03071963
30,1,8,3,1,1,0.85,221607,224464,226123,JCZD_03071963
31,1,6,7,1,0,0.85,229640,230512,232356,JCZD_03071963
32,1,8,4,2,0,0.85,235889,237792,239922,JCZD_03071963
33,1,5,2,1,0,0.85,243506,244960,247339,JCZD_03071963
34,1,2,5,1,1,0.85,250755,252032,254505,JCZD_03071963
35,1,7,5,1,1,0.85,258288,259264,260921,JCZD_03071963
36,1,2,8,1,1,0.85,264655,265664,267621,JCZD_03071963
37,1,8,7,1,1,0.85,271171,274592,276704,JCZD_03071963
38,1,5,5,1,1,0.85,279821,280896,283387,JCZD_03071963
39,1,7,8,1,1,0.85,287154,287968,290104,JCZD_03071963
40,1,2,2,1,0,0.85,293870,294976,297087,JCZD_03071963
41,1,8,3,2,0,0.85,300536,302944,304620,JCZD_03071963
42,1,2,5,1,1,0.85,308019,310112,312603,JCZD_03071963
43,1,7,8,1,1,0.85,315852,316448,318036,JCZD_03071963
44,1,3,3,1,1,0.85,321219,322271,324069,JCZD_03071963
45,1,7,2,1,0,0.85,327485,328335,330085,JCZD_03071963
46,0,6,8,2,1,0.15,333685,334479,336685,JCZD_03071963
47,0,3,7,2,1,0.15,340601,341391,343635,JCZD_03071963
48,0,2,8,2,1,0.15,347268,348399,350634,JCZD_03071963
49,0,3,7,2,1,0.15,354534,355327,357167,JCZD_03071963
50,0,5,2,2,1,0.15,360534,361503,363684,JCZD_03071963
51,0,6,6,2,0,0.15,367034,369151,371350,JCZD_03071963
52,0,7,5,2,1,0.15,375283,376575,378700,JCZD_03071963
53,0,4,3,2,0,0.15,382133,383759,386016,JCZD_03071963
54,0,8,5,1,0,0.15,389899,390815,393199,JCZD_03071963
55,0,2,4,2,1,0.15,397066,401535,404049,JCZD_03071963
56,0,3,7,2,0,0.15,407182,408575,410498,JCZD_03071963
57,0,8,2,1,0,0.15,414048,419567,421148,JCZD_03071963
58,1,6,8,1,1,0.75,430881,433119,435097,JCZD_03071963
59,1,6,6,1,1,0.75,438497,439535,441480,JCZD_03071963
60,1,3,6,1,1,0.75,445497,447119,449313,JCZD_03071963
61,1,4,6,1,1,0.75,452363,453198,455180,JCZD_03071963
62,1,5,2,1,1,0.75,458930,460366,462446,JCZD_03071963
63,1,2,6,1,1,0.75,466479,467902,470079,JCZD_03071963
64,1,6,8,1,1,0.75,474062,475038,477195,JCZD_03071963
65,1,7,4,1,1,0.75,480812,481614,484112,JCZD_03071963
66,1,2,2,1,0,0.75,487278,488526,490678,JCZD_03071963
67,1,8,3,1,1,0.75,493895,495534,497328,JCZD_03071963
68,1,6,3,1,1,0.75,500378,501902,504344,JCZD_03071963
69,1,8,3,1,1,0.75,507777,508654,510694,JCZD_03071963
70,1,8,7,1,1,0.75,514144,515822,518077,JCZD_03071963
71,1,6,3,1,1,0.75,521643,522894,524860,JCZD_03071963
72,1,3,4,1,0,0.75,528710,530462,532710,JCZD_03071963
73,1,2,4,2,0,0.75,536276,539950,541593,JCZD_03071963
74,1,8,5,1,1,0.75,544876,545678,547359,JCZD_03071963
75,1,4,2,1,1,0.75,550576,551454,553392,JCZD_03071963
76,0,2,8,1,0,0.25,557392,558142,560358,JCZD_03071963
77,0,7,8,1,0,0.25,564075,566542,568091,JCZD_03071963
78,0,4,6,2,1,0.25,571308,572094,574041,JCZD_03071963
79,0,2,3,2,1,0.25,577441,578286,580274,JCZD_03071963
80,0,4,7,2,0,0.25,584124,587453,589474,JCZD_03071963
81,0,2,7,2,1,0.25,593390,594077,596407,JCZD_03071963
82,0,5,6,2,1,0.25,599807,600717,602740,JCZD_03071963
83,0,8,6,2,1,0.25,606256,607645,609690,JCZD_03071963
84,0,2,4,2,1,0.25,613206,614925,616673,JCZD_03071963
85,0,5,6,2,1,0.25,620256,621645,623722,JCZD_03071963
86,0,8,8,2,0,0.25,627222,627965,629522,JCZD_03071963
87,0,7,3,2,1,0.25,632605,635197,637355,JCZD_03071963
88,0,4,8,2,1,0.25,640805,641901,644138,JCZD_03071963
89,0,7,5,2,1,0.25,647421,650461,652121,JCZD_03071963
90,0,8,7,2,0,0.85,660787,664381,666187,JCZD_03071963
91,0,8,2,1,0,0.85,669837,670605,673020,JCZD_03071963
92,0,8,7,2,0,0.85,676737,679101,681337,JCZD_03071963
93,0,2,3,1,1,0.85,684920,685901,688403,JCZD_03071963
94,0,4,4,1,1,0.85,691936,692877,695119,JCZD_03071963
95,0,6,4,1,1,0.85,698169,698941,701386,JCZD_03071963
96,0,8,7,1,1,0.85,704702,708029,710002,JCZD_03071963
97,0,5,6,1,1,0.85,713585,714524,716435,JCZD_03071963
98,0,5,2,1,0,0.85,719585,720588,722851,JCZD_03071963
99,0,8,3,1,1,0.85,726118,727052,729201,JCZD_03071963
100,0,7,6,1,1,0.85,732484,733484,735951,JCZD_03071963
101,0,7,6,1,1,0.85,739684,741292,743401,JCZD_03071963
102,0,3,7,1,1,0.85,746734,747868,749967,JCZD_03071963
103,0,8,3,1,1,0.85,753717,754428,756200,JCZD_03071963
104,0,2,7,1,1,0.85,759733,761548,763650,JCZD_03071963
105,0,2,3,1,1,0.85,767483,768524,770233,JCZD_03071963
106,0,3,7,1,1,0.85,773983,774956,776582,JCZD_03071963
107,1,4,7,1,1,0.15,780349,781388,783065,JCZD_03071963
108,1,7,4,1,0,0.15,786682,787484,789932,JCZD_03071963
109,1,2,6,1,0,0.15,793382,795516,797665,JCZD_03071963
110,1,3,6,2,1,0.15,801531,803612,805214,JCZD_03071963
111,1,4,6,2,1,0.15,809048,810060,811748,JCZD_03071963
112,1,6,4,2,1,0.15,815464,816652,818831,JCZD_03071963
113,1,8,2,2,1,0.15,822030,823244,825697,JCZD_03071963
114,1,4,4,2,1,0.15,829213,830476,832830,JCZD_03071963
115,1,2,3,2,1,0.15,836680,837580,839463,JCZD_03071963
116,1,3,5,3,1,0.15,842596,843579,846063,JCZD_03071963
117,1,8,4,2,1,0.15,849263,850443,852829,JCZD_03071963
118,1,2,4,2,1,0.15,856579,857915,859929,JCZD_03071963
1,0,3,8,3,1,0.15,44031,92916,94595,JDRP_06081956
2,0,3,6,2,0,0.15,98262,104851,107212,JDRP_06081956
3,0,6,2,1,0,0.15,110411,112499,114461,JDRP_06081956
4,0,6,8,1,0,0.15,118494,120131,121994,JDRP_06081956
5,0,5,7,2,1,0.15,125361,127811,129427,JDRP_06081956
6,0,4,8,2,1,0.15,133010,134979,136894,JDRP_06081956
7,0,4,8,2,0,0.15,140343,142003,144177,JDRP_06081956
8,0,3,5,1,0,0.15,147476,150307,152376,JDRP_06081956
9,0,6,4,2,1,0.15,155509,158419,160409,JDRP_06081956
10,0,5,3,2,1,0.15,163859,165043,167359,JDRP_06081956
11,0,8,6,1,0,0.15,170692,174307,176409,JDRP_06081956
12,0,5,2,2,1,0.15,179858,180883,183192,JDRP_06081956
13,0,4,5,1,0,0.15,186675,188563,190491,JDRP_06081956
14,0,7,4,2,1,0.15,193991,195811,198241,JDRP_06081956
15,0,7,3,2,0,0.15,201874,204915,207340,JDRP_06081956
16,0,4,5,1,0,0.15,211024,213123,215040,JDRP_06081956
17,1,4,6,2,0,0.85,218907,221203,223523,JDRP_06081956
18,1,5,6,2,0,0.85,227356,230098,231773,JDRP_06081956
19,1,7,6,1,1,0.85,234939,237458,239056,JDRP_06081956
20,1,7,7,1,1,0.85,242272,245474,247222,JDRP_06081956
21,1,8,2,1,1,0.85,250772,253474,255822,JDRP_06081956
22,1,4,5,2,0,0.85,258905,261858,263671,JDRP_06081956
23,1,5,7,1,1,0.85,267488,269714,271754,JDRP_06081956
24,1,7,6,2,0,0.85,275521,277794,279771,JDRP_06081956
25,1,4,7,1,1,0.85,283004,285138,287237,JDRP_06081956
26,1,3,8,1,1,0.85,290404,292322,294687,JDRP_06081956
27,1,4,4,1,1,0.85,298553,301794,303686,JDRP_06081956
28,1,3,2,2,1,0.85,307453,309698,311736,JDRP_06081956
29,1,4,4,2,0,0.25,323252,325618,327652,JDRP_06081956
30,1,6,2,2,1,0.25,331052,332194,334568,JDRP_06081956
31,1,5,7,1,0,0.25,338251,339778,341451,JDRP_06081956
32,1,7,4,2,0,0.25,344701,347986,349634,JDRP_06081956
33,1,3,8,2,1,0.25,353351,356450,358934,JDRP_06081956
34,1,5,3,1,0,0.25,362950,366290,368433,JDRP_06081956
35,1,4,3,1,1,0.25,372033,373042,375383,JDRP_06081956
36,1,2,7,1,1,0.25,378666,379969,381966,JDRP_06081956
37,1,4,8,1,0,0.25,385749,389505,391249,JDRP_06081956
38,1,2,6,2,1,0.25,394482,397665,399315,JDRP_06081956
39,1,8,6,2,0,0.25,402599,406273,408182,JDRP_06081956
40,1,7,2,1,0,0.25,411382,412689,414398,JDRP_06081956
41,1,8,6,2,0,0.25,417998,421345,423431,JDRP_06081956
42,1,7,5,2,1,0.25,427114,430497,432664,JDRP_06081956
43,1,6,4,1,0,0.25,436347,439057,440714,JDRP_06081956
44,1,2,4,2,0,0.25,444564,446129,448030,JDRP_06081956
45,1,3,3,2,0,0.25,451313,454081,456130,JDRP_06081956
46,1,5,5,1,0,0.25,459313,462161,464463,JDRP_06081956
47,0,3,2,1,0,0.75,467679,470209,471796,JDRP_06081956
48,0,8,3,2,1,0.75,475662,479105,480845,JDRP_06081956
49,0,4,2,1,1,0.75,484828,488081,490278,JDRP_06081956
50,0,6,3,1,1,0.75,494078,498081,500211,JDRP_06081956
51,0,6,6,1,0,0.75,503244,507441,509011,JDRP_06081956
52,0,7,8,2,1,0.75,512461,514785,516594,JDRP_06081956
53,0,4,7,1,0,0.75,519677,521840,524193,JDRP_06081956
54,0,6,8,2,0,0.75,527477,529216,531493,JDRP_06081956
55,0,3,8,2,0,0.75,535310,537888,539543,JDRP_06081956
56,0,3,5,1,1,0.75,542626,544640,546809,JDRP_06081956
57,0,3,5,2,0,0.75,550476,555088,557592,JDRP_06081956
58,0,2,5,2,0,0.75,561542,565280,567408,JDRP_06081956
59,0,2,6,2,0,0.75,570725,575808,577408,JDRP_06081956
60,0,7,2,1,0,0.75,580741,582800,584357,JDRP_06081956
61,1,7,6,2,1,0.15,596024,600512,602140,JDRP_06081956
62,1,5,6,2,1,0.15,605523,607936,609523,JDRP_06081956
63,1,5,3,2,1,0.15,613539,618624,621022,JDRP_06081956
64,1,2,7,2,1,0.15,624072,627184,629222,JDRP_06081956
65,1,8,5,2,1,0.15,632939,635888,637888,JDRP_06081956
66,1,8,8,2,0,0.15,641288,646752,648721,JDRP_06081956
67,1,8,2,1,0,0.15,652021,655472,657588,JDRP_06081956
68,1,2,4,2,1,0.15,660721,662703,664854,JDRP_06081956
69,1,8,6,1,0,0.15,668054,671391,672920,JDRP_06081956
70,1,8,2,2,1,0.15,676837,680399,682286,JDRP_06081956
71,1,4,5,1,0,0.15,685420,688639,690503,JDRP_06081956
72,1,5,7,2,1,0.15,693886,696319,697986,JDRP_06081956
73,1,3,4,2,1,0.15,701519,705455,707285,JDRP_06081956
74,1,6,5,2,1,0.15,710852,713775,716202,JDRP_06081956
75,1,3,6,1,0,0.15,719435,723183,725418,JDRP_06081956
76,1,2,7,1,0,0.15,729218,731999,734268,JDRP_06081956
77,0,2,7,2,0,0.85,737734,740543,742901,JDRP_06081956
78,0,3,5,2,1,0.85,746067,750639,752850,JDRP_06081956
79,0,5,4,1,0,0.85,755950,759439,761933,JDRP_06081956
80,0,2,5,2,0,0.85,765100,768815,770983,JDRP_06081956
81,0,8,6,1,1,0.85,774549,777615,779499,JDRP_06081956
82,0,4,6,1,1,0.85,783065,786255,788615,JDRP_06081956
83,0,6,5,1,1,0.85,792415,795119,796782,JDRP_06081956
84,0,5,5,2,0,0.85,800015,802238,804215,JDRP_06081956
85,0,7,2,1,0,0.85,807564,811726,813714,JDRP_06081956
86,0,4,4,2,0,0.85,816797,820238,822730,JDRP_06081956
87,0,5,7,2,0,0.85,826580,830062,832547,JDRP_06081956
88,0,5,7,1,1,0.85,835713,839614,842063,JDRP_06081956
89,0,6,8,2,1,0.85,846046,848494,850329,JDRP_06081956
90,1,5,7,2,0,0.75,861562,865534,867228,JDRP_06081956
91,1,2,8,2,0,0.75,870728,872782,874595,JDRP_06081956
92,1,5,7,1,1,0.75,877628,882174,883744,JDRP_06081956
93,1,4,7,2,1,0.75,886811,888670,891111,JDRP_06081956
94,1,5,2,1,1,0.75,894644,899022,900710,JDRP_06081956
95,1,8,8,1,0,0.75,904710,908446,910877,JDRP_06081956
96,1,7,8,2,1,0.75,914593,917758,919743,JDRP_06081956
97,1,7,5,2,0,0.75,923609,925230,926826,JDRP_06081956
98,1,7,4,1,1,0.75,930142,931838,933726,JDRP_06081956
99,1,4,2,1,1,0.75,937509,940126,941659,JDRP_06081956
100,1,4,8,1,1,0.75,944825,948189,950725,JDRP_06081956
101,1,7,8,2,0,0.75,954258,956541,958524,JDRP_06081956
102,1,8,3,1,1,0.75,962224,964845,966457,JDRP_06081956
103,1,7,6,2,0,0.75,969574,973261,975007,JDRP_06081956
104,1,2,2,1,0,0.75,978257,981373,983740,JDRP_06081956
105,1,4,3,2,0,0.75,987557,990077,992390,JDRP_06081956
106,1,5,6,2,0,0.75,996006,998125,1000323,JDRP_06081956
107,0,6,4,2,1,0.25,1003706,1007405,1008972,JDRP_06081956
108,0,2,2,2,1,0.25,1012389,1014477,1016705,JDRP_06081956
109,0,8,7,1,0,0.25,1019905,1023213,1025155,JDRP_06081956
110,0,5,4,2,1,0.25,1028638,1031741,1033788,JDRP_06081956
111,0,6,4,2,1,0.25,1037421,1041453,1043237,JDRP_06081956
112,0,5,2,2,1,0.25,1046854,1048813,1050737,JDRP_06081956
113,0,3,4,2,1,0.25,1053854,1055165,1057170,JDRP_06081956
114,0,4,3,1,1,0.25,1061053,1062445,1064303,JDRP_06081956
115,0,5,3,1,0,0.25,1067470,1072461,1074703,JDRP_06081956
116,0,5,4,2,0,0.25,1078019,1079405,1081636,JDRP_06081956
117,0,8,4,1,0,0.25,1085186,1087468,1089035,JDRP_06081956
118,0,2,5,1,0,0.25,1093069,1094700,1096252,JDRP_06081956
119,0,8,4,2,1,0.25,1099668,1102684,1104435,JDRP_06081956
120,0,8,3,1,0,0.25,1108268,1110428,1112318,JDRP_06081956
121,0,8,5,1,0,0.25,1115734,1120028,1121834,JDRP_06081956
122,0,2,7,2,0,0.25,1124951,1129180,1130850,JDRP_06081956
1,0,3,5,2,1,0.15,26482,28576,30848,JFFA_04101976
2,0,4,2,2,1,0.15,34231,35008,37298,JFFA_04101976
3,0,4,3,2,1,0.15,40998,41760,44181,JFFA_04101976
4,0,3,4,2,1,0.15,47414,48096,50114,JFFA_04101976
5,0,6,8,2,1,0.15,53830,54528,56747,JFFA_04101976
6,0,8,8,2,1,0.15,60514,61200,63713,JFFA_04101976
7,0,8,5,2,1,0.15,67747,68416,70963,JFFA_04101976
8,0,5,8,2,1,0.15,74880,75456,77579,JFFA_04101976
9,0,3,2,2,0,0.15,81129,81728,84129,JFFA_04101976
10,0,4,2,2,1,0.15,87829,88864,90862,JFFA_04101976
11,0,5,6,2,1,0.15,94662,95280,97295,JFFA_04101976
12,0,4,6,2,1,0.15,100662,101216,103445,JFFA_04101976
13,0,2,6,2,1,0.15,106778,107520,109628,JFFA_04101976
14,0,6,8,2,0,0.15,113061,113472,115544,JFFA_04101976
15,0,4,5,1,0,0.15,119661,120495,122644,JFFA_04101976
16,0,7,6,2,1,0.15,126244,126639,128244,JFFA_04101976
17,0,5,6,2,1,0.15,132010,132895,134860,JFFA_04101976
18,0,3,5,2,1,0.15,138843,139615,141460,JFFA_04101976
19,1,5,6,2,0,0.85,145343,145951,148476,JFFA_04101976
20,1,7,8,2,0,0.85,152510,152943,155126,JFFA_04101976
21,1,6,3,1,1,0.85,158859,159375,161342,JFFA_04101976
22,1,7,5,1,1,0.85,164926,165599,167476,JFFA_04101976
23,1,5,8,1,1,0.85,171475,172095,174625,JFFA_04101976
24,1,4,3,1,1,0.85,178358,179087,181492,JFFA_04101976
25,1,4,5,1,1,0.85,185125,185775,187708,JFFA_04101976
26,1,6,7,1,0,0.85,191541,192063,193891,JFFA_04101976
27,1,4,5,2,1,0.85,197474,198175,200357,JFFA_04101976
28,1,3,2,2,0,0.85,203807,204799,206890,JFFA_04101976
29,1,6,2,1,1,0.85,210790,211311,213440,JFFA_04101976
30,1,3,5,1,1,0.85,216823,217807,219973,JFFA_04101976
31,1,6,6,1,1,0.85,223973,224527,226490,JFFA_04101976
32,1,5,3,1,1,0.85,230523,231135,233006,JFFA_04101976
33,0,3,7,2,0,0.75,243072,244559,246389,JFFA_04101976
34,0,4,2,1,1,0.75,249839,251023,252888,JFFA_04101976
35,0,4,4,1,1,0.75,256855,257279,259372,JFFA_04101976
36,0,3,6,1,1,0.75,263138,264063,266021,JFFA_04101976
37,0,6,7,1,1,0.75,269988,270734,272754,JFFA_04101976
38,0,3,8,1,0,0.75,276671,277262,279354,JFFA_04101976
39,0,6,6,1,1,0.75,283320,284030,286320,JFFA_04101976
40,0,7,7,1,1,0.75,289654,290526,292103,JFFA_04101976
41,0,4,6,1,1,0.75,295670,296462,298436,JFFA_04101976
42,0,5,2,1,1,0.75,301803,302462,304803,JFFA_04101976
43,0,3,3,1,1,0.75,308169,308654,310286,JFFA_04101976
44,0,6,3,2,0,0.75,314069,314494,316169,JFFA_04101976
45,0,3,3,1,1,0.75,320136,321198,323452,JFFA_04101976
46,0,5,8,1,1,0.75,327002,327502,329685,JFFA_04101976
47,0,3,7,1,0,0.75,333285,333918,335901,JFFA_04101976
48,0,5,3,1,1,0.75,339051,340542,342901,JFFA_04101976
49,1,7,6,1,0,0.25,346051,347422,349401,JFFA_04101976
50,1,3,3,2,1,0.25,353017,353758,355734,JFFA_04101976
51,1,7,4,2,0,0.25,359584,359950,361617,JFFA_04101976
52,1,5,3,1,0,0.25,364784,365534,367317,JFFA_04101976
53,1,7,2,1,0,0.25,371250,372158,374666,JFFA_04101976
54,1,3,8,2,1,0.25,378083,378430,380933,JFFA_04101976
55,1,6,5,2,0,0.25,384499,385358,387349,JFFA_04101976
56,1,8,4,2,1,0.25,391182,391726,394132,JFFA_04101976
57,1,3,2,2,1,0.25,397715,398270,399915,JFFA_04101976
58,1,4,7,2,0,0.25,403899,404397,406198,JFFA_04101976
59,1,8,3,1,0,0.25,409432,410029,412498,JFFA_04101976
60,1,2,3,2,0,0.25,416331,417165,418781,JFFA_04101976
61,1,3,8,2,1,0.25,422198,424093,426631,JFFA_04101976
62,1,6,6,2,1,0.25,429914,430765,432447,JFFA_04101976
63,0,8,3,2,1,0.25,442230,444013,445847,JFFA_04101976
64,0,2,4,2,0,0.25,449847,450461,452963,JFFA_04101976
65,0,8,3,2,0,0.25,456846,458477,460263,JFFA_04101976
66,0,5,8,2,1,0.25,463679,465501,467346,JFFA_04101976
67,0,7,8,2,1,0.25,471396,472381,474179,JFFA_04101976
68,0,6,8,2,1,0.25,477829,478461,480345,JFFA_04101976
69,0,4,3,2,0,0.25,484095,485853,488261,JFFA_04101976
70,0,4,2,1,0,0.25,492045,492701,494645,JFFA_04101976
71,0,5,8,2,0,0.25,498528,499277,501594,JFFA_04101976
72,0,8,8,2,1,0.25,505311,506301,508444,JFFA_04101976
73,0,5,6,2,1,0.25,512127,512749,514860,JFFA_04101976
74,0,3,6,2,1,0.25,518010,518797,520427,JFFA_04101976
75,0,3,5,2,0,0.25,523843,525341,527276,JFFA_04101976
76,0,5,6,1,0,0.25,530510,531117,532676,JFFA_04101976
77,0,8,5,2,1,0.25,536276,537645,539676,JFFA_04101976
78,0,5,8,1,1,0.25,543626,544860,547159,JFFA_04101976
79,0,2,3,2,1,0.25,550492,552988,555475,JFFA_04101976
80,0,4,8,2,1,0.25,558675,561388,563008,JFFA_04101976
81,0,5,8,2,1,0.25,566475,567436,569658,JFFA_04101976
82,0,3,7,1,0,0.25,573391,575196,577091,JFFA_04101976
83,1,3,7,2,0,0.75,580374,581116,582907,JFFA_04101976
84,1,5,6,2,0,0.75,586841,589148,591674,JFFA_04101976
85,1,5,3,1,0,0.75,595007,595580,597923,JFFA_04101976
86,1,5,5,2,0,0.75,601690,602876,604723,JFFA_04101976
87,1,5,8,1,1,0.75,608556,609884,611939,JFFA_04101976
88,1,2,8,2,0,0.75,615439,616620,618606,JFFA_04101976
89,1,8,7,2,0,0.75,622206,623980,625772,JFFA_04101976
90,1,7,7,1,1,0.75,629055,630684,632455,JFFA_04101976
91,1,4,8,1,1,0.75,635788,637660,639838,JFFA_04101976
92,1,2,5,1,1,0.75,643838,644636,646438,JFFA_04101976
93,1,7,7,1,0,0.75,649788,650892,653054,JFFA_04101976
94,1,4,8,1,1,0.75,656354,657900,659837,JFFA_04101976
95,0,5,8,2,0,0.85,670354,671500,673787,JFFA_04101976
96,0,2,5,2,1,0.85,677820,679196,681653,JFFA_04101976
97,0,3,5,2,0,0.85,684886,685499,687169,JFFA_04101976
98,0,5,5,2,0,0.85,690453,693227,695286,JFFA_04101976
99,0,7,7,1,1,0.85,698552,699435,701252,JFFA_04101976
100,0,2,7,1,1,0.85,704785,705323,707752,JFFA_04101976
101,0,2,2,1,1,0.85,711635,712715,714368,JFFA_04101976
102,0,8,6,1,1,0.85,717502,718363,720001,JFFA_04101976
103,0,2,5,2,0,0.85,723351,723867,725868,JFFA_04101976
104,0,7,4,1,1,0.85,729218,729771,732201,JFFA_04101976
105,0,7,2,1,0,0.85,736134,736923,739101,JFFA_04101976
106,0,3,2,2,0,0.85,743050,744779,746767,JFFA_04101976
107,0,6,3,1,1,0.85,749917,750971,753333,JFFA_04101976
108,0,3,3,1,1,0.85,757050,758571,760466,JFFA_04101976
109,0,6,5,1,1,0.85,764383,764939,767416,JFFA_04101976
110,0,4,7,1,1,0.85,771016,771611,773232,JFFA_04101976
111,1,6,3,1,0,0.15,776749,777355,779182,JFFA_04101976
112,1,6,3,2,1,0.15,782699,783195,785282,JFFA_04101976
113,1,3,6,2,1,0.15,789298,790123,792098,JFFA_04101976
114,1,2,8,2,0,0.15,795898,796539,798681,JFFA_04101976
115,1,6,4,1,0,0.15,802731,803339,805164,JFFA_04101976
116,1,4,6,2,1,0.15,808514,809291,811814,JFFA_04101976
117,1,4,5,2,1,0.15,815231,815947,818180,JFFA_04101976
118,1,8,7,2,1,0.15,821414,821963,823814,JFFA_04101976
119,1,7,4,2,1,0.15,827880,829114,831080,JFFA_04101976
120,1,6,8,2,0,0.15,834413,834970,837113,JFFA_04101976
121,1,3,8,2,1,0.15,840746,842202,844229,JFFA_04101976
122,1,4,7,2,1,0.15,848146,849242,851329,JFFA_04101976
1,1,4,5,2,1,0.15,29481,30356,32231,JFSO_05061967
2,1,5,3,2,1,0.15,36331,37268,38948,JFSO_05061967
3,1,6,6,2,1,0.15,42064,42932,44648,JFSO_05061967
4,1,2,8,2,0,0.15,47881,48532,50781,JFSO_05061967
5,1,2,6,2,1,0.15,54830,55540,57764,JFSO_05061967
6,1,4,7,2,1,0.15,61730,62884,65197,JFSO_05061967
7,1,2,5,2,1,0.15,68913,69748,71413,JFSO_05061967
8,1,2,6,2,1,0.15,74880,76036,78396,JFSO_05061967
9,1,4,2,1,0,0.15,82213,83556,85662,JFSO_05061967
10,1,3,5,2,1,0.15,89346,90180,92379,JFSO_05061967
11,1,7,3,2,1,0.15,95512,96756,98712,JFSO_05061967
12,1,7,6,2,1,0.15,102145,102980,105262,JFSO_05061967
13,1,4,7,2,1,0.15,109261,110116,112211,JFSO_05061967
14,1,7,7,2,1,0.15,116044,116819,118878,JFSO_05061967
15,1,6,4,2,1,0.15,122027,123059,125244,JFSO_05061967
16,1,4,2,2,1,0.15,129310,130115,132210,JFSO_05061967
17,0,7,2,2,0,0.85,136110,136739,138377,JFSO_05061967
18,0,5,6,2,0,0.85,141693,142483,144726,JFSO_05061967
19,0,3,2,1,1,0.85,148443,149123,151310,JFSO_05061967
20,0,4,8,2,0,0.85,154759,155683,157509,JFSO_05061967
21,0,8,3,1,1,0.85,160709,161603,163492,JFSO_05061967
22,0,2,3,1,1,0.85,166959,168051,170559,JFSO_05061967
23,0,2,5,1,1,0.85,174242,175251,177742,JFSO_05061967
24,0,7,4,1,0,0.85,181175,181987,183808,JFSO_05061967
25,0,6,2,1,1,0.85,187675,188435,190474,JFSO_05061967
26,0,7,8,1,1,0.85,193891,194595,196758,JFSO_05061967
27,0,4,8,2,1,0.85,200607,201475,203991,JFSO_05061967
28,0,2,2,2,0,0.85,208040,208979,210974,JFSO_05061967
29,0,6,5,1,0,0.25,220873,221731,223440,JFSO_05061967
30,0,4,2,2,1,0.25,227173,228083,229956,JFSO_05061967
31,0,7,5,2,0,0.25,233723,234275,236439,JFSO_05061967
32,0,6,2,2,1,0.25,240322,240995,242572,JFSO_05061967
33,0,7,5,1,0,0.25,246072,246755,248389,JFSO_05061967
34,0,8,2,1,1,0.25,251988,253059,254872,JFSO_05061967
35,0,4,8,1,1,0.25,258322,259250,261771,JFSO_05061967
36,0,3,2,2,1,0.25,264905,265666,267254,JFSO_05061967
37,0,4,7,1,0,0.25,270671,271858,273571,JFSO_05061967
38,0,7,4,2,1,0.25,277254,277922,279554,JFSO_05061967
39,0,3,6,2,1,0.25,282837,283378,285204,JFSO_05061967
40,0,3,2,1,0,0.25,289187,289826,292370,JFSO_05061967
41,0,3,7,2,1,0.25,296053,296850,298720,JFSO_05061967
42,0,8,7,2,1,0.25,302820,303490,305519,JFSO_05061967
43,0,5,4,2,1,0.25,309586,310594,313019,JFSO_05061967
44,0,3,7,2,1,0.25,316202,316978,318836,JFSO_05061967
45,1,8,5,1,1,0.75,322369,323154,325719,JFSO_05061967
46,1,5,5,1,1,0.75,329252,330354,332502,JFSO_05061967
47,1,6,2,1,0,0.75,335718,336386,338535,JFSO_05061967
48,1,5,5,1,1,0.75,342035,342898,344918,JFSO_05061967
49,1,3,6,2,0,0.75,348834,349810,352034,JFSO_05061967
50,1,5,3,1,1,0.75,355434,356546,358151,JFSO_05061967
51,1,2,6,1,1,0.75,361584,361986,364034,JFSO_05061967
52,1,3,8,1,0,0.75,367400,368146,369917,JFSO_05061967
53,1,6,6,2,0,0.75,373283,373810,375766,JFSO_05061967
54,1,4,8,2,1,0.75,379783,380370,382566,JFSO_05061967
55,1,6,6,2,0,0.75,386566,387314,389283,JFSO_05061967
56,1,2,3,1,0,0.75,392499,393186,395116,JFSO_05061967
57,1,8,4,1,1,0.75,398815,399682,401315,JFSO_05061967
58,1,3,8,2,0,0.75,404415,405137,407015,JFSO_05061967
59,1,2,3,2,0,0.75,410782,411905,413681,JFSO_05061967
60,1,5,8,1,1,0.75,417065,417697,419415,JFSO_05061967
61,1,5,2,1,0,0.75,422948,423633,426181,JFSO_05061967
62,1,7,3,1,1,0.75,429831,430609,432447,JFSO_05061967
63,1,4,8,2,1,0.25,442147,442849,444597,JFSO_05061967
64,1,3,6,2,1,0.25,447763,449185,451563,JFSO_05061967
65,1,5,5,1,0,0.25,455030,455985,457896,JFSO_05061967
66,1,2,7,2,1,0.25,461779,463073,465629,JFSO_05061967
67,1,3,6,2,0,0.25,469512,470017,472462,JFSO_05061967
68,1,7,7,2,1,0.25,475745,476289,478579,JFSO_05061967
69,1,6,4,2,1,0.25,482145,482609,484295,JFSO_05061967
70,1,8,5,2,0,0.25,487828,488913,490495,JFSO_05061967
71,1,5,7,1,0,0.25,494511,494993,496711,JFSO_05061967
72,1,6,5,1,0,0.25,500811,502209,503794,JFSO_05061967
73,1,6,4,1,0,0.25,507161,507969,509777,JFSO_05061967
74,1,4,7,2,1,0.25,513160,513761,516244,JFSO_05061967
75,1,6,6,2,1,0.25,519977,520545,522560,JFSO_05061967
76,1,8,2,1,0,0.25,525977,526753,529310,JFSO_05061967
77,1,8,4,2,1,0.25,533426,534321,536809,JFSO_05061967
78,1,7,7,2,0,0.25,539976,540464,542826,JFSO_05061967
79,0,5,4,1,1,0.75,546642,547280,548859,JFSO_05061967
80,0,8,3,1,1,0.75,552192,552960,555409,JFSO_05061967
81,0,4,4,1,1,0.75,558742,559328,561508,JFSO_05061967
82,0,6,7,1,0,0.75,564792,566128,567858,JFSO_05061967
83,0,4,7,2,0,0.75,571375,571888,573774,JFSO_05061967
84,0,2,4,2,1,0.75,576991,577712,579824,JFSO_05061967
85,0,6,5,2,1,0.75,583607,584512,586841,JFSO_05061967
86,0,6,3,1,0,0.75,589974,590656,592390,JFSO_05061967
87,0,6,7,2,0,0.75,596240,596800,598757,JFSO_05061967
88,0,8,3,2,0,0.75,602673,603024,605440,JFSO_05061967
89,0,3,7,2,0,0.75,609323,609824,611956,JFSO_05061967
90,0,7,3,1,1,0.75,615673,616512,618323,JFSO_05061967
91,1,8,5,2,0,0.85,627222,628336,630705,JFSO_05061967
92,1,7,4,2,1,0.85,634322,635232,637505,JFSO_05061967
93,1,3,5,2,1,0.85,640622,641760,644088,JFSO_05061967
94,1,3,3,2,0,0.85,647705,648512,651054,JFSO_05061967
95,1,7,4,2,0,0.85,654638,655840,657788,JFSO_05061967
96,1,7,6,2,0,0.85,661204,662032,664154,JFSO_05061967
97,1,6,2,1,1,0.85,667320,667968,670137,JFSO_05061967
98,1,5,7,2,0,0.85,673920,674784,676637,JFSO_05061967
99,1,5,3,1,1,0.85,680153,680703,682586,JFSO_05061967
100,1,6,5,1,1,0.85,685970,686576,688919,JFSO_05061967
101,1,4,3,1,1,0.85,692686,693343,695053,JFSO_05061967
102,1,6,8,2,0,0.85,698336,699695,702169,JFSO_05061967
103,1,8,8,1,1,0.85,706102,706863,708702,JFSO_05061967
104,1,7,4,1,1,0.85,712702,713599,715652,JFSO_05061967
105,1,5,6,1,0,0.85,719085,720175,722101,JFSO_05061967
106,1,7,3,1,0,0.85,725385,726079,728334,JFSO_05061967
107,1,3,7,2,1,0.85,731584,732575,734717,JFSO_05061967
108,1,6,5,1,1,0.85,738301,739295,741151,JFSO_05061967
109,0,3,5,2,1,0.15,744650,745263,747184,JFSO_05061967
110,0,2,7,2,0,0.15,751167,751823,754050,JFSO_05061967
111,0,3,2,1,0,0.15,757583,758239,759966,JFSO_05061967
112,0,5,8,2,1,0.15,763450,763919,766199,JFSO_05061967
113,0,4,3,2,1,0.15,770233,770815,773016,JFSO_05061967
114,0,7,4,1,0,0.15,776666,777327,779532,JFSO_05061967
115,0,4,2,1,0,0.15,782899,783823,785465,JFSO_05061967
116,0,5,2,2,1,0.15,789232,789999,791865,JFSO_05061967
117,0,4,5,2,1,0.15,795648,796399,798131,JFSO_05061967
118,0,6,2,2,1,0.15,802231,802991,804631,JFSO_05061967
119,0,5,6,2,1,0.15,807831,810095,811931,JFSO_05061967
120,0,3,6,2,1,0.15,815931,816447,818997,JFSO_05061967
1,0,2,2,1,1,0.15,41981,44075,46447,JGRF_24091991
2,0,2,8,1,0,0.15,49981,51035,52797,JGRF_24091991
3,0,5,6,1,0,0.15,56280,56795,58814,JGRF_24091991
4,0,6,5,2,0,0.15,62547,63515,65847,JGRF_24091991
5,0,4,5,1,0,0.15,69696,71211,73480,JGRF_24091991
6,0,6,3,2,1,0.15,77279,78347,80329,JGRF_24091991
7,0,8,3,2,0,0.15,84196,85259,87412,JGRF_24091991
8,0,8,8,2,1,0.15,90896,91579,93195,JGRF_24091991
9,0,3,3,2,1,0.15,97095,98011,100278,JGRF_24091991
10,0,5,8,2,1,0.15,103712,104635,106678,JGRF_24091991
11,0,4,2,2,1,0.15,109911,111147,112978,JGRF_24091991
12,0,7,3,2,1,0.15,116778,117339,119728,JGRF_24091991
13,0,8,2,2,1,0.15,123044,123563,126061,JGRF_24091991
14,0,4,4,2,1,0.15,129794,130459,132594,JGRF_24091991
15,0,2,5,2,1,0.15,136544,137098,139043,JGRF_24091991
16,0,3,6,2,0,0.15,142643,143179,145510,JGRF_24091991
17,0,6,7,2,1,0.15,149610,150106,152510,JGRF_24091991
18,1,7,7,2,0,0.85,155909,156506,158843,JGRF_24091991
19,1,6,7,1,1,0.85,162226,162842,164426,JGRF_24091991
20,1,4,8,1,1,0.85,168509,168890,171009,JGRF_24091991
21,1,2,6,1,1,0.85,175092,175578,177225,JGRF_24091991
22,1,8,6,1,1,0.85,180942,181466,183375,JGRF_24091991
23,1,7,7,1,1,0.85,187225,187914,189808,JGRF_24091991
24,1,6,3,1,1,0.85,193091,193642,196124,JGRF_24091991
25,1,4,2,1,1,0.85,199341,199834,201541,JGRF_24091991
26,1,6,3,1,1,0.85,205391,205786,208357,JGRF_24091991
27,1,7,6,1,0,0.85,211957,212442,214124,JGRF_24091991
28,1,5,2,1,1,0.85,217523,218010,219573,JGRF_24091991
29,1,2,6,1,0,0.85,223640,224506,226540,JGRF_24091991
30,1,5,6,1,0,0.85,229990,230650,233156,JGRF_24091991
31,1,7,3,1,1,0.75,246289,247930,249789,JGRF_24091991
32,1,2,6,1,1,0.75,253405,255178,257505,JGRF_24091991
33,1,7,5,1,1,0.75,261022,261578,264005,JGRF_24091991
34,1,4,8,1,1,0.75,267288,267866,269504,JGRF_24091991
35,1,4,4,1,1,0.75,272654,273274,275271,JGRF_24091991
36,1,6,2,1,1,0.75,278471,279193,281087,JGRF_24091991
37,1,7,8,1,1,0.75,284337,285033,287587,JGRF_24091991
38,1,4,8,1,0,0.75,291087,291737,293637,JGRF_24091991
39,1,3,2,1,1,0.75,296937,297609,299503,JGRF_24091991
40,1,4,4,1,1,0.75,303336,304169,305886,JGRF_24091991
41,1,6,3,1,1,0.75,309569,310281,312786,JGRF_24091991
42,1,2,6,2,0,0.75,316852,318697,320502,JGRF_24091991
43,1,2,3,1,0,0.75,323719,324649,327035,JGRF_24091991
44,1,2,6,2,1,0.75,330602,331049,332802,JGRF_24091991
45,1,5,2,2,0,0.75,336452,337273,339585,JGRF_24091991
46,1,4,5,2,0,0.75,343051,343481,345651,JGRF_24091991
47,1,4,8,2,0,0.75,348818,349433,351484,JGRF_24091991
48,1,7,8,1,1,0.75,355351,355913,358434,JGRF_24091991
49,1,6,2,1,1,0.75,361650,362153,364167,JGRF_24091991
50,0,7,2,1,0,0.25,367817,368265,370350,JGRF_24091991
51,0,5,4,1,0,0.25,374317,375049,377116,JGRF_24091991
52,0,5,6,2,1,0.25,380450,380921,382816,JGRF_24091991
53,0,8,7,2,1,0.25,386216,386777,388416,JGRF_24091991
54,0,8,6,2,1,0.25,392533,393193,394966,JGRF_24091991
55,0,8,4,2,0,0.25,398866,399849,401982,JGRF_24091991
56,0,8,5,2,1,0.25,405465,406072,408182,JGRF_24091991
57,0,3,5,2,1,0.25,412182,412856,415032,JGRF_24091991
58,0,2,6,2,1,0.25,418398,419064,421181,JGRF_24091991
59,0,5,3,2,1,0.25,424731,425656,427748,JGRF_24091991
60,0,7,2,2,1,0.25,431281,432392,434481,JGRF_24091991
61,0,3,8,2,1,0.25,437931,438776,441264,JGRF_24091991
62,0,2,8,2,1,0.25,444814,445352,447663,JGRF_24091991
63,0,7,7,2,0,0.25,451280,452024,454063,JGRF_24091991
64,0,7,3,1,1,0.75,469979,471304,473112,JGRF_24091991
65,0,4,7,2,1,0.75,476562,477256,478845,JGRF_24091991
66,0,8,8,2,0,0.75,482562,483432,485362,JGRF_24091991
67,0,5,2,1,0,0.75,488762,489368,491495,JGRF_24091991
68,0,4,3,1,1,0.75,495028,495736,497961,JGRF_24091991
69,0,2,7,1,1,0.75,501444,502584,504878,JGRF_24091991
70,0,4,3,1,1,0.75,508044,508504,510944,JGRF_24091991
71,0,2,6,1,1,0.75,514861,515592,517594,JGRF_24091991
72,0,5,8,1,1,0.75,520910,521640,523543,JGRF_24091991
73,0,3,3,1,1,0.75,526777,528072,530243,JGRF_24091991
74,0,8,3,1,1,0.75,534160,534679,536260,JGRF_24091991
75,0,7,4,1,1,0.75,539943,540599,542743,JGRF_24091991
76,0,4,6,1,0,0.75,546676,547479,549959,JGRF_24091991
77,0,5,4,1,1,0.75,553076,553703,556059,JGRF_24091991
78,0,6,3,1,1,0.75,559609,560199,562558,JGRF_24091991
79,0,5,5,1,1,0.75,565908,566791,568892,JGRF_24091991
80,0,7,2,1,1,0.75,572708,573559,575675,JGRF_24091991
81,0,8,3,1,1,0.75,579374,580503,582691,JGRF_24091991
82,0,6,6,1,1,0.75,586457,587095,588991,JGRF_24091991
83,0,8,4,1,1,0.75,592690,593319,595490,JGRF_24091991
84,0,2,5,1,1,0.75,598657,601991,604040,JGRF_24091991
85,0,2,5,1,1,0.75,608073,610391,612773,JGRF_24091991
86,1,2,2,1,0,0.25,616889,617463,619189,JGRF_24091991
87,1,6,3,2,1,0.25,622922,624135,625972,JGRF_24091991
88,1,5,7,2,1,0.25,629539,629959,631889,JGRF_24091991
89,1,5,2,2,0,0.25,635772,636263,638672,JGRF_24091991
90,1,6,8,2,1,0.25,642188,642215,644222,JGRF_24091991
91,1,3,4,2,1,0.25,647421,647975,649955,JGRF_24091991
92,1,3,7,2,1,0.25,653288,654055,656554,JGRF_24091991
93,1,7,7,2,1,0.25,659938,660583,663087,JGRF_24091991
94,1,7,7,2,1,0.25,666771,667414,669171,JGRF_24091991
95,1,6,8,2,1,0.25,672654,673286,675104,JGRF_24091991
96,1,8,8,2,1,0.25,678270,678982,680737,JGRF_24091991
97,1,5,6,2,0,0.25,684053,684550,686670,JGRF_24091991
98,1,5,3,3,1,0.15,702586,703750,705652,JGRF_24091991
99,1,2,5,2,0,0.15,709435,710214,712085,JGRF_24091991
100,1,7,8,2,1,0.15,715852,716534,718718,JGRF_24091991
101,1,4,8,2,1,0.15,722252,722806,725001,JGRF_24091991
102,1,2,2,2,1,0.15,728518,729430,731151,JGRF_24091991
103,1,3,4,2,1,0.15,734634,735222,737401,JGRF_24091991
104,1,7,5,2,1,0.15,741384,742326,743901,JGRF_24091991
105,1,7,6,2,0,0.15,747534,748294,750300,JGRF_24091991
106,1,8,4,2,1,0.15,753617,754214,756667,JGRF_24091991
107,1,5,4,2,1,0.15,760083,760886,763033,JGRF_24091991
108,1,7,4,2,1,0.15,767083,767462,769916,JGRF_24091991
109,1,3,5,2,1,0.15,773783,774518,776316,JGRF_24091991
110,1,4,2,2,1,0.15,780182,780902,782732,JGRF_24091991
111,1,4,5,2,0,0.15,786082,786678,788765,JGRF_24091991
112,1,6,8,2,1,0.15,792182,792742,794365,JGRF_24091991
113,1,2,4,2,1,0.15,798015,798613,800282,JGRF_24091991
114,1,7,3,2,1,0.15,804048,804901,806848,JGRF_24091991
115,0,5,5,2,0,0.85,810264,811445,813081,JGRF_24091991
116,0,8,8,2,0,0.85,816864,817445,819014,JGRF_24091991
117,0,6,6,1,1,0.85,822697,825109,826864,JGRF_24091991
118,0,6,2,1,1,0.85,830780,831253,833297,JGRF_24091991
119,0,4,2,1,1,0.85,836580,837077,839580,JGRF_24091991
120,0,4,3,1,1,0.85,843680,844309,846463,JGRF_24091991
121,0,5,8,1,1,0.85,850463,851269,852863,JGRF_24091991
122,0,6,7,1,1,0.85,856829,857509,859762,JGRF_24091991
123,0,5,8,1,0,0.85,863712,865013,866712,JGRF_24091991
124,0,8,7,1,1,0.85,869895,870629,872745,JGRF_24091991
125,0,4,3,1,1,0.85,876078,876725,878828,JGRF_24091991
126,0,4,8,2,0,0.85,882528,884597,886511,JGRF_24091991
127,0,4,8,1,0,0.85,889761,891269,893827,JGRF_24091991
128,0,7,8,1,1,0.85,897627,898613,900661,JGRF_24091991
129,0,5,8,1,1,0.85,904560,905301,907344,JGRF_24091991
130,0,8,4,1,1,0.85,910610,911173,913710,JGRF_24091991
131,0,6,6,1,1,0.85,917026,917925,920160,JGRF_24091991
132,0,5,5,1,1,0.85,924193,924836,926593,JGRF_24091991
1,0,6,3,1,1,0.75,33665,35142,37115,JLFB_27121987
2,0,6,4,1,1,0.75,40631,41734,44048,JLFB_27121987
3,0,7,8,1,0,0.75,47747,48870,50497,JLFB_27121987
4,0,8,5,1,1,0.75,53947,56134,58030,JLFB_27121987
5,0,6,6,1,0,0.75,61364,62710,64863,JLFB_27121987
6,0,7,4,1,1,0.75,68830,69670,72063,JLFB_27121987
7,0,4,2,1,1,0.75,75796,76678,78230,JLFB_27121987
8,0,7,6,1,0,0.75,82096,82806,84829,JLFB_27121987
9,0,8,3,1,0,0.75,88629,89350,91846,JLFB_27121987
10,0,6,5,1,1,0.75,95079,96374,98312,JLFB_27121987
11,0,5,8,1,1,0.75,101978,103014,104995,JLFB_27121987
12,0,4,5,1,1,0.75,108595,110870,113311,JLFB_27121987
13,0,6,6,1,1,0.75,117045,118070,120194,JLFB_27121987
14,0,8,8,1,1,0.75,124194,125030,127077,JLFB_27121987
15,0,6,3,1,1,0.75,130327,130998,132677,JLFB_27121987
16,0,8,7,1,0,0.75,136677,137510,139944,JLFB_27121987
17,0,3,6,1,1,0.75,143677,144918,146527,JLFB_27121987
18,0,8,3,1,0,0.75,149643,150485,152743,JLFB_27121987
19,0,8,3,1,1,0.75,156410,157173,159626,JLFB_27121987
20,0,6,6,1,0,0.75,163509,167925,169776,JLFB_27121987
21,0,6,2,1,1,0.75,172975,173733,175325,JLFB_27121987
22,0,5,3,1,0,0.75,178542,179189,181358,JLFB_27121987
23,0,3,2,1,1,0.75,184442,185349,187758,JLFB_27121987
24,1,4,7,1,1,0.25,191025,192773,194558,JLFB_27121987
25,1,6,6,1,0,0.25,197974,198597,200308,JLFB_27121987
26,1,7,8,1,1,0.25,203674,204197,206457,JLFB_27121987
27,1,5,8,1,0,0.25,210274,210949,213374,JLFB_27121987
28,1,5,2,1,0,0.25,217107,217781,219907,JLFB_27121987
29,1,5,4,1,0,0.25,223173,223669,225957,JLFB_27121987
30,1,4,3,1,0,0.25,229656,230245,232123,JLFB_27121987
31,1,5,5,1,0,0.25,236056,236773,239156,JLFB_27121987
32,1,6,2,1,0,0.25,243056,244117,245956,JLFB_27121987
33,1,4,3,2,1,0.25,249722,251333,253405,JLFB_27121987
34,1,4,3,2,0,0.25,256605,257205,258738,JLFB_27121987
35,1,5,4,2,1,0.25,262705,263317,264972,JLFB_27121987
36,1,3,6,2,1,0.85,279988,289764,292154,JLFB_27121987
37,1,7,6,2,0,0.85,295637,296884,299270,JLFB_27121987
38,1,6,5,2,0,0.85,303020,304804,306736,JLFB_27121987
39,1,3,5,2,0,0.85,309920,311188,312753,JLFB_27121987
40,1,2,2,2,0,0.85,316069,317140,319219,JLFB_27121987
41,1,2,7,2,0,0.85,322819,324612,326186,JLFB_27121987
42,1,5,2,1,1,0.85,330019,330516,332252,JLFB_27121987
43,1,3,6,1,1,0.85,335652,336308,338102,JLFB_27121987
44,1,7,3,1,1,0.85,341702,342052,344168,JLFB_27121987
45,1,7,3,1,1,0.85,347818,348212,350735,JLFB_27121987
46,1,6,6,1,1,0.85,353818,354372,356651,JLFB_27121987
47,1,3,4,1,1,0.85,360001,360772,362867,JLFB_27121987
48,1,3,4,1,1,0.85,366534,366932,369450,JLFB_27121987
49,1,4,8,1,1,0.85,372634,373700,376100,JLFB_27121987
50,1,4,3,1,1,0.85,379450,380004,382150,JLFB_27121987
51,1,4,4,1,1,0.85,385666,386116,388033,JLFB_27121987
52,0,8,6,1,0,0.15,392033,392596,394466,JLFB_27121987
53,0,3,2,1,0,0.15,398366,398948,401266,JLFB_27121987
54,0,3,7,1,0,0.15,404699,405924,408399,JLFB_27121987
55,0,3,7,2,1,0.15,411882,412227,414698,JLFB_27121987
56,0,3,6,2,1,0.15,418132,418627,420348,JLFB_27121987
57,0,5,5,2,1,0.15,423615,424051,425765,JLFB_27121987
58,0,4,6,2,1,0.15,428981,429411,431914,JLFB_27121987
59,0,4,4,2,0,0.15,435281,435699,437714,JLFB_27121987
60,0,3,3,2,1,0.15,441281,441715,443297,JLFB_27121987
61,0,5,4,2,1,0.15,447230,447987,449814,JLFB_27121987
62,0,8,5,2,1,0.15,452963,453363,455130,JLFB_27121987
63,0,8,6,2,1,0.15,458763,459251,460863,JLFB_27121987
64,0,2,2,2,1,0.15,464163,464595,467013,JLFB_27121987
65,0,3,7,2,1,0.15,470613,471219,472796,JLFB_27121987
66,0,2,8,2,1,0.15,476629,477699,480096,JLFB_27121987
67,1,4,4,1,0,0.75,494445,495955,498328,JLFB_27121987
68,1,4,3,1,1,0.75,502278,502899,505395,JLFB_27121987
69,1,3,8,1,1,0.75,509044,509891,511628,JLFB_27121987
70,1,5,3,1,1,0.75,515161,515539,517694,JLFB_27121987
71,1,2,6,1,0,0.75,521027,521587,523977,JLFB_27121987
72,1,8,5,1,0,0.75,527777,528387,530543,JLFB_27121987
73,1,3,8,1,1,0.75,534260,534691,536360,JLFB_27121987
74,1,5,5,1,1,0.75,539726,540050,541910,JLFB_27121987
75,1,6,3,1,0,0.75,545093,545538,547543,JLFB_27121987
76,1,8,5,1,0,0.75,551409,551762,553793,JLFB_27121987
77,1,5,5,2,0,0.75,557426,557762,560126,JLFB_27121987
78,1,7,6,2,0,0.75,563742,564082,565975,JLFB_27121987
79,1,2,4,1,1,0.75,569925,571122,573225,JLFB_27121987
80,1,7,7,1,1,0.75,576558,576930,579175,JLFB_27121987
81,1,6,5,1,1,0.75,583008,583314,585808,JLFB_27121987
82,1,5,5,1,1,0.75,589058,589378,591108,JLFB_27121987
83,0,2,4,1,0,0.25,595074,595410,597057,JLFB_27121987
84,0,3,2,1,1,0.25,600640,601154,603524,JLFB_27121987
85,0,7,8,1,1,0.25,607307,607714,609790,JLFB_27121987
86,0,4,2,1,1,0.25,613773,614162,615773,JLFB_27121987
87,0,3,5,1,0,0.25,619090,619778,621490,JLFB_27121987
88,0,2,7,1,0,0.25,625289,625682,628123,JLFB_27121987
89,0,7,2,1,0,0.25,631822,632962,634572,JLFB_27121987
90,0,5,5,1,0,0.25,638606,639506,641855,JLFB_27121987
91,0,4,3,2,0,0.25,645405,645762,647772,JLFB_27121987
92,0,8,3,1,0,0.25,650855,651314,653688,JLFB_27121987
93,0,4,4,1,0,0.25,657688,658290,660588,JLFB_27121987
94,0,4,5,2,1,0.25,664638,664962,667288,JLFB_27121987
95,0,6,4,2,1,0.25,670371,671057,673454,JLFB_27121987
96,0,7,6,2,1,0.25,677104,677425,679120,JLFB_27121987
97,0,5,8,2,1,0.25,682954,683265,684854,JLFB_27121987
98,0,7,3,2,1,0.25,688420,688913,690453,JLFB_27121987
99,1,4,4,2,1,0.15,705003,707025,709203,JLFB_27121987
100,1,7,6,2,1,0.15,712719,713105,714952,JLFB_27121987
101,1,4,2,2,0,0.15,718385,718769,721252,JLFB_27121987
102,1,7,7,2,1,0.15,724485,726097,728602,JLFB_27121987
103,1,2,8,2,1,0.15,732152,732641,734335,JLFB_27121987
104,1,7,7,2,1,0.15,738018,738657,740285,JLFB_27121987
105,1,8,4,2,0,0.15,744051,744737,746968,JLFB_27121987
106,1,2,8,2,0,0.15,750517,753585,755267,JLFB_27121987
107,1,2,4,2,1,0.15,758500,758961,761167,JLFB_27121987
108,1,8,5,2,1,0.15,764733,765169,767500,JLFB_27121987
109,1,5,4,2,0,0.15,770567,771121,773366,JLFB_27121987
110,1,6,7,2,1,0.15,776733,777121,779549,JLFB_27121987
111,1,3,4,2,1,0.15,782616,782961,784633,JLFB_27121987
112,1,3,3,2,1,0.15,788632,789089,791399,JLFB_27121987
113,1,2,5,2,0,0.15,794982,795393,797899,JLFB_27121987
114,1,6,3,2,1,0.15,801265,802145,803898,JLFB_27121987
115,1,8,5,2,0,0.15,807782,808256,810631,JLFB_27121987
116,1,3,5,2,1,0.15,814381,814752,816965,JLFB_27121987
117,0,3,8,2,0,0.85,820598,821088,823131,JLFB_27121987
118,0,3,8,2,0,0.85,826314,827040,828964,JLFB_27121987
119,0,3,3,2,0,0.85,832631,833104,834997,JLFB_27121987
120,0,8,2,1,1,0.85,838514,839088,841297,JLFB_27121987
121,0,2,6,1,0,0.85,845163,846256,847897,JLFB_27121987
122,0,5,2,1,1,0.85,851730,852160,854413,JLFB_27121987
123,0,2,8,1,0,0.85,857529,858112,860396,JLFB_27121987
124,0,2,6,1,0,0.85,863696,864064,866362,JLFB_27121987
125,0,5,2,1,1,0.85,870096,870704,873095,JLFB_27121987
126,0,6,3,1,1,0.85,876845,877712,879279,JLFB_27121987
127,0,6,3,1,0,0.85,883145,883728,885395,JLFB_27121987
128,0,8,7,1,1,0.85,889311,889808,891961,JLFB_27121987
129,0,6,6,1,0,0.85,895995,896448,898561,JLFB_27121987
1,0,3,8,3,0,0.75,7349,9083,11099,JMRR_10111976
2,0,6,5,3,0,0.75,14999,17131,19499,JMRR_10111976
3,0,5,4,1,1,0.75,22698,23691,25398,JMRR_10111976
4,0,2,3,1,1,0.75,29032,29563,31398,JMRR_10111976
5,0,2,3,1,1,0.75,34965,35771,37915,JMRR_10111976
6,0,6,2,2,0,0.75,41731,42859,44564,JMRR_10111976
7,0,8,3,1,1,0.75,48181,49019,51497,JMRR_10111976
8,0,3,2,1,1,0.75,54647,55371,57780,JMRR_10111976
9,0,5,3,1,1,0.75,61697,62411,64913,JMRR_10111976
10,0,2,5,1,1,0.75,68547,69659,71580,JMRR_10111976
11,0,3,2,1,0,0.75,75130,76235,77796,JMRR_10111976
12,0,2,4,1,1,0.75,81113,81882,83979,JMRR_10111976
13,0,3,4,1,1,0.75,87446,89914,91912,JMRR_10111976
14,0,3,3,1,1,0.75,95929,96970,99179,JMRR_10111976
15,0,2,3,1,1,0.75,102295,103386,105462,JMRR_10111976
16,0,8,6,1,0,0.75,108795,109898,111528,JMRR_10111976
17,0,2,7,1,1,0.75,115295,116570,118794,JMRR_10111976
18,0,5,2,1,1,0.75,122728,123642,125528,JMRR_10111976
19,0,7,4,2,0,0.75,128794,130106,131877,JMRR_10111976
20,0,5,5,1,1,0.75,135144,135786,137344,JMRR_10111976
21,0,8,4,1,1,0.75,141360,142106,144510,JMRR_10111976
22,1,7,2,1,0,0.25,148310,149642,151960,JMRR_10111976
23,1,4,5,1,0,0.25,155626,156234,158226,JMRR_10111976
24,1,7,3,1,0,0.25,161759,163818,165592,JMRR_10111976
25,1,6,3,1,0,0.25,169276,170090,172309,JMRR_10111976
26,1,6,4,1,0,0.25,176125,177162,179192,JMRR_10111976
27,1,7,2,2,0,0.25,182275,182778,184558,JMRR_10111976
28,1,8,3,1,0,0.25,187775,188106,190358,JMRR_10111976
29,1,5,3,2,1,0.25,193841,195178,197091,JMRR_10111976
30,1,6,2,2,1,0.25,200558,201082,203324,JMRR_10111976
31,1,7,5,2,0,0.25,207391,208298,210207,JMRR_10111976
32,1,7,8,1,1,0.25,213957,214746,217157,JMRR_10111976
33,1,4,4,1,0,0.25,220290,221642,223190,JMRR_10111976
34,1,7,3,1,1,0.85,232990,233929,235573,JMRR_10111976
35,1,4,7,1,0,0.85,239556,240857,243123,JMRR_10111976
36,1,4,3,1,1,0.85,246772,247513,249039,JMRR_10111976
37,1,6,6,1,1,0.85,252939,253913,255605,JMRR_10111976
38,1,5,7,1,1,0.85,259022,260873,262872,JMRR_10111976
39,1,3,7,1,1,0.85,266588,267465,269571,JMRR_10111976
40,1,5,2,2,0,0.85,273538,275625,277988,JMRR_10111976
41,1,2,6,1,1,0.85,281888,282649,284921,JMRR_10111976
42,1,6,5,1,1,0.85,288121,289465,291287,JMRR_10111976
43,1,2,4,1,0,0.85,295237,296281,298287,JMRR_10111976
44,1,7,4,1,1,0.85,301887,302409,303970,JMRR_10111976
45,1,4,2,1,1,0.85,307137,308041,310486,JMRR_10111976
46,1,2,7,1,1,0.85,313820,314585,316853,JMRR_10111976
47,1,3,4,1,1,0.85,320336,321209,323352,JMRR_10111976
48,1,4,2,1,1,0.85,326519,327193,328769,JMRR_10111976
49,1,2,8,1,1,0.85,331885,333209,335335,JMRR_10111976
50,0,4,7,1,0,0.15,339202,340009,342202,JMRR_10111976
51,0,5,7,1,0,0.15,345318,346425,348518,JMRR_10111976
52,0,5,5,1,0,0.15,351818,352601,354851,JMRR_10111976
53,0,3,6,1,0,0.15,358784,360121,362634,JMRR_10111976
54,0,2,3,2,1,0.15,366151,366617,368667,JMRR_10111976
55,0,4,6,2,1,0.15,372584,373081,375050,JMRR_10111976
56,0,6,6,2,1,0.15,378150,378633,380550,JMRR_10111976
57,0,8,4,2,1,0.15,383783,384296,386716,JMRR_10111976
58,0,5,8,2,1,0.15,389783,390360,392116,JMRR_10111976
59,0,5,4,2,1,0.15,395766,397048,398583,JMRR_10111976
60,0,3,8,2,1,0.15,402199,403112,405349,JMRR_10111976
61,0,7,5,1,0,0.15,409016,411544,413399,JMRR_10111976
62,0,5,6,2,1,0.15,417015,418616,420415,JMRR_10111976
63,0,2,6,2,1,0.15,423515,424168,425748,JMRR_10111976
64,0,5,7,2,1,0.15,429498,429992,432248,JMRR_10111976
65,0,6,3,2,1,0.15,436048,436760,438914,JMRR_10111976
66,0,8,2,2,1,0.15,442514,443064,445581,JMRR_10111976
67,1,6,8,2,1,0.15,456847,458376,459963,JMRR_10111976
68,1,6,4,2,1,0.15,463780,464536,466680,JMRR_10111976
69,1,5,8,2,0,0.15,469780,470856,472613,JMRR_10111976
70,1,6,5,2,1,0.15,476563,477608,479596,JMRR_10111976
71,1,2,5,2,1,0.15,482929,483608,485596,JMRR_10111976
72,1,5,6,2,1,0.15,488812,489720,491929,JMRR_10111976
73,1,6,4,2,1,0.15,495462,496008,498195,JMRR_10111976
74,1,5,7,2,0,0.15,501712,502056,503928,JMRR_10111976
75,1,8,5,2,0,0.15,507678,508120,509928,JMRR_10111976
76,1,6,2,1,0,0.15,513211,513592,515178,JMRR_10111976
77,1,5,5,2,0,0.15,518661,520408,522927,JMRR_10111976
78,1,3,7,2,1,0.15,526894,527559,529494,JMRR_10111976
79,1,4,8,1,1,0.15,533427,534007,535777,JMRR_10111976
80,1,6,2,2,0,0.15,538943,539575,541910,JMRR_10111976
81,1,5,5,2,0,0.15,545526,545975,548076,JMRR_10111976
82,1,4,5,2,1,0.15,552010,552375,554543,JMRR_10111976
83,1,7,5,2,1,0.15,557726,558407,560676,JMRR_10111976
84,1,7,3,2,1,0.15,563942,565431,567059,JMRR_10111976
85,0,3,7,2,0,0.85,570542,571223,573192,JMRR_10111976
86,0,4,4,1,0,0.85,576309,576759,578992,JMRR_10111976
87,0,8,7,2,0,0.85,582808,583559,586075,JMRR_10111976
88,0,5,8,2,0,0.85,589558,590215,592258,JMRR_10111976
89,0,8,4,2,0,0.85,595391,596919,599191,JMRR_10111976
90,0,2,2,2,0,0.85,602891,604391,606574,JMRR_10111976
91,0,6,7,1,1,0.85,610257,610759,613024,JMRR_10111976
92,0,4,2,1,1,0.85,616907,617479,619223,JMRR_10111976
93,0,7,6,1,1,0.85,622957,623367,625173,JMRR_10111976
94,0,3,3,1,1,0.85,628806,629287,631673,JMRR_10111976
95,0,2,8,1,1,0.85,634856,635335,637439,JMRR_10111976
96,0,5,5,1,1,0.85,641289,641911,644122,JMRR_10111976
97,0,7,2,1,1,0.85,647755,648519,650905,JMRR_10111976
98,0,8,3,1,1,0.85,654805,655415,657572,JMRR_10111976
99,0,5,2,1,1,0.85,661522,662151,664021,JMRR_10111976
100,0,6,3,2,1,0.25,672204,672950,674654,JMRR_10111976
101,0,2,7,2,1,0.25,677788,678214,680687,JMRR_10111976
102,0,8,2,2,0,0.25,684704,685190,687654,JMRR_10111976
103,0,8,7,2,0,0.25,691104,692022,694104,JMRR_10111976
104,0,5,5,1,0,0.25,697603,697958,699637,JMRR_10111976
105,0,6,2,1,0,0.25,703236,704550,706353,JMRR_10111976
106,0,8,8,2,1,0.25,710203,711622,713269,JMRR_10111976
107,0,3,7,2,1,0.25,716719,717126,719136,JMRR_10111976
108,0,6,6,2,1,0.25,722402,722838,724869,JMRR_10111976
109,0,2,3,2,0,0.25,728902,729318,731235,JMRR_10111976
110,0,6,5,2,1,0.25,734868,735894,738002,JMRR_10111976
111,0,4,3,2,0,0.25,741752,742278,743868,JMRR_10111976
112,0,5,3,2,0,0.25,747418,748534,750268,JMRR_10111976
113,0,4,8,1,0,0.25,754034,755574,757184,JMRR_10111976
114,0,6,8,1,1,0.25,761151,761638,763717,JMRR_10111976
115,0,2,7,1,0,0.25,766934,767974,769767,JMRR_10111976
116,0,5,3,2,1,0.25,773784,774118,776283,JMRR_10111976
117,0,7,2,2,0,0.25,780083,780886,782583,JMRR_10111976
118,0,7,4,1,0,0.25,785783,786822,788433,JMRR_10111976
119,1,8,7,2,0,0.75,791649,792086,794149,JMRR_10111976
120,1,6,4,2,0,0.75,797366,797958,799599,JMRR_10111976
121,1,8,3,1,1,0.75,802949,803350,805882,JMRR_10111976
122,1,8,4,1,0,0.75,809499,810198,812682,JMRR_10111976
123,1,5,5,1,1,0.75,815765,817014,819498,JMRR_10111976
124,1,3,2,1,1,0.75,822931,823893,825831,JMRR_10111976
125,1,7,5,1,1,0.75,829664,830101,831714,JMRR_10111976
126,1,3,6,1,1,0.75,835481,836117,838581,JMRR_10111976
127,1,4,2,1,1,0.75,842231,843205,844864,JMRR_10111976
128,1,3,2,1,1,0.75,848214,849157,850914,JMRR_10111976
129,1,6,3,1,1,0.75,854730,855509,857913,JMRR_10111976
130,1,4,3,1,1,0.75,861513,862357,864863,JMRR_10111976
131,1,5,2,1,1,0.75,867946,868917,870763,JMRR_10111976
1,0,2,2,1,1,0.85,6699,9711,12149,J_AA_31071995
2,0,2,5,2,0,0.85,16265,17070,19482,J_AA_31071995
3,0,7,6,1,1,0.85,23382,23998,25565,J_AA_31071995
4,0,7,7,1,1,0.85,29132,30654,33081,J_AA_31071995
5,0,8,7,1,0,0.85,36781,37566,39298,J_AA_31071995
6,0,7,2,1,1,0.85,42731,43454,45314,J_AA_31071995
7,0,7,3,1,1,0.85,48814,49742,51497,J_AA_31071995
8,0,4,6,1,1,0.85,55164,58014,59714,J_AA_31071995
9,0,4,5,1,1,0.85,63197,65006,67213,J_AA_31071995
10,0,6,4,1,1,0.85,70297,71438,73730,J_AA_31071995
11,0,3,5,1,1,0.85,77246,78878,80979,J_AA_31071995
12,0,2,6,2,0,0.85,84463,95838,98079,J_AA_31071995
13,0,6,8,1,1,0.85,101529,102814,105278,J_AA_31071995
14,0,4,6,1,1,0.85,109062,110942,113028,J_AA_31071995
15,0,5,8,2,0,0.85,116661,124174,125927,J_AA_31071995
16,0,4,6,1,1,0.85,129477,131182,133494,J_AA_31071995
17,1,5,3,1,1,0.15,136810,138014,140227,J_AA_31071995
18,1,7,4,1,1,0.15,144110,146750,149210,J_AA_31071995
19,1,3,3,1,1,0.15,152343,153790,156060,J_AA_31071995
20,1,5,6,1,0,0.15,159326,161166,162826,J_AA_31071995
21,1,7,7,1,0,0.15,165926,166990,168776,J_AA_31071995
22,1,6,5,2,0,0.15,172242,173597,175709,J_AA_31071995
23,1,7,8,2,0,0.15,179542,180445,182408,J_AA_31071995
24,1,8,4,1,0,0.15,186408,187021,188925,J_AA_31071995
25,1,8,7,1,0,0.15,192891,193581,195991,J_AA_31071995
26,1,6,3,1,0,0.15,199441,200989,203474,J_AA_31071995
27,1,5,7,2,1,0.15,207557,208173,210141,J_AA_31071995
28,1,6,3,2,1,0.15,213807,215309,216940,J_AA_31071995
29,1,8,5,2,1,0.15,220123,220989,222607,J_AA_31071995
30,1,3,7,2,1,0.15,226273,227373,229740,J_AA_31071995
31,1,2,2,2,0,0.15,233306,234317,236623,J_AA_31071995
32,1,2,2,2,1,0.15,239906,240669,242739,J_AA_31071995
33,1,6,8,2,0,0.85,258755,260157,262172,J_AA_31071995
34,1,4,8,2,0,0.85,266238,268237,270238,J_AA_31071995
35,1,5,2,1,0,0.85,274138,274701,276304,J_AA_31071995
36,1,4,4,1,1,0.85,280371,280989,282937,J_AA_31071995
37,1,5,2,1,1,0.85,286321,287165,288837,J_AA_31071995
38,1,2,4,1,0,0.85,291954,293117,295654,J_AA_31071995
39,1,2,3,1,1,0.85,299053,300141,302237,J_AA_31071995
40,1,7,5,1,1,0.85,306153,307085,309553,J_AA_31071995
41,1,7,2,1,1,0.85,313103,313757,315819,J_AA_31071995
42,1,5,7,1,1,0.85,319169,322221,324186,J_AA_31071995
43,1,4,3,1,0,0.85,327802,328732,330802,J_AA_31071995
44,1,6,2,1,1,0.85,334869,335740,338152,J_AA_31071995
45,1,8,8,1,1,0.85,341502,342860,345068,J_AA_31071995
46,1,8,3,1,1,0.85,348451,349420,351918,J_AA_31071995
47,1,2,7,2,0,0.85,355268,356428,358318,J_AA_31071995
48,1,8,8,1,1,0.85,362184,363020,365067,J_AA_31071995
49,0,5,8,1,0,0.15,368417,373244,374867,J_AA_31071995
50,0,7,2,1,0,0.15,378417,379244,381150,J_AA_31071995
51,0,7,4,1,0,0.15,384900,385820,388300,J_AA_31071995
52,0,5,5,2,1,0.15,391933,392636,394666,J_AA_31071995
53,0,8,2,1,0,0.15,397883,399564,401832,J_AA_31071995
54,0,5,8,2,1,0.15,404982,405612,407332,J_AA_31071995
55,0,2,3,2,1,0.15,411282,412268,414699,J_AA_31071995
56,0,4,3,2,1,0.15,418648,420364,422048,J_AA_31071995
57,0,3,7,2,1,0.15,426098,427164,429698,J_AA_31071995
58,0,7,7,2,1,0.15,433431,434252,435798,J_AA_31071995
59,0,2,8,2,1,0.15,439781,440300,442264,J_AA_31071995
60,0,2,3,2,1,0.15,445847,447708,450197,J_AA_31071995
61,0,4,3,2,1,0.15,453347,454348,456497,J_AA_31071995
62,0,2,3,2,1,0.15,460213,461020,462930,J_AA_31071995
63,0,6,7,2,1,0.15,466346,467228,469046,J_AA_31071995
64,0,5,2,1,0,0.15,473096,479979,482046,J_AA_31071995
65,1,4,6,2,1,0.25,495928,496955,499262,J_AA_31071995
66,1,4,3,2,1,0.25,502661,503995,506311,J_AA_31071995
67,1,4,7,2,1,0.25,509978,510587,512411,J_AA_31071995
68,1,7,3,1,1,0.25,516478,518523,520144,J_AA_31071995
69,1,6,2,2,0,0.25,523444,524827,526977,J_AA_31071995
70,1,7,3,2,1,0.25,530394,531739,533643,J_AA_31071995
71,1,6,8,2,1,0.25,536960,537899,540377,J_AA_31071995
72,1,2,2,2,1,0.25,544060,545099,546676,J_AA_31071995
73,1,6,4,2,1,0.25,549876,551067,552893,J_AA_31071995
74,1,6,2,1,1,0.25,555976,561387,563276,J_AA_31071995
75,1,6,5,2,1,0.25,566459,567387,568959,J_AA_31071995
76,1,4,4,2,1,0.25,572425,573163,575575,J_AA_31071995
77,1,4,2,2,1,0.25,579058,580891,582708,J_AA_31071995
78,1,3,8,2,1,0.25,586475,587163,589458,J_AA_31071995
79,1,8,8,2,1,0.25,592574,593291,595491,J_AA_31071995
80,1,4,5,2,1,0.25,598574,599579,601591,J_AA_31071995
81,1,8,7,2,1,0.25,604824,605691,607707,J_AA_31071995
82,1,3,3,2,1,0.25,611490,612251,614140,J_AA_31071995
83,0,2,8,2,1,0.75,617857,618427,620073,J_AA_31071995
84,0,5,5,2,1,0.75,623256,624107,626073,J_AA_31071995
85,0,8,3,1,1,0.75,629706,634970,636622,J_AA_31071995
86,0,7,8,2,0,0.75,639872,640682,643139,J_AA_31071995
87,0,5,4,2,0,0.75,646839,648090,649739,J_AA_31071995
88,0,7,6,1,1,0.75,652888,653402,655305,J_AA_31071995
89,0,2,4,1,1,0.75,659371,660570,662638,J_AA_31071995
90,0,8,8,1,1,0.75,666488,667370,669204,J_AA_31071995
91,0,4,7,1,1,0.75,672754,673562,675937,J_AA_31071995
92,0,6,4,1,0,0.75,679071,679946,681704,J_AA_31071995
93,0,2,7,1,1,0.75,685620,688186,690503,J_AA_31071995
94,0,2,7,1,1,0.75,693670,694426,696870,J_AA_31071995
95,0,5,7,1,1,0.75,699953,701738,703586,J_AA_31071995
96,0,3,3,2,1,0.25,719252,720570,722702,J_AA_31071995
97,0,5,2,2,1,0.25,726585,727706,729285,J_AA_31071995
98,0,4,5,2,1,0.25,733002,733866,735802,J_AA_31071995
99,0,7,6,2,0,0.25,739568,740122,742501,J_AA_31071995
100,0,6,5,2,0,0.25,745768,746570,749084,J_AA_31071995
101,0,7,6,2,1,0.25,752351,753066,754851,J_AA_31071995
102,0,5,2,2,1,0.25,758317,759162,761584,J_AA_31071995
103,0,5,3,2,0,0.25,764934,766058,768500,J_AA_31071995
104,0,7,6,2,1,0.25,772400,773146,775333,J_AA_31071995
105,0,8,5,2,1,0.25,778650,779530,781500,J_AA_31071995
106,0,5,7,2,1,0.25,785199,785833,787766,J_AA_31071995
107,0,3,5,2,0,0.25,791599,792554,794316,J_AA_31071995
108,0,7,5,2,1,0.25,798099,798809,800682,J_AA_31071995
109,0,2,4,2,1,0.25,804599,805769,807982,J_AA_31071995
110,0,7,7,2,0,0.25,811282,812537,814732,J_AA_31071995
111,0,5,3,2,0,0.25,818815,819593,821348,J_AA_31071995
112,0,3,7,1,1,0.25,825098,826297,828031,J_AA_31071995
113,0,7,7,1,1,0.25,831197,832329,834447,J_AA_31071995
114,0,7,3,1,0,0.25,838347,839081,840930,J_AA_31071995
115,0,6,8,1,1,0.25,844414,844985,846530,J_AA_31071995
116,1,8,2,1,1,0.75,849747,850521,852863,J_AA_31071995
117,1,7,5,1,0,0.75,856630,857593,859146,J_AA_31071995
118,1,3,7,1,1,0.75,862263,863097,865513,J_AA_31071995
119,1,7,3,1,1,0.75,868929,869577,871396,J_AA_31071995
120,1,6,8,1,1,0.75,875379,876633,878412,J_AA_31071995
121,1,7,4,1,1,0.75,882345,884089,885812,J_AA_31071995
122,1,8,6,1,1,0.75,889628,890281,892262,J_AA_31071995
123,1,3,3,1,1,0.75,896328,897513,899195,J_AA_31071995
124,1,4,7,2,0,0.75,902778,905337,907278,J_AA_31071995
125,1,6,7,1,0,0.75,910611,911369,912894,J_AA_31071995
126,1,4,5,1,1,0.75,916494,917209,918860,J_AA_31071995
127,1,6,6,1,1,0.75,922860,923545,925227,J_AA_31071995
1,0,6,3,1,0,0.15,9682,10570,12649,J_BF_06111999
2,0,4,6,2,1,0.15,16449,17193,19482,J_BF_06111999
3,0,8,8,1,0,0.15,22882,23993,25982,J_BF_06111999
4,0,3,5,1,0,0.15,29032,29577,31465,J_BF_06111999
5,0,2,8,1,0,0.15,34731,35561,37748,J_BF_06111999
6,0,6,5,1,0,0.15,41681,42409,44398,J_BF_06111999
7,0,3,6,2,1,0.15,48147,48809,50947,J_BF_06111999
8,0,6,3,2,1,0.15,54247,54985,56930,J_BF_06111999
9,0,8,4,1,0,0.15,60014,60985,62897,J_BF_06111999
10,0,4,4,2,1,0.15,66697,67097,68797,J_BF_06111999
11,0,7,5,2,1,0.15,72480,73065,74630,J_BF_06111999
12,0,4,2,1,0,0.15,78096,79033,80846,J_BF_06111999
13,0,4,3,1,0,0.15,84446,85193,87046,J_BF_06111999
14,0,6,2,2,1,0.15,90479,91353,92896,J_BF_06111999
15,0,7,3,2,1,0.15,96062,96745,98712,J_BF_06111999
16,0,5,2,2,1,0.15,102129,102473,104462,J_BF_06111999
17,0,3,2,2,1,0.15,108295,109081,110828,J_BF_06111999
18,0,2,5,2,1,0.15,114761,115273,117728,J_BF_06111999
19,1,4,4,2,0,0.85,121744,122089,123844,J_BF_06111999
20,1,5,3,2,0,0.85,127594,128009,130461,J_BF_06111999
21,1,7,7,2,0,0.85,133944,134377,136160,J_BF_06111999
22,1,6,6,2,0,0.85,139427,140281,142477,J_BF_06111999
23,1,8,3,1,1,0.85,146227,146473,148193,J_BF_06111999
24,1,7,8,1,1,0.85,151376,152089,154143,J_BF_06111999
25,1,5,8,1,1,0.85,157693,158089,160559,J_BF_06111999
26,1,8,5,2,0,0.85,164093,164904,166759,J_BF_06111999
27,1,7,3,2,0,0.85,170626,171272,173692,J_BF_06111999
28,1,2,8,1,0,0.85,176909,177336,179159,J_BF_06111999
29,1,5,8,1,1,0.85,182908,183368,185125,J_BF_06111999
30,1,6,5,2,0,0.85,188958,189352,191641,J_BF_06111999
31,1,6,4,2,0,0.85,194775,195176,197575,J_BF_06111999
32,0,7,2,1,1,0.75,204641,206120,208324,J_BF_06111999
33,0,2,2,1,0,0.75,211924,212280,214540,J_BF_06111999
34,0,6,6,2,0,0.75,218257,219592,221390,J_BF_06111999
35,0,3,2,1,0,0.75,224873,225368,227573,J_BF_06111999
36,0,6,6,1,0,0.75,231323,232168,234040,J_BF_06111999
37,0,2,7,2,0,0.75,237656,237896,240306,J_BF_06111999
38,0,7,3,2,1,0.75,243656,244040,245789,J_BF_06111999
39,0,4,8,2,0,0.75,249339,250264,252206,J_BF_06111999
40,0,2,4,2,0,0.75,255289,256040,258455,J_BF_06111999
41,0,7,6,1,0,0.75,261555,262392,264705,J_BF_06111999
42,0,2,8,2,0,0.75,268238,268840,270721,J_BF_06111999
43,0,7,4,2,1,0.75,273971,274440,276505,J_BF_06111999
44,0,2,4,2,1,0.75,280221,280712,282438,J_BF_06111999
45,0,5,2,2,0,0.75,286371,286856,289287,J_BF_06111999
46,0,5,3,1,1,0.75,292321,292744,295020,J_BF_06111999
47,0,8,8,1,0,0.75,298670,299384,301237,J_BF_06111999
48,0,7,6,1,1,0.75,304720,305127,307187,J_BF_06111999
49,0,6,4,2,0,0.75,310520,310903,313286,J_BF_06111999
50,0,4,4,2,0,0.75,317236,317575,319353,J_BF_06111999
51,0,3,2,2,0,0.75,323203,323767,326019,J_BF_06111999
52,0,2,8,2,0,0.75,329169,330551,332169,J_BF_06111999
53,0,8,8,1,1,0.75,335919,336295,338035,J_BF_06111999
54,1,5,7,1,1,0.25,341085,341607,343735,J_BF_06111999
55,1,3,2,1,1,0.25,347135,348503,350551,J_BF_06111999
56,1,5,7,2,0,0.25,353751,354327,356701,J_BF_06111999
57,1,3,7,1,0,0.25,359801,360359,361968,J_BF_06111999
58,1,3,2,2,0,0.25,365867,366295,367951,J_BF_06111999
59,1,3,6,2,1,0.25,371801,372183,374400,J_BF_06111999
60,1,8,4,2,1,0.25,377834,378519,380967,J_BF_06111999
61,1,4,4,2,1,0.25,384800,385415,387833,J_BF_06111999
62,1,3,7,1,1,0.25,390933,391559,394016,J_BF_06111999
63,1,3,6,2,0,0.25,397499,398231,400149,J_BF_06111999
64,1,4,2,2,1,0.25,403983,404583,406649,J_BF_06111999
65,1,2,5,1,0,0.25,410099,410919,412782,J_BF_06111999
66,0,3,3,2,1,0.25,423248,424343,426598,J_BF_06111999
67,0,6,5,2,1,0.25,429848,430231,432581,J_BF_06111999
68,0,4,7,2,1,0.25,435964,436583,438231,J_BF_06111999
69,0,5,3,1,1,0.25,441731,442503,444047,J_BF_06111999
70,0,2,5,1,0,0.25,447231,447799,449664,J_BF_06111999
71,0,3,7,2,0,0.25,452864,453158,455680,J_BF_06111999
72,0,2,7,1,0,0.25,459647,459750,461697,J_BF_06111999
73,0,3,6,2,1,0.25,465047,465734,468130,J_BF_06111999
74,0,8,6,2,1,0.25,472130,472662,474730,J_BF_06111999
75,0,6,8,2,1,0.25,478413,478902,480796,J_BF_06111999
76,0,6,4,2,1,0.25,484412,484854,487312,J_BF_06111999
77,0,5,7,2,0,0.25,491179,491478,493029,J_BF_06111999
78,0,8,4,1,0,0.25,496395,496918,498595,J_BF_06111999
79,0,7,4,2,1,0.25,502412,502486,504812,J_BF_06111999
80,0,5,8,2,1,0.25,507895,508406,510511,J_BF_06111999
81,0,7,8,2,1,0.25,514161,514486,516978,J_BF_06111999
82,0,5,6,2,1,0.25,520694,522422,523994,J_BF_06111999
83,0,4,6,2,1,0.25,528011,528646,530944,J_BF_06111999
84,0,8,3,2,1,0.25,534127,534502,536977,J_BF_06111999
85,0,6,3,2,1,0.25,540093,540470,542827,J_BF_06111999
86,0,5,7,2,1,0.25,546393,546902,548893,J_BF_06111999
87,0,2,7,2,1,0.25,552176,552902,554809,J_BF_06111999
88,1,7,3,1,0,0.75,558226,559270,561609,J_BF_06111999
89,1,3,4,2,0,0.75,564659,565958,567759,J_BF_06111999
90,1,6,6,2,0,0.75,571542,572006,574092,J_BF_06111999
91,1,6,5,2,0,0.75,577425,577718,580142,J_BF_06111999
92,1,7,4,1,1,0.75,583958,584278,586258,J_BF_06111999
93,1,5,5,2,0,0.75,590258,590774,592725,J_BF_06111999
94,1,8,7,1,0,0.75,596208,597158,599174,J_BF_06111999
95,1,7,8,2,0,0.75,602791,603142,605507,J_BF_06111999
96,1,3,2,2,1,0.75,609257,609654,612007,J_BF_06111999
97,1,8,8,2,1,0.75,615490,615989,618407,J_BF_06111999
98,1,2,6,2,0,0.75,621640,622037,623673,J_BF_06111999
99,1,3,8,2,0,0.75,627423,627733,629656,J_BF_06111999
100,0,5,5,1,1,0.85,641506,645093,647406,J_BF_06111999
101,0,5,5,1,1,0.85,651239,652165,654072,J_BF_06111999
102,0,5,8,1,1,0.85,657355,657653,659338,J_BF_06111999
103,0,8,8,1,1,0.85,662455,662789,665138,J_BF_06111999
104,0,4,7,1,0,0.85,668255,668677,670721,J_BF_06111999
105,0,6,5,1,1,0.85,674488,674741,677171,J_BF_06111999
106,0,2,3,1,1,0.85,681171,681589,683754,J_BF_06111999
107,0,3,8,1,1,0.85,687154,687733,689870,J_BF_06111999
108,0,3,3,1,1,0.85,693670,693973,696204,J_BF_06111999
109,0,7,5,1,1,0.85,699737,700293,701987,J_BF_06111999
110,0,6,8,1,1,0.85,705153,706485,708620,J_BF_06111999
111,0,8,2,1,0,0.85,712336,712917,715369,J_BF_06111999
112,0,6,7,2,0,0.85,718936,719493,721102,J_BF_06111999
113,0,4,4,2,0,0.85,724702,725077,727569,J_BF_06111999
114,0,3,6,1,1,0.85,730852,731253,733435,J_BF_06111999
115,0,7,3,1,0,0.85,737118,737957,740202,J_BF_06111999
116,1,3,5,2,1,0.15,744068,744965,746801,J_BF_06111999
117,1,5,3,2,1,0.15,750501,751333,753818,J_BF_06111999
118,1,3,7,2,1,0.15,757668,758117,760534,J_BF_06111999
119,1,4,3,2,0,0.15,764501,764868,766784,J_BF_06111999
120,1,5,5,1,0,0.15,770117,770468,772150,J_BF_06111999
121,1,4,3,1,1,0.15,776067,776324,778267,J_BF_06111999
122,1,6,4,1,0,0.15,781783,782612,784583,J_BF_06111999
123,1,4,5,2,1,0.15,788316,789108,790950,J_BF_06111999
124,1,6,2,2,0,0.15,794716,795716,797433,J_BF_06111999
125,1,3,8,1,0,0.15,801282,802036,804016,J_BF_06111999
126,1,2,2,2,1,0.15,807166,807748,809782,J_BF_06111999
127,1,7,2,2,1,0.15,813582,814244,816515,J_BF_06111999
128,1,5,6,2,1,0.15,820365,821012,823182,J_BF_06111999
1,1,3,2,2,1,0.85,6949,8545,10566,KECT_07071995
2,1,4,5,2,0,0.85,13716,14737,16499,KECT_07071995
3,1,4,4,2,0,0.85,20015,21713,23948,KECT_07071995
4,1,4,6,1,1,0.85,27948,28625,30182,KECT_07071995
5,1,6,4,1,1,0.85,33348,33728,35681,KECT_07071995
6,1,6,2,1,1,0.85,38948,39792,42164,KECT_07071995
7,1,4,7,1,1,0.85,45947,47232,49147,KECT_07071995
8,1,2,5,1,1,0.85,53197,53888,55997,KECT_07071995
9,1,5,7,1,1,0.85,59780,60864,62630,KECT_07071995
10,1,7,6,1,1,0.85,65880,67744,70013,KECT_07071995
11,1,3,8,1,1,0.85,73880,74944,76663,KECT_07071995
12,1,2,2,1,1,0.85,80229,81984,83763,KECT_07071995
13,1,8,4,1,1,0.85,86962,87904,89896,KECT_07071995
14,1,8,6,1,1,0.85,93162,94336,95929,KECT_07071995
15,1,8,4,1,1,0.85,99012,100416,102712,KECT_07071995
16,1,7,2,1,1,0.85,106345,107808,110311,KECT_07071995
17,1,4,2,1,1,0.85,113561,114752,116878,KECT_07071995
18,1,3,8,1,1,0.85,120911,121552,123178,KECT_07071995
19,1,2,3,1,0,0.85,126794,127728,130094,KECT_07071995
20,1,7,6,2,0,0.85,133227,133824,135577,KECT_07071995
21,1,3,6,1,1,0.85,139494,139936,142027,KECT_07071995
22,1,2,3,1,1,0.85,145193,145600,147210,KECT_07071995
23,0,8,2,1,0,0.15,150460,150816,152576,KECT_07071995
24,0,8,7,1,0,0.15,155859,156208,157809,KECT_07071995
25,0,8,2,2,1,0.15,161359,161712,163376,KECT_07071995
26,0,6,4,2,0,0.15,166459,167216,168826,KECT_07071995
27,0,4,6,2,0,0.15,171975,172960,174859,KECT_07071995
28,0,7,3,1,0,0.15,178125,178832,180958,KECT_07071995
29,0,8,7,2,1,0.15,184175,184687,186841,KECT_07071995
30,0,6,8,1,0,0.15,190591,191151,192708,KECT_07071995
31,0,8,3,2,1,0.15,196691,197087,198691,KECT_07071995
32,0,6,2,2,1,0.15,202157,203135,205407,KECT_07071995
33,0,7,4,2,0,0.15,208774,210911,213440,KECT_07071995
34,0,8,3,1,0,0.15,217090,217711,219773,KECT_07071995
35,0,8,6,2,1,0.15,222923,223311,225056,KECT_07071995
36,0,5,7,2,0,0.25,240939,242271,244156,KECT_07071995
37,0,2,7,2,1,0.25,247806,248943,250805,KECT_07071995
38,0,6,8,1,0,0.25,254705,259055,261438,KECT_07071995
39,0,2,6,2,0,0.25,265005,265679,268205,KECT_07071995
40,0,6,7,2,1,0.25,271671,272431,274154,KECT_07071995
41,0,6,2,2,0,0.25,277254,278831,281154,KECT_07071995
42,0,3,7,2,1,0.25,284654,285039,287421,KECT_07071995
43,0,3,6,1,0,0.25,290820,291519,293587,KECT_07071995
44,0,4,6,1,0,0.25,296687,297695,299370,KECT_07071995
45,0,4,6,2,1,0.25,303020,303407,305603,KECT_07071995
46,0,2,6,2,1,0.25,308786,309535,311703,KECT_07071995
47,0,6,7,2,0,0.25,314886,315599,317602,KECT_07071995
48,0,4,2,2,1,0.25,320986,322639,324786,KECT_07071995
49,0,8,8,2,0,0.25,328285,329406,330952,KECT_07071995
50,0,3,5,2,1,0.25,334335,335566,337118,KECT_07071995
51,0,4,5,2,0,0.25,340652,341182,343251,KECT_07071995
52,0,3,8,2,0,0.25,346801,347278,348985,KECT_07071995
53,0,3,3,1,0,0.25,352968,353374,355334,KECT_07071995
54,0,3,8,1,0,0.25,358667,359262,361667,KECT_07071995
55,1,3,7,2,0,0.75,365584,366014,368167,KECT_07071995
56,1,5,4,2,0,0.75,372184,372574,374733,KECT_07071995
57,1,6,8,2,0,0.75,378500,378830,380833,KECT_07071995
58,1,8,3,1,1,0.75,383966,384350,386866,KECT_07071995
59,1,4,2,1,1,0.75,390749,391278,393166,KECT_07071995
60,1,6,8,1,0,0.75,396699,397038,399216,KECT_07071995
61,1,8,5,2,0,0.75,402466,402846,405349,KECT_07071995
62,1,4,7,2,0,0.75,409249,409694,411832,KECT_07071995
63,1,6,8,2,1,0.75,414982,415454,417565,KECT_07071995
64,1,6,3,1,1,0.75,420665,421726,423381,KECT_07071995
65,1,4,2,2,0,0.75,427315,428302,430048,KECT_07071995
66,1,7,8,2,0,0.75,433931,434542,436781,KECT_07071995
67,1,2,2,1,1,0.75,440681,441614,443947,KECT_07071995
68,1,7,7,1,1,0.75,447930,449038,450980,KECT_07071995
69,1,6,7,1,1,0.75,454047,456190,457780,KECT_07071995
70,1,5,4,1,1,0.75,461530,462334,464696,KECT_07071995
71,1,6,2,1,0,0.25,479846,481981,483995,KECT_07071995
72,1,2,3,1,0,0.25,487495,488237,489862,KECT_07071995
73,1,2,3,2,1,0.25,493528,494125,496045,KECT_07071995
74,1,5,7,2,1,0.25,500061,500653,502828,KECT_07071995
75,1,4,5,2,0,0.25,506594,507485,509944,KECT_07071995
76,1,6,3,2,1,0.25,513211,514925,517394,KECT_07071995
77,1,6,6,2,1,0.25,521094,521661,523977,KECT_07071995
78,1,5,7,2,1,0.25,527860,528221,530077,KECT_07071995
79,1,5,5,2,1,0.25,533793,534109,535860,KECT_07071995
80,1,2,4,1,0,0.25,539176,539869,541826,KECT_07071995
81,1,5,6,2,1,0.25,545793,546237,548126,KECT_07071995
82,1,4,5,2,1,0.25,551893,552605,554576,KECT_07071995
83,1,7,3,2,1,0.25,557692,558125,560575,KECT_07071995
84,1,4,4,2,1,0.25,564175,564893,567342,KECT_07071995
85,1,6,4,2,0,0.25,570908,572029,573958,KECT_07071995
86,1,6,8,2,1,0.25,577858,578525,580358,KECT_07071995
87,0,4,6,2,0,0.75,584124,584861,587191,KECT_07071995
88,0,6,2,2,0,0.75,590824,591789,593724,KECT_07071995
89,0,3,5,1,1,0.75,597057,597917,600157,KECT_07071995
90,0,3,7,1,1,0.75,603507,604493,606090,KECT_07071995
91,0,7,2,1,1,0.75,610107,610573,612607,KECT_07071995
92,0,3,6,1,1,0.75,616206,617133,619140,KECT_07071995
93,0,8,4,1,1,0.75,622456,622973,625289,KECT_07071995
94,0,5,6,1,1,0.75,628823,629676,632106,KECT_07071995
95,0,2,3,1,1,0.75,636072,636796,639139,KECT_07071995
96,0,4,3,1,1,0.75,642439,643660,645972,KECT_07071995
97,0,7,7,1,0,0.75,649755,651516,653122,KECT_07071995
98,0,7,4,2,1,0.75,657188,657644,659871,KECT_07071995
99,1,3,6,2,1,0.15,672554,674556,676421,KECT_07071995
100,1,4,6,2,0,0.15,679720,680204,682020,KECT_07071995
101,1,4,4,2,1,0.15,685753,686252,687870,KECT_07071995
102,1,8,4,2,1,0.15,691520,691964,693986,KECT_07071995
103,1,5,5,2,1,0.15,697770,698428,700636,KECT_07071995
104,1,7,7,2,1,0.15,704103,705084,707453,KECT_07071995
105,1,3,5,2,0,0.15,711102,712780,714469,KECT_07071995
106,1,8,6,2,1,0.15,718169,719260,721352,KECT_07071995
107,1,6,8,1,0,0.15,724785,725740,727652,KECT_07071995
108,1,3,4,2,0,0.15,731701,732988,735418,KECT_07071995
109,1,2,8,1,0,0.15,738834,739964,741818,KECT_07071995
110,1,2,8,2,1,0.15,745601,746572,748467,KECT_07071995
111,1,5,6,2,1,0.15,751917,752700,754384,KECT_07071995
112,1,8,2,2,1,0.15,758134,759212,760800,KECT_07071995
113,1,7,8,2,0,0.15,764817,765708,767383,KECT_07071995
114,1,7,8,1,0,0.15,771183,772524,774350,KECT_07071995
115,0,4,8,2,0,0.85,778299,778875,781366,KECT_07071995
116,0,3,3,2,0,0.85,784466,785323,787249,KECT_07071995
117,0,3,3,2,0,0.85,791166,793291,795165,KECT_07071995
118,0,8,7,2,0,0.85,798332,799083,800899,KECT_07071995
119,0,2,3,1,0,0.85,804782,805291,807332,KECT_07071995
120,0,3,8,2,0,0.85,810498,811147,813098,KECT_07071995
121,0,3,8,1,1,0.85,816231,817339,819264,KECT_07071995
122,0,6,4,2,1,0.85,822897,825307,826931,KECT_07071995
123,0,2,7,1,1,0.85,830397,833259,834947,KECT_07071995
124,0,8,5,2,0,0.85,838597,840475,842930,KECT_07071995
125,0,8,4,1,1,0.85,846080,847259,849513,KECT_07071995
126,0,6,7,2,0,0.85,852913,853691,855796,KECT_07071995
1,0,4,7,1,0,0.15,6316,11804,13632,KFMR_08011976
2,0,2,7,2,1,0.15,17132,18700,20599,KFMR_08011976
3,0,4,5,1,1,0.15,24065,27243,29632,KFMR_08011976
4,0,6,8,2,1,0.15,33431,36299,38331,KFMR_08011976
5,0,3,3,2,1,0.15,41764,44171,45748,KFMR_08011976
6,0,6,7,1,1,0.15,49081,51403,53481,KFMR_08011976
7,0,2,7,2,1,0.15,57080,61931,63563,KFMR_08011976
8,0,5,3,2,1,0.15,67330,68363,70496,KFMR_08011976
9,0,5,8,1,1,0.15,74396,77147,79096,KFMR_08011976
10,0,6,5,2,1,0.15,82996,85707,87896,KFMR_08011976
11,0,5,6,2,1,0.15,91729,96731,98762,KFMR_08011976
12,0,2,4,1,0,0.15,102228,106395,107978,KFMR_08011976
13,0,5,2,2,1,0.15,111345,112107,114578,KFMR_08011976
14,0,7,2,2,1,0.15,117778,119483,121928,KFMR_08011976
15,0,8,4,2,1,0.15,125211,127291,129411,KFMR_08011976
16,0,4,2,1,0,0.15,132827,136939,139444,KFMR_08011976
17,1,3,7,2,1,0.85,143310,144203,146043,KFMR_08011976
18,1,7,6,2,0,0.85,149960,150827,152843,KFMR_08011976
19,1,5,5,1,1,0.85,156693,158634,160643,KFMR_08011976
20,1,6,4,1,1,0.85,164442,167802,169376,KFMR_08011976
21,1,5,6,2,0,0.85,172842,178810,180875,KFMR_08011976
22,1,6,3,1,1,0.85,184558,185434,187408,KFMR_08011976
23,1,7,3,1,1,0.85,191091,192698,194441,KFMR_08011976
24,1,6,3,1,1,0.85,198241,199194,201624,KFMR_08011976
25,1,7,7,1,1,0.85,205624,207290,209524,KFMR_08011976
26,1,7,7,1,1,0.85,213507,214634,216757,KFMR_08011976
27,1,4,4,1,1,0.85,220540,221930,224323,KFMR_08011976
28,1,8,5,1,1,0.85,228273,229642,231373,KFMR_08011976
29,1,3,5,1,1,0.85,234756,237354,239239,KFMR_08011976
30,0,3,2,1,0,0.25,252205,254298,255955,KFMR_08011976
31,0,6,6,2,1,0.25,260055,261002,262705,KFMR_08011976
32,0,3,5,2,1,0.25,266105,266810,269255,KFMR_08011976
33,0,6,5,2,1,0.25,272538,274074,275838,KFMR_08011976
34,0,8,6,1,1,0.25,279671,281850,284071,KFMR_08011976
35,0,4,8,2,1,0.25,287654,288841,291104,KFMR_08011976
36,0,5,5,2,0,0.25,294770,295977,298137,KFMR_08011976
37,0,4,8,1,0,0.25,302003,302777,304470,KFMR_08011976
38,0,4,7,2,1,0.25,308336,309401,311319,KFMR_08011976
39,0,2,7,2,0,0.25,315103,318201,319902,KFMR_08011976
40,0,2,5,1,0,0.25,323586,326025,328002,KFMR_08011976
41,0,8,7,1,0,0.25,331552,335225,336818,KFMR_08011976
42,0,3,7,2,1,0.25,340518,341321,343735,KFMR_08011976
43,0,8,2,2,0,0.25,347268,349369,350951,KFMR_08011976
44,0,5,8,2,1,0.25,354218,356537,358617,KFMR_08011976
45,0,8,4,1,0,0.25,362567,366857,369217,KFMR_08011976
46,1,3,8,2,1,0.75,372450,373833,376000,KFMR_08011976
47,1,8,2,2,1,0.75,379800,380585,382883,KFMR_08011976
48,1,7,8,2,0,0.75,386083,387161,388749,KFMR_08011976
49,1,2,8,2,1,0.75,392183,394105,396216,KFMR_08011976
50,1,7,6,1,1,0.75,399366,401065,402632,KFMR_08011976
51,1,6,3,1,1,0.75,405815,406889,408999,KFMR_08011976
52,1,4,6,1,1,0.75,412732,413865,415698,KFMR_08011976
53,1,3,6,1,1,0.75,418848,420264,422615,KFMR_08011976
54,1,2,7,1,1,0.75,426298,426520,428914,KFMR_08011976
55,1,8,2,1,0,0.75,432081,440040,442531,KFMR_08011976
56,1,3,4,1,1,0.75,446647,448632,450880,KFMR_08011976
57,1,6,3,2,0,0.75,454213,455784,457680,KFMR_08011976
58,1,3,4,1,1,0.75,460946,462120,463780,KFMR_08011976
59,1,7,8,2,1,0.15,479629,485000,487262,KFMR_08011976
60,1,4,5,2,1,0.15,490545,492504,494345,KFMR_08011976
61,1,3,7,2,0,0.15,498178,499320,501161,KFMR_08011976
62,1,3,7,1,0,0.15,505261,509112,510978,KFMR_08011976
63,1,6,5,2,1,0.15,515044,517080,519627,KFMR_08011976
64,1,7,8,2,1,0.15,523527,524760,526560,KFMR_08011976
65,1,5,2,2,1,0.15,529843,532456,534310,KFMR_08011976
66,1,2,5,2,1,0.15,537576,541128,543543,KFMR_08011976
67,1,5,4,2,1,0.15,547226,548552,550226,KFMR_08011976
68,1,2,2,2,1,0.15,554259,555319,557692,KFMR_08011976
69,1,2,4,2,0,0.15,560925,562391,564359,KFMR_08011976
70,1,5,5,1,1,0.15,568192,569303,571775,KFMR_08011976
71,1,4,7,1,0,0.15,574991,577223,579475,KFMR_08011976
72,1,7,4,2,1,0.15,583108,583943,585541,KFMR_08011976
73,1,8,7,2,1,0.15,588974,589719,591357,KFMR_08011976
74,1,8,8,2,1,0.15,595074,595799,598174,KFMR_08011976
75,1,2,7,2,1,0.15,601790,603079,605240,KFMR_08011976
76,1,6,6,2,1,0.15,608923,609751,612257,KFMR_08011976
77,0,2,4,2,0,0.85,615790,616919,619223,KFMR_08011976
78,0,8,7,1,1,0.85,622523,623287,625806,KFMR_08011976
79,0,5,4,1,1,0.85,628956,629911,632306,KFMR_08011976
80,0,3,3,1,1,0.85,635939,636903,639139,KFMR_08011976
81,0,7,4,1,1,0.85,642922,644007,645688,KFMR_08011976
82,0,6,4,1,1,0.85,649088,650391,652321,KFMR_08011976
83,0,8,2,1,1,0.85,656288,657239,659005,KFMR_08011976
84,0,3,4,1,1,0.85,662871,664183,666488,KFMR_08011976
85,0,2,4,1,1,0.85,670521,671319,673754,KFMR_08011976
86,0,5,8,1,1,0.85,677437,678183,679854,KFMR_08011976
87,0,6,7,1,0,0.85,682970,683798,685903,KFMR_08011976
88,0,3,8,2,0,0.85,689153,689926,691653,KFMR_08011976
89,0,2,3,2,0,0.85,695636,696342,698403,KFMR_08011976
90,0,4,8,1,1,0.85,701903,704486,706969,KFMR_08011976
91,0,5,6,1,1,0.85,710636,711926,714469,KFMR_08011976
92,0,5,5,2,0,0.75,728302,730150,732518,KFMR_08011976
93,0,8,3,1,1,0.75,736051,740502,742451,KFMR_08011976
94,0,7,7,1,0,0.75,746034,748182,750584,KFMR_08011976
95,0,8,2,2,0,0.75,754200,755302,757434,KFMR_08011976
96,0,5,2,1,0,0.75,761233,762630,764250,KFMR_08011976
97,0,4,3,1,0,0.75,768216,768950,771200,KFMR_08011976
98,0,2,8,2,0,0.75,774933,775542,777116,KFMR_08011976
99,0,4,6,2,0,0.75,780999,782390,784532,KFMR_08011976
100,0,8,6,2,1,0.75,788116,789382,791099,KFMR_08011976
101,0,3,6,1,1,0.75,795015,797590,799998,KFMR_08011976
102,0,3,6,1,1,0.75,803698,806646,808465,KFMR_08011976
103,0,2,3,1,1,0.75,812165,813125,815681,KFMR_08011976
104,0,4,4,2,1,0.75,819481,820389,821981,KFMR_08011976
105,0,2,2,2,0,0.75,825964,826997,828831,KFMR_08011976
106,0,7,6,1,1,0.75,832414,834453,836314,KFMR_08011976
107,0,7,5,1,0,0.75,840130,841269,843180,KFMR_08011976
108,1,3,4,1,0,0.25,846863,848997,851130,KFMR_08011976
109,1,7,3,2,1,0.25,855179,856245,858263,KFMR_08011976
110,1,2,8,2,1,0.25,862196,862997,865196,KFMR_08011976
111,1,3,4,2,0,0.25,868696,870389,872012,KFMR_08011976
112,1,6,7,1,1,0.25,875612,876485,878112,KFMR_08011976
113,1,4,2,1,1,0.25,881395,881877,884428,KFMR_08011976
114,1,4,5,1,0,0.25,887611,888661,891161,KFMR_08011976
115,1,3,7,2,0,0.25,894578,897301,899428,KFMR_08011976
116,1,3,6,2,0,0.25,903344,904181,906727,KFMR_08011976
117,1,6,4,1,0,0.25,910110,910901,912744,KFMR_08011976
118,1,7,5,1,1,0.25,916577,917461,919660,KFMR_08011976
119,1,4,6,1,0,0.25,923510,924869,926843,KFMR_08011976
120,1,7,2,2,0,0.25,930860,931237,933693,KFMR_08011976
121,1,3,5,2,0,0.25,937159,937989,940109,KFMR_08011976
122,1,5,5,2,1,0.25,943259,944324,946076,KFMR_08011976
123,1,6,4,2,1,0.25,949759,950916,952742,KFMR_08011976
124,1,5,8,2,1,0.25,956525,957764,959825,KFMR_08011976
125,1,3,7,2,1,0.25,963825,964884,966675,KFMR_08011976
1,1,5,8,2,1,0.15,4483,7597,10032,KSDG_20051983
2,1,6,8,2,1,0.15,13949,15037,17299,KSDG_20051983
3,1,3,5,2,1,0.15,21049,22029,23665,KSDG_20051983
4,1,4,7,2,1,0.15,27498,28285,30398,KSDG_20051983
5,1,3,2,1,0,0.15,33631,34749,36948,KSDG_20051983
6,1,5,2,1,1,0.15,40381,46189,48447,KSDG_20051983
7,1,7,3,1,0,0.15,52014,53565,55830,KSDG_20051983
8,1,6,8,2,1,0.15,59597,66301,68680,KSDG_20051983
9,1,3,7,1,0,0.15,72530,75933,78013,KSDG_20051983
10,1,5,3,1,0,0.15,81513,82365,83913,KSDG_20051983
11,1,7,3,1,0,0.15,87129,88877,90412,KSDG_20051983
12,1,4,3,2,1,0.15,94012,94780,96329,KSDG_20051983
13,1,2,6,2,1,0.15,99495,100221,102695,KSDG_20051983
14,1,3,8,2,1,0.15,106612,111532,113745,KSDG_20051983
15,1,8,8,1,1,0.15,117311,120092,121894,KSDG_20051983
16,1,4,3,1,0,0.15,125061,126076,128227,KSDG_20051983
17,1,8,3,2,0,0.15,131644,133340,135344,KSDG_20051983
18,1,5,6,2,1,0.15,139010,140316,142260,KSDG_20051983
19,0,4,7,2,0,0.85,146160,146796,149077,KSDG_20051983
20,0,7,5,2,0,0.85,153060,154300,155926,KSDG_20051983
21,0,4,7,1,1,0.85,159943,161228,163043,KSDG_20051983
22,0,4,4,1,1,0.85,166343,167004,168859,KSDG_20051983
23,0,3,5,1,1,0.85,172892,174348,176275,KSDG_20051983
24,0,2,6,1,1,0.85,180159,180732,182708,KSDG_20051983
25,0,5,6,1,1,0.85,186308,186860,189142,KSDG_20051983
26,0,8,3,1,1,0.85,192741,193564,195708,KSDG_20051983
27,0,6,3,2,0,0.85,198841,199404,201491,KSDG_20051983
28,0,4,4,2,0,0.85,205008,205564,207557,KSDG_20051983
29,0,8,2,1,1,0.85,211191,211868,214290,KSDG_20051983
30,0,3,7,1,1,0.85,217640,218284,220440,KSDG_20051983
31,0,3,5,1,1,0.85,223573,224332,226107,KSDG_20051983
32,0,7,3,1,1,0.85,230056,230956,233290,KSDG_20051983
33,1,3,8,2,1,0.25,243939,244700,246989,KSDG_20051983
34,1,6,6,2,1,0.25,250789,251739,254055,KSDG_20051983
35,1,5,4,2,1,0.25,257355,257803,259489,KSDG_20051983
36,1,2,3,2,1,0.25,262572,263403,265588,KSDG_20051983
37,1,5,3,2,1,0.25,268922,269611,271971,KSDG_20051983
38,1,3,3,2,0,0.25,275305,276107,278454,KSDG_20051983
39,1,7,5,2,1,0.25,282388,283227,284888,KSDG_20051983
40,1,6,7,2,1,0.25,288404,288651,291071,KSDG_20051983
41,1,4,2,2,1,0.25,294354,295243,297537,KSDG_20051983
42,1,4,3,2,1,0.25,301070,301787,303420,KSDG_20051983
43,1,6,8,2,1,0.25,307270,308235,310003,KSDG_20051983
44,1,3,8,1,0,0.25,313870,314427,316703,KSDG_20051983
45,1,3,5,2,1,0.25,320286,321995,323969,KSDG_20051983
46,1,5,4,2,1,0.25,327652,328459,330802,KSDG_20051983
47,1,7,8,1,1,0.25,334319,335035,337485,KSDG_20051983
48,1,8,7,1,0,0.25,340952,344347,345935,KSDG_20051983
49,0,3,4,1,1,0.75,349185,349771,351351,KSDG_20051983
50,0,8,7,1,1,0.75,354835,354891,356851,KSDG_20051983
51,0,3,5,1,1,0.75,360284,361067,362718,KSDG_20051983
52,0,4,6,1,1,0.75,366201,366731,368867,KSDG_20051983
53,0,7,4,1,0,0.75,372617,372619,374250,KSDG_20051983
54,0,8,5,2,0,0.75,378167,382347,384133,KSDG_20051983
55,0,8,7,2,0,0.75,388033,388506,390266,KSDG_20051983
56,0,6,4,1,0,0.75,393816,394874,396866,KSDG_20051983
57,0,7,4,1,0,0.75,400299,400826,403016,KSDG_20051983
58,0,3,5,1,0,0.75,406882,407770,409866,KSDG_20051983
59,0,6,6,2,0,0.75,413915,414842,416682,KSDG_20051983
60,0,7,7,2,0,0.75,419765,420506,422998,KSDG_20051983
61,0,4,7,2,0,0.75,426598,427626,429548,KSDG_20051983
62,0,7,2,2,0,0.75,433198,434506,436148,KSDG_20051983
63,0,4,3,1,1,0.75,439264,439690,441798,KSDG_20051983
64,0,2,3,2,1,0.25,451247,456218,458147,KSDG_20051983
65,0,5,7,2,0,0.25,461497,462186,464113,KSDG_20051983
66,0,3,5,2,0,0.25,467680,468458,470213,KSDG_20051983
67,0,7,2,1,0,0.25,473746,474330,476229,KSDG_20051983
68,0,6,5,1,0,0.25,479746,480538,482813,KSDG_20051983
69,0,3,2,2,1,0.25,486262,486858,488762,KSDG_20051983
70,0,7,3,2,1,0.25,491879,492458,494362,KSDG_20051983
71,0,8,2,2,1,0.25,498412,499162,500928,KSDG_20051983
72,0,8,6,2,1,0.25,504162,508218,509928,KSDG_20051983
73,0,3,8,2,1,0.25,513978,514506,517011,KSDG_20051983
74,0,7,8,2,1,0.25,520244,521018,523511,KSDG_20051983
75,0,7,6,2,1,0.25,526577,527162,529127,KSDG_20051983
76,0,5,7,2,0,0.25,532244,532778,534894,KSDG_20051983
77,0,5,7,1,0,0.25,538544,539049,541310,KSDG_20051983
78,0,2,5,2,0,0.25,544460,545337,547277,KSDG_20051983
79,0,5,3,2,1,0.25,550593,551801,553893,KSDG_20051983
80,0,2,3,2,1,0.25,557126,558217,560443,KSDG_20051983
81,0,8,2,2,1,0.25,564009,564649,566992,KSDG_20051983
82,0,5,7,2,1,0.25,570242,570729,572492,KSDG_20051983
83,0,2,3,2,0,0.25,575825,583897,586242,KSDG_20051983
84,0,8,3,1,1,0.25,590158,590761,592591,KSDG_20051983
85,0,3,6,1,1,0.25,596358,597145,598974,KSDG_20051983
86,1,3,3,1,1,0.75,602658,603321,605574,KSDG_20051983
87,1,2,6,2,0,0.75,608974,609561,611840,KSDG_20051983
88,1,2,2,1,0,0.75,615840,616489,618724,KSDG_20051983
89,1,6,6,2,0,0.75,622290,623113,625473,KSDG_20051983
90,1,3,8,1,1,0.75,629440,629993,631523,KSDG_20051983
91,1,6,4,1,1,0.75,634756,635497,637656,KSDG_20051983
92,1,8,3,2,0,0.75,640973,642329,644039,KSDG_20051983
93,1,6,8,2,0,0.75,647422,649337,651405,KSDG_20051983
94,1,2,6,2,0,0.75,654622,655913,657639,KSDG_20051983
95,1,7,5,1,0,0.75,660905,661545,663388,KSDG_20051983
96,1,8,8,1,1,0.75,666855,667481,669971,KSDG_20051983
97,1,5,2,1,0,0.75,673671,674569,676538,KSDG_20051983
98,1,6,7,1,0,0.75,680138,680937,682787,KSDG_20051983
99,0,5,3,2,1,0.15,693537,697592,699970,KSDG_20051983
100,0,5,8,2,1,0.15,703087,705160,706986,KSDG_20051983
101,0,6,5,2,0,0.15,710103,711016,713503,KSDG_20051983
102,0,7,8,1,0,0.15,717536,719240,720853,KSDG_20051983
103,0,8,7,2,1,0.15,724586,725720,727869,KSDG_20051983
104,0,8,4,2,1,0.15,731102,732120,734219,KSDG_20051983
105,0,8,7,2,1,0.15,737552,738408,740085,KSDG_20051983
106,0,5,4,2,1,0.15,743235,744312,746751,KSDG_20051983
107,0,6,8,2,1,0.15,750051,750952,753401,KSDG_20051983
108,0,8,6,2,1,0.15,757151,763368,764951,KSDG_20051983
109,0,2,8,2,1,0.15,768851,770568,772334,KSDG_20051983
110,0,7,4,2,0,0.15,776084,781416,783417,KSDG_20051983
111,0,8,8,1,0,0.15,787183,788280,790050,KSDG_20051983
112,0,6,5,2,1,0.15,793500,794424,796949,KSDG_20051983
113,0,7,2,2,0,0.15,800233,800712,802982,KSDG_20051983
114,0,2,6,2,1,0.15,806999,807624,809749,KSDG_20051983
115,0,3,3,2,1,0.15,813599,814216,816632,KSDG_20051983
116,0,6,7,2,1,0.15,819948,820632,822165,KSDG_20051983
117,1,8,2,2,0,0.85,825681,826248,828315,KSDG_20051983
118,1,3,7,2,0,0.85,832248,833735,835364,KSDG_20051983
119,1,4,5,1,1,0.85,839031,839543,841614,KSDG_20051983
120,1,5,4,1,1,0.85,844664,845159,846931,KSDG_20051983
121,1,3,5,1,1,0.85,850864,852519,854630,KSDG_20051983
122,1,6,7,2,0,0.85,857930,860087,862430,KSDG_20051983
123,1,2,2,2,0,0.85,866096,873847,876329,KSDG_20051983
124,1,2,5,2,0,0.85,880179,880983,883096,KSDG_20051983
125,1,8,8,1,1,0.85,886662,887303,889612,KSDG_20051983
126,1,5,5,1,1,0.85,892929,893847,895495,KSDG_20051983
127,1,4,4,1,1,0.85,899195,899799,901795,KSDG_20051983
128,1,6,3,1,1,0.85,905261,906199,908128,KSDG_20051983
1,0,5,6,1,1,0.25,7566,9563,11199,KXMS_13061971
2,0,2,4,1,0,0.25,14932,15627,18065,KXMS_13061971
3,0,2,2,2,1,0.25,21415,23675,25448,KXMS_13061971
4,0,8,8,2,1,0.25,29498,32587,34598,KXMS_13061971
5,0,2,3,2,1,0.25,37881,39163,40764,KXMS_13061971
6,0,7,5,2,0,0.25,44381,46091,48297,KXMS_13061971
7,0,3,3,2,1,0.25,51764,55115,57247,KXMS_13061971
8,0,5,7,2,0,0.25,60414,61819,64247,KXMS_13061971
9,0,2,3,1,1,0.25,68130,68971,70663,KXMS_13061971
10,0,4,2,1,1,0.25,74363,75275,77529,KXMS_13061971
11,0,8,5,1,0,0.25,80696,81579,83146,KXMS_13061971
12,0,3,8,1,0,0.25,86212,89083,90979,KXMS_13061971
13,0,6,4,2,1,0.25,94695,95866,97629,KXMS_13061971
14,0,5,2,2,1,0.25,101228,102362,104095,KXMS_13061971
15,0,5,3,2,1,0.25,107345,108666,110395,KXMS_13061971
16,0,7,8,2,0,0.25,114378,115690,117794,KXMS_13061971
17,0,5,2,2,1,0.25,121044,122234,124594,KXMS_13061971
18,0,8,7,2,1,0.25,127827,129274,130927,KXMS_13061971
19,0,6,8,2,0,0.25,134377,134986,136810,KXMS_13061971
20,1,2,2,1,1,0.75,140110,141882,143677,KXMS_13061971
21,1,4,6,1,0,0.75,147560,148442,150443,KXMS_13061971
22,1,6,4,2,1,0.75,153543,154282,156376,KXMS_13061971
23,1,3,5,2,1,0.75,160176,161162,163592,KXMS_13061971
24,1,3,6,2,0,0.75,166959,167402,168959,KXMS_13061971
25,1,5,5,2,0,0.75,172509,173290,175359,KXMS_13061971
26,1,3,7,1,1,0.75,178792,179690,181708,KXMS_13061971
27,1,2,6,1,1,0.75,185291,186378,188791,KXMS_13061971
28,1,5,5,1,0,0.75,192858,194058,195774,KXMS_13061971
29,1,4,5,1,1,0.75,199674,202794,205024,KXMS_13061971
30,1,5,4,1,1,0.75,208124,209306,211507,KXMS_13061971
31,1,8,7,1,1,0.75,215174,216202,218007,KXMS_13061971
32,1,2,3,1,1,0.75,221207,222345,224806,KXMS_13061971
33,1,7,3,1,1,0.75,228823,229722,231323,KXMS_13061971
34,1,2,5,1,1,0.75,234773,236441,238323,KXMS_13061971
35,0,8,6,1,1,0.85,248089,249897,252022,KXMS_13061971
36,0,2,7,1,1,0.85,255722,256649,258388,KXMS_13061971
37,0,5,5,1,1,0.85,262188,266457,268271,KXMS_13061971
38,0,7,2,1,1,0.85,271621,273209,275654,KXMS_13061971
39,0,3,5,1,1,0.85,278804,279929,281537,KXMS_13061971
40,0,4,6,1,1,0.85,285571,286777,288454,KXMS_13061971
41,0,6,5,1,1,0.85,291920,293225,294853,KXMS_13061971
42,0,2,7,1,1,0.85,298103,299545,301153,KXMS_13061971
43,0,8,3,1,1,0.85,304620,305385,307586,KXMS_13061971
44,0,7,3,1,0,0.85,311186,311897,313953,KXMS_13061971
45,0,2,6,1,1,0.85,318002,319017,321402,KXMS_13061971
46,0,4,2,1,0,0.85,325019,325849,327635,KXMS_13061971
47,0,5,7,2,0,0.85,331502,332921,335402,KXMS_13061971
48,0,5,6,1,1,0.85,339218,340073,342285,KXMS_13061971
49,0,2,6,1,1,0.85,345651,346457,348368,KXMS_13061971
50,0,6,3,1,1,0.85,352134,352921,355084,KXMS_13061971
51,0,3,8,1,1,0.85,358784,359497,361567,KXMS_13061971
52,0,2,6,1,1,0.85,365000,365849,367867,KXMS_13061971
53,1,6,4,1,0,0.15,371217,372377,374033,KXMS_13061971
54,1,3,4,1,0,0.15,377917,383656,386066,KXMS_13061971
55,1,8,6,1,0,0.15,390133,392152,394682,KXMS_13061971
56,1,5,3,2,0,0.15,398349,399352,401382,KXMS_13061971
57,1,4,4,1,0,0.15,404515,406008,407749,KXMS_13061971
58,1,2,6,2,1,0.15,411382,412856,415198,KXMS_13061971
59,1,3,7,2,1,0.15,418381,419000,420831,KXMS_13061971
60,1,5,8,2,1,0.15,424365,425704,427714,KXMS_13061971
61,1,4,2,2,0,0.15,431348,432760,434447,KXMS_13061971
62,1,6,2,2,1,0.15,437597,438376,440181,KXMS_13061971
63,1,2,7,2,1,0.15,443464,445304,447064,KXMS_13061971
64,1,4,4,2,1,0.15,450713,451864,453780,KXMS_13061971
65,0,6,3,2,1,0.15,466113,468488,470013,KXMS_13061971
66,0,3,8,2,1,0.15,473679,478056,480145,KXMS_13061971
67,0,5,6,2,1,0.15,484012,485032,486779,KXMS_13061971
68,0,2,5,2,1,0.15,490295,491096,493345,KXMS_13061971
69,0,7,7,2,1,0.15,497261,498472,500811,KXMS_13061971
70,0,5,2,2,1,0.15,504044,504983,507011,KXMS_13061971
71,0,4,6,2,1,0.15,510611,511591,513927,KXMS_13061971
72,0,4,7,2,1,0.15,517361,518135,520277,KXMS_13061971
73,0,7,2,2,1,0.15,524294,525559,527193,KXMS_13061971
74,0,4,2,2,1,0.15,530443,531703,533660,KXMS_13061971
75,0,6,3,2,1,0.15,536776,539703,541776,KXMS_13061971
76,0,8,3,2,1,0.15,544859,546471,548476,KXMS_13061971
77,0,3,7,2,1,0.15,551659,554743,556776,KXMS_13061971
78,0,6,4,2,1,0.15,560559,562407,564259,KXMS_13061971
79,0,3,5,2,1,0.15,568175,569143,571342,KXMS_13061971
80,0,2,4,2,1,0.15,574608,576359,578091,KXMS_13061971
81,0,3,6,2,1,0.15,581774,582423,584508,KXMS_13061971
82,1,3,2,2,0,0.85,588124,588599,590241,KXMS_13061971
83,1,3,3,2,0,0.85,594274,595015,597340,KXMS_13061971
84,1,2,8,1,0,0.85,600690,601367,602974,KXMS_13061971
85,1,4,2,2,0,0.85,606890,607831,609657,KXMS_13061971
86,1,4,2,1,1,0.85,612823,613575,615340,KXMS_13061971
87,1,8,3,1,1,0.85,618806,621911,624423,KXMS_13061971
88,1,8,6,1,1,0.85,628156,629463,631322,KXMS_13061971
89,1,6,2,1,0,0.85,635255,636087,638555,KXMS_13061971
90,1,2,3,2,0,0.85,642355,644566,647055,KXMS_13061971
91,1,3,2,1,1,0.85,651005,651878,653955,KXMS_13061971
92,1,3,6,1,1,0.85,657955,658806,661188,KXMS_13061971
93,1,6,5,1,0,0.85,664821,665574,667987,KXMS_13061971
94,0,8,3,2,0,0.75,677637,680198,682303,KXMS_13061971
95,0,7,4,1,1,0.75,686153,686950,688987,KXMS_13061971
96,0,3,2,1,1,0.75,692703,693590,695853,KXMS_13061971
97,0,4,7,1,1,0.75,699919,701782,704219,KXMS_13061971
98,0,7,4,1,1,0.75,707436,708614,710536,KXMS_13061971
99,0,5,3,1,0,0.75,714535,715526,718002,KXMS_13061971
100,0,8,6,1,1,0.75,721752,722710,724518,KXMS_13061971
101,0,4,6,1,0,0.75,727802,729414,731735,KXMS_13061971
102,0,5,3,2,0,0.75,735301,736534,738751,KXMS_13061971
103,0,4,6,1,1,0.75,742434,745958,748051,KXMS_13061971
104,0,6,4,1,0,0.75,751234,752390,754484,KXMS_13061971
105,0,8,2,1,1,0.75,757784,758966,761283,KXMS_13061971
106,0,8,6,1,1,0.75,764650,765734,767833,KXMS_13061971
107,0,2,6,1,1,0.75,771450,772310,774200,KXMS_13061971
108,0,4,8,1,0,0.75,778033,779013,781033,KXMS_13061971
109,0,3,4,1,1,0.75,784199,785093,787432,KXMS_13061971
110,1,8,8,1,0,0.25,791182,792005,794182,KXMS_13061971
111,1,4,5,1,0,0.25,797815,798437,800565,KXMS_13061971
112,1,2,5,1,0,0.25,803948,804965,806931,KXMS_13061971
113,1,4,6,2,1,0.25,810381,810789,812865,KXMS_13061971
114,1,6,7,2,1,0.25,815981,816885,818831,KXMS_13061971
115,1,5,5,2,0,0.25,821897,822645,824481,KXMS_13061971
116,1,3,5,2,1,0.25,827781,831717,833764,KXMS_13061971
117,1,5,2,2,0,0.25,836980,838549,840680,KXMS_13061971
118,1,4,5,2,1,0.25,844646,845941,848163,KXMS_13061971
119,1,6,6,2,1,0.25,851563,852741,854346,KXMS_13061971
120,1,8,6,2,1,0.25,858063,858709,860712,KXMS_13061971
121,1,8,8,2,1,0.25,864346,865301,867496,KXMS_13061971
122,1,6,6,2,1,0.25,871362,872085,873662,KXMS_13061971
123,1,5,8,2,1,0.25,877278,878469,880812,KXMS_13061971
124,1,5,3,2,0,0.25,884045,885589,887661,KXMS_13061971
125,1,4,7,1,0,0.25,891278,892245,894061,KXMS_13061971
1,0,5,6,2,1,0.25,6166,7395,9366,K_BA_22111991
2,0,6,2,1,0,0.25,12799,14338,16599,K_BA_22111991
3,0,7,2,2,0,0.25,20349,22114,23915,K_BA_22111991
4,0,4,4,2,1,0.25,27865,29298,31165,K_BA_22111991
5,0,3,7,2,1,0.25,34565,36834,39131,K_BA_22111991
6,0,6,4,2,1,0.25,42998,44898,47231,K_BA_22111991
7,0,6,2,2,1,0.25,50697,53250,55314,K_BA_22111991
8,0,3,6,2,1,0.25,58830,61410,63913,K_BA_22111991
9,0,3,7,2,1,0.25,67847,69666,71330,K_BA_22111991
10,0,5,8,2,1,0.25,74880,76722,78380,K_BA_22111991
11,0,7,2,1,1,0.25,82046,85170,86796,K_BA_22111991
12,0,2,8,2,0,0.25,90412,92130,94512,K_BA_22111991
13,0,5,3,2,1,0.25,98529,103698,105528,K_BA_22111991
14,0,3,3,1,0,0.25,109178,111186,112878,K_BA_22111991
15,0,3,4,2,1,0.25,116611,117714,119861,K_BA_22111991
16,0,5,3,2,1,0.25,122994,126770,128677,K_BA_22111991
17,1,6,2,2,0,0.75,132344,135186,137694,K_BA_22111991
18,1,2,2,1,1,0.75,141410,144466,146243,K_BA_22111991
19,1,6,2,2,1,0.75,149343,151362,152960,K_BA_22111991
20,1,5,5,1,1,0.75,156276,158018,160226,K_BA_22111991
21,1,8,4,2,0,0.75,163359,165281,167559,K_BA_22111991
22,1,4,3,2,0,0.75,171292,173009,175242,K_BA_22111991
23,1,7,6,1,1,0.75,178492,179617,181859,K_BA_22111991
24,1,8,6,1,1,0.75,185375,186465,188025,K_BA_22111991
25,1,7,2,1,0,0.75,191858,193265,195775,K_BA_22111991
26,1,3,3,1,1,0.75,199024,200033,202224,K_BA_22111991
27,1,8,4,1,1,0.75,205991,208113,210074,K_BA_22111991
28,1,2,5,2,0,0.75,214090,215665,217674,K_BA_22111991
29,1,5,2,1,0,0.75,221090,228177,230106,K_BA_22111991
30,1,7,2,2,0,0.75,233723,235777,238239,K_BA_22111991
31,1,5,5,1,1,0.75,242106,243473,245006,K_BA_22111991
32,0,7,5,1,1,0.15,258605,260241,262138,K_BA_22111991
33,0,3,8,2,1,0.15,265588,267793,269971,K_BA_22111991
34,0,6,4,1,1,0.15,273605,274593,276271,K_BA_22111991
35,0,7,3,1,1,0.15,280238,281009,282654,K_BA_22111991
36,0,5,7,2,1,0.15,285954,286865,288854,K_BA_22111991
37,0,8,7,1,0,0.15,292804,293537,295804,K_BA_22111991
38,0,6,3,1,0,0.15,299054,300897,302537,K_BA_22111991
39,0,4,5,2,1,0.15,306053,307280,309703,K_BA_22111991
40,0,7,7,2,1,0.15,312953,314720,316853,K_BA_22111991
41,0,8,3,2,1,0.15,320453,323072,325502,K_BA_22111991
42,0,2,3,2,1,0.15,329319,330656,332552,K_BA_22111991
43,0,5,7,2,1,0.15,335935,336960,338735,K_BA_22111991
44,0,4,6,2,1,0.15,342435,343216,345018,K_BA_22111991
45,0,6,2,1,0,0.15,348935,350736,353018,K_BA_22111991
46,0,3,3,2,1,0.15,356384,357680,360201,K_BA_22111991
47,0,5,3,2,1,0.15,363384,365888,368051,K_BA_22111991
48,0,6,3,2,1,0.15,371384,372688,374384,K_BA_22111991
49,0,8,7,2,0,0.15,377484,379008,380583,K_BA_22111991
50,0,4,7,1,0,0.15,384300,385776,387633,K_BA_22111991
51,0,5,3,2,0,0.15,391166,395248,397199,K_BA_22111991
52,0,4,8,1,0,0.15,400699,403920,406032,K_BA_22111991
53,0,3,4,2,1,0.15,409799,414608,416699,K_BA_22111991
54,0,5,6,2,1,0.15,420582,421888,423448,K_BA_22111991
55,1,3,4,2,0,0.85,427331,429504,431248,K_BA_22111991
56,1,6,8,1,1,0.85,434814,437408,439081,K_BA_22111991
57,1,8,4,2,0,0.85,442748,444928,446881,K_BA_22111991
58,1,6,5,2,0,0.85,450514,452896,454730,K_BA_22111991
59,1,5,8,1,1,0.85,458597,461439,463047,K_BA_22111991
60,1,2,3,2,0,0.85,466113,469039,470863,K_BA_22111991
61,1,7,3,1,0,0.85,474280,477279,479029,K_BA_22111991
62,1,8,2,2,0,0.85,482196,484351,486262,K_BA_22111991
63,1,7,5,2,0,0.85,489879,491263,493579,K_BA_22111991
64,1,4,5,2,0,0.85,497262,499327,501812,K_BA_22111991
65,1,2,2,2,0,0.85,505128,506495,508411,K_BA_22111991
66,1,7,6,1,1,0.85,511728,512735,514311,K_BA_22111991
67,0,6,5,1,0,0.75,528177,531151,533110,K_BA_22111991
68,0,3,2,2,0,0.75,536977,538799,540510,K_BA_22111991
69,0,4,8,2,1,0.75,544343,547007,548826,K_BA_22111991
70,0,4,7,2,0,0.75,552343,553903,555809,K_BA_22111991
71,0,3,5,1,1,0.75,559026,561167,562992,K_BA_22111991
72,0,6,5,1,1,0.75,566759,570447,572642,K_BA_22111991
73,0,7,7,1,1,0.75,576209,578415,580392,K_BA_22111991
74,0,5,4,1,1,0.75,584008,586783,589108,K_BA_22111991
75,0,5,5,1,1,0.75,592691,594447,596258,K_BA_22111991
76,0,5,8,2,0,0.75,599624,602126,604357,K_BA_22111991
77,0,4,2,1,1,0.75,607574,609310,610907,K_BA_22111991
78,0,4,4,1,1,0.75,614024,615454,617507,K_BA_22111991
79,0,7,6,1,0,0.75,620973,622478,624390,K_BA_22111991
80,0,2,7,2,1,0.75,627973,629902,631973,K_BA_22111991
81,0,2,6,2,1,0.75,635789,639086,640872,K_BA_22111991
82,0,6,2,1,1,0.75,644389,646478,648572,K_BA_22111991
83,0,7,3,2,1,0.75,652372,654174,656688,K_BA_22111991
84,1,3,7,2,1,0.25,659905,661518,663472,K_BA_22111991
85,1,7,3,2,0,0.25,667005,668926,670871,K_BA_22111991
86,1,2,3,2,1,0.25,674171,676494,678238,K_BA_22111991
87,1,5,2,1,0,0.25,681671,683710,686221,K_BA_22111991
88,1,3,4,2,0,0.25,689554,690622,693120,K_BA_22111991
89,1,7,3,2,0,0.25,696637,698590,700853,K_BA_22111991
90,1,3,2,1,1,0.25,704820,706606,709020,K_BA_22111991
91,1,6,8,1,0,0.25,712286,714014,716486,K_BA_22111991
92,1,5,8,2,1,0.25,720152,724894,726852,K_BA_22111991
93,1,7,6,2,1,0.25,730719,735838,738302,K_BA_22111991
94,1,2,5,2,1,0.25,741552,743662,745801,K_BA_22111991
95,1,3,8,2,1,0.25,749268,750750,752334,K_BA_22111991
96,1,4,7,2,1,0.25,755568,756541,758367,K_BA_22111991
97,1,8,6,2,1,0.25,762217,763789,765834,K_BA_22111991
98,0,2,3,2,1,0.85,778900,780125,782183,K_BA_22111991
99,0,3,8,2,0,0.85,786233,787165,788716,K_BA_22111991
100,0,8,5,1,1,0.85,792566,794781,796716,K_BA_22111991
101,0,8,3,1,1,0.85,800016,802253,803966,K_BA_22111991
102,0,6,5,1,1,0.85,807199,808573,810165,K_BA_22111991
103,0,8,6,1,1,0.85,813699,815469,817798,K_BA_22111991
104,0,4,8,2,0,0.85,820848,822701,825065,K_BA_22111991
105,0,5,7,2,1,0.85,828231,831613,833998,K_BA_22111991
106,0,6,4,1,1,0.85,837498,840445,842564,K_BA_22111991
107,0,2,2,2,1,0.85,846480,850141,851880,K_BA_22111991
108,0,4,5,2,1,0.85,855663,857069,858863,K_BA_22111991
109,0,8,3,1,1,0.85,862830,866589,868313,K_BA_22111991
110,0,2,4,2,1,0.85,871863,873085,875063,K_BA_22111991
111,0,6,7,2,0,0.85,878646,879901,881746,K_BA_22111991
112,0,5,3,1,1,0.85,885195,887325,889612,K_BA_22111991
113,0,8,6,2,0,0.85,892845,894893,897312,K_BA_22111991
114,0,5,3,1,0,0.85,901261,902284,904445,K_BA_22111991
115,0,4,3,2,0,0.85,908128,910940,913428,K_BA_22111991
116,0,2,2,1,1,0.85,916994,920940,922594,K_BA_22111991
117,0,8,8,1,1,0.85,925827,926972,928694,K_BA_22111991
118,0,3,3,1,1,0.85,932494,933292,935710,K_BA_22111991
119,0,5,3,1,1,0.85,939227,940956,943310,K_BA_22111991
120,1,2,6,2,0,0.15,947110,950204,951959,K_BA_22111991
121,1,8,2,1,0,0.15,955426,958172,960492,K_BA_22111991
122,1,5,5,1,0,0.15,964325,965660,967809,K_BA_22111991
123,1,2,6,1,0,0.15,971075,977916,979625,K_BA_22111991
124,1,5,7,1,0,0.15,982858,985644,987675,K_BA_22111991
125,1,3,7,2,1,0.15,991441,993388,995058,K_BA_22111991
126,1,6,7,2,1,0.15,998674,1000508,1002957,K_BA_22111991
127,1,4,7,2,1,0.15,1006824,1009388,1011740,K_BA_22111991
128,1,4,4,1,0,0.15,1015623,1016860,1019057,K_BA_22111991
129,1,2,2,2,1,0.15,1022590,1023372,1025723,K_BA_22111991
130,1,2,2,2,1,0.15,1028873,1029836,1032039,K_BA_22111991
131,1,8,4,1,0,0.15,1035739,1038716,1040422,K_BA_22111991
1,0,8,6,1,1,0.85,33215,36699,38481,LAAB_29101982
2,0,7,5,1,1,0.85,42581,43931,45848,LAAB_29101982
3,0,8,8,1,1,0.85,49347,51819,54281,LAAB_29101982
4,0,7,7,1,1,0.85,57797,59227,61447,LAAB_29101982
5,0,5,7,2,1,0.85,64597,66203,68447,LAAB_29101982
6,0,4,4,2,0,0.85,71946,73675,75530,LAAB_29101982
7,0,2,6,2,0,0.85,78829,79707,81729,LAAB_29101982
8,0,6,3,1,0,0.85,85013,85979,87896,LAAB_29101982
9,0,8,4,1,1,0.85,91579,92443,94329,LAAB_29101982
10,0,2,2,1,0,0.85,97562,98923,100579,LAAB_29101982
11,0,6,3,1,0,0.85,103812,104939,107412,LAAB_29101982
12,0,7,4,1,1,0.85,110628,112107,114545,LAAB_29101982
13,0,2,6,2,0,0.85,117761,118890,120678,LAAB_29101982
14,0,4,7,1,1,0.85,124777,126522,129044,LAAB_29101982
15,0,6,7,1,1,0.85,132560,133434,135560,LAAB_29101982
16,0,3,5,1,1,0.85,139210,140186,142243,LAAB_29101982
17,1,4,7,2,1,0.15,146127,146842,148493,LAAB_29101982
18,1,8,6,2,1,0.15,152410,153594,155176,LAAB_29101982
19,1,7,5,1,0,0.15,159193,160682,163176,LAAB_29101982
20,1,4,3,1,0,0.15,166326,167658,169676,LAAB_29101982
21,1,7,4,1,0,0.15,173492,175322,177042,LAAB_29101982
22,1,6,3,2,1,0.15,181125,182026,184325,LAAB_29101982
23,1,8,5,2,0,0.15,187758,188586,190291,LAAB_29101982
24,1,3,2,1,0,0.15,194058,195882,197941,LAAB_29101982
25,1,7,8,1,0,0.15,201324,203274,204941,LAAB_29101982
26,1,2,6,2,1,0.15,208207,209786,211740,LAAB_29101982
27,1,8,6,2,0,0.15,215240,217018,219557,LAAB_29101982
28,1,4,6,1,0,0.15,223157,225002,226906,LAAB_29101982
29,1,5,5,1,0,0.15,230173,232106,234289,LAAB_29101982
30,1,3,5,2,1,0.15,237806,238570,240956,LAAB_29101982
31,1,6,6,2,1,0.15,244172,245434,247172,LAAB_29101982
32,1,3,8,2,1,0.15,250955,251626,253539,LAAB_29101982
33,1,4,8,2,1,0.25,266121,267274,269538,LAAB_29101982
34,1,4,2,2,1,0.25,273688,275289,277538,LAAB_29101982
35,1,2,8,2,1,0.25,280687,281673,284054,LAAB_29101982
36,1,5,2,1,0,0.25,287187,288105,289687,LAAB_29101982
37,1,4,8,2,1,0.25,293754,294233,296720,LAAB_29101982
38,1,5,5,2,1,0.25,300187,301273,303120,LAAB_29101982
39,1,6,8,2,0,0.25,306453,307321,309053,LAAB_29101982
40,1,3,3,1,0,0.25,312603,313241,315336,LAAB_29101982
41,1,6,5,1,1,0.25,318836,319881,321852,LAAB_29101982
42,1,8,5,1,0,0.25,325169,326009,328302,LAAB_29101982
43,1,7,6,2,1,0.25,331752,333625,335302,LAAB_29101982
44,1,8,3,2,1,0.25,338935,340585,342368,LAAB_29101982
45,1,7,8,2,0,0.25,346468,347225,349318,LAAB_29101982
46,1,3,2,1,0,0.25,353234,353961,356034,LAAB_29101982
47,1,4,4,1,0,0.25,359367,361977,364384,LAAB_29101982
48,1,6,7,2,0,0.25,367917,369769,371417,LAAB_29101982
49,1,6,3,1,1,0.25,374900,375929,378433,LAAB_29101982
50,0,5,3,1,1,0.75,381583,383017,385400,LAAB_29101982
51,0,6,4,1,1,0.75,389066,389913,392399,LAAB_29101982
52,0,6,8,1,1,0.75,395716,396601,398582,LAAB_29101982
53,0,4,4,1,1,0.75,402399,403433,405599,LAAB_29101982
54,0,7,4,1,1,0.75,409599,411753,413865,LAAB_29101982
55,0,6,5,1,1,0.75,417815,418712,420981,LAAB_29101982
56,0,5,5,1,1,0.75,424731,425816,427398,LAAB_29101982
57,0,4,8,1,0,0.75,430664,431880,434364,LAAB_29101982
58,0,6,3,2,0,0.75,437481,439160,441197,LAAB_29101982
59,0,8,5,2,0,0.75,444964,446696,448530,LAAB_29101982
60,0,5,3,1,1,0.75,451963,452520,454863,LAAB_29101982
61,0,5,3,1,1,0.75,458663,459752,462063,LAAB_29101982
62,0,5,5,1,1,0.75,465413,466552,469013,LAAB_29101982
63,0,5,6,1,1,0.75,472929,474232,476346,LAAB_29101982
64,0,8,5,1,1,0.75,479596,480520,482146,LAAB_29101982
65,1,5,2,1,1,0.85,493312,494920,496712,LAAB_29101982
66,1,8,6,1,1,0.85,500411,501656,504045,LAAB_29101982
67,1,8,8,1,1,0.85,507444,513224,515544,LAAB_29101982
68,1,2,6,1,0,0.85,519561,521176,522977,LAAB_29101982
69,1,8,6,1,1,0.85,526460,528920,530710,LAAB_29101982
70,1,2,3,2,0,0.85,534760,536104,537860,LAAB_29101982
71,1,3,4,2,0,0.85,541026,541720,543493,LAAB_29101982
72,1,2,6,2,0,0.85,546993,547752,550243,LAAB_29101982
73,1,3,6,1,1,0.85,554059,554808,557242,LAAB_29101982
74,1,3,2,1,1,0.85,561042,562007,563859,LAAB_29101982
75,1,6,2,1,1,0.85,567808,568487,570808,LAAB_29101982
76,1,5,5,1,1,0.85,574275,575111,576841,LAAB_29101982
77,1,6,3,1,1,0.85,580475,581511,583258,LAAB_29101982
78,1,8,2,1,1,0.85,586524,587591,589191,LAAB_29101982
79,1,2,5,1,1,0.85,592491,593639,595807,LAAB_29101982
80,1,8,8,1,1,0.85,599740,600823,602724,LAAB_29101982
81,0,5,2,1,0,0.15,606373,607463,609457,LAAB_29101982
82,0,5,6,2,1,0.15,613490,614487,616873,LAAB_29101982
83,0,5,3,2,1,0.15,620840,621623,623623,LAAB_29101982
84,0,4,7,2,1,0.15,626973,628039,629639,LAAB_29101982
85,0,7,3,2,1,0.15,633406,634631,636539,LAAB_29101982
86,0,2,5,2,1,0.15,639839,641447,643305,LAAB_29101982
87,0,4,4,2,1,0.15,647205,648231,650372,LAAB_29101982
88,0,8,8,2,1,0.15,654005,655031,657371,LAAB_29101982
89,0,4,2,2,1,0.15,661204,662679,664938,LAAB_29101982
90,0,6,7,2,1,0.15,668054,668967,670687,LAAB_29101982
91,0,7,2,2,1,0.15,674737,675607,677520,LAAB_29101982
92,0,5,4,2,0,0.15,680987,682535,684570,LAAB_29101982
93,0,3,2,1,0,0.15,687820,688631,690437,LAAB_29101982
94,0,6,3,1,1,0.15,694353,694999,697320,LAAB_29101982
95,0,8,6,1,0,0.15,700869,701895,703769,LAAB_29101982
96,0,4,6,2,1,0.15,706969,707526,709336,LAAB_29101982
97,0,7,7,2,1,0.15,713019,714214,716769,LAAB_29101982
98,0,6,2,2,0,0.15,720319,721462,723718,LAAB_29101982
99,0,8,2,1,0,0.25,733801,737046,738851,LAAB_29101982
100,0,2,4,2,0,0.25,742651,743382,745068,LAAB_29101982
101,0,7,4,2,0,0.25,748817,749750,751617,LAAB_29101982
102,0,2,8,1,0,0.25,755050,756950,758750,LAAB_29101982
103,0,6,7,2,0,0.25,762783,763494,765850,LAAB_29101982
104,0,4,7,2,1,0.25,769867,770294,771933,LAAB_29101982
105,0,5,8,2,0,0.25,775816,776310,777983,LAAB_29101982
106,0,4,3,1,0,0.25,781249,782150,784299,LAAB_29101982
107,0,6,2,1,0,0.25,787482,788118,789899,LAAB_29101982
108,0,2,8,2,1,0.25,793782,795062,796632,LAAB_29101982
109,0,6,2,2,1,0.25,800349,801126,803248,LAAB_29101982
110,0,5,4,2,1,0.25,807132,807670,809931,LAAB_29101982
111,0,5,2,2,0,0.25,814031,814790,816381,LAAB_29101982
112,0,6,8,1,0,0.25,820114,820758,822381,LAAB_29101982
113,0,6,2,1,0,0.25,825514,826262,828447,LAAB_29101982
114,0,8,4,2,0,0.25,832214,832774,834914,LAAB_29101982
115,1,3,6,2,0,0.75,838664,839670,841713,LAAB_29101982
116,1,7,2,1,1,0.75,845447,846678,848646,LAAB_29101982
117,1,5,4,1,1,0.75,852280,852838,855246,LAAB_29101982
118,1,3,5,1,1,0.75,858613,859349,861679,LAAB_29101982
119,1,8,8,1,0,0.75,865229,866133,867996,LAAB_29101982
120,1,2,5,2,0,0.75,871195,872421,874029,LAAB_29101982
121,1,8,7,1,1,0.75,877145,877765,879378,LAAB_29101982
122,1,3,4,1,1,0.75,882495,883061,885128,LAAB_29101982
123,1,6,8,1,1,0.75,888795,889349,891361,LAAB_29101982
124,1,5,6,1,1,0.75,895444,896181,898094,LAAB_29101982
125,1,3,6,1,0,0.75,902194,902821,904427,LAAB_29101982
126,1,6,6,2,0,0.75,907594,908101,909960,LAAB_29101982
127,1,5,7,2,0,0.75,913127,913749,916294,LAAB_29101982
128,1,2,3,1,1,0.75,920143,921253,923110,LAAB_29101982
1,0,4,6,2,1,0.25,13282,14556,17082,MAAO_15081988
2,0,3,7,2,0,0.25,21032,21932,23698,MAAO_15081988
3,0,4,6,2,1,0.25,27648,28523,30981,MAAO_15081988
4,0,4,2,2,1,0.25,34515,35243,37481,MAAO_15081988
5,0,2,3,2,1,0.25,41431,42027,44148,MAAO_15081988
6,0,6,3,2,1,0.25,47547,48075,50197,MAAO_15081988
7,0,3,4,2,0,0.25,53447,56763,58780,MAAO_15081988
8,0,8,6,2,1,0.25,62280,62843,65080,MAAO_15081988
9,0,5,2,2,1,0.25,68197,68811,70546,MAAO_15081988
10,0,4,3,2,1,0.25,73796,74523,76980,MAAO_15081988
11,0,8,3,2,0,0.25,80363,81099,83446,MAAO_15081988
12,0,6,8,2,1,0.25,87146,87627,90146,MAAO_15081988
13,0,7,7,2,1,0.25,94112,94763,97179,MAAO_15081988
14,0,3,5,2,1,0.25,100812,101515,103962,MAAO_15081988
15,0,2,7,2,1,0.25,107695,108571,110561,MAAO_15081988
16,0,8,3,2,0,0.25,113961,114635,116345,MAAO_15081988
17,0,3,7,2,1,0.25,119978,120811,122794,MAAO_15081988
18,0,2,3,2,1,0.25,126594,129579,131461,MAAO_15081988
19,0,6,5,2,0,0.25,135460,136107,138444,MAAO_15081988
20,0,5,6,2,1,0.25,142477,143195,145210,MAAO_15081988
21,0,3,2,2,1,0.25,149293,150251,152593,MAAO_15081988
22,0,4,3,2,1,0.25,156093,156763,158826,MAAO_15081988
23,0,6,4,2,1,0.25,161943,162715,164759,MAAO_15081988
24,1,7,5,2,1,0.75,168442,169322,171125,MAAO_15081988
25,1,6,6,2,0,0.75,174475,175178,176759,MAAO_15081988
26,1,6,6,2,0,0.75,180642,181306,183425,MAAO_15081988
27,1,8,2,1,1,0.75,186825,188138,190091,MAAO_15081988
28,1,4,2,1,1,0.75,193624,194682,196941,MAAO_15081988
29,1,7,7,1,1,0.75,200408,202298,203857,MAAO_15081988
30,1,3,4,1,0,0.75,207657,208458,210024,MAAO_15081988
31,1,6,4,1,1,0.75,213857,214458,216924,MAAO_15081988
32,1,8,5,1,1,0.75,220573,221402,223723,MAAO_15081988
33,1,8,2,1,1,0.75,226890,227610,229373,MAAO_15081988
34,1,4,7,1,1,0.75,233156,233834,236323,MAAO_15081988
35,1,7,8,1,1,0.75,240073,241082,242689,MAAO_15081988
36,0,6,2,2,1,0.15,259072,261514,263855,MAAO_15081988
37,0,7,8,2,1,0.15,267155,267930,269888,MAAO_15081988
38,0,4,2,2,1,0.15,273454,273962,275821,MAAO_15081988
39,0,4,5,2,1,0.15,279821,280410,282187,MAAO_15081988
40,0,2,5,2,1,0.15,285771,286250,288587,MAAO_15081988
41,0,3,6,2,1,0.15,292370,292938,294787,MAAO_15081988
42,0,3,2,2,1,0.15,298003,298649,300770,MAAO_15081988
43,0,2,5,2,1,0.15,303886,304601,306670,MAAO_15081988
44,0,2,8,2,0,0.15,309820,310553,312886,MAAO_15081988
45,0,3,8,2,1,0.15,316869,317593,319569,MAAO_15081988
46,0,5,5,2,0,0.15,323436,324089,326369,MAAO_15081988
47,0,6,8,2,1,0.15,330119,330857,332719,MAAO_15081988
48,0,5,7,2,1,0.15,336052,336969,338602,MAAO_15081988
49,0,7,6,2,1,0.15,341951,343001,344685,MAAO_15081988
50,0,2,2,2,1,0.15,348685,349305,350968,MAAO_15081988
51,0,5,4,2,1,0.15,354968,356153,357934,MAAO_15081988
52,1,3,8,2,0,0.85,361451,361849,363651,MAAO_15081988
53,1,6,3,2,1,0.85,367567,367977,369900,MAAO_15081988
54,1,8,7,2,0,0.85,373450,376089,378550,MAAO_15081988
55,1,4,8,2,0,0.85,381716,382905,385350,MAAO_15081988
56,1,5,8,2,0,0.85,389149,391001,392616,MAAO_15081988
57,1,3,3,1,1,0.85,396566,397049,399216,MAAO_15081988
58,1,2,6,1,0,0.85,403265,403817,405649,MAAO_15081988
59,1,3,2,1,1,0.85,409582,410153,412615,MAAO_15081988
60,1,8,5,1,0,0.85,416682,417625,419315,MAAO_15081988
61,1,3,6,1,1,0.85,423215,423881,425598,MAAO_15081988
62,1,2,7,1,1,0.85,429114,429849,431814,MAAO_15081988
63,1,6,5,1,1,0.85,434881,435624,437747,MAAO_15081988
64,1,5,7,1,1,0.85,441497,442280,444447,MAAO_15081988
65,0,2,4,2,0,0.85,454247,455976,458080,MAAO_15081988
66,0,2,5,1,1,0.85,462096,462824,464796,MAAO_15081988
67,0,4,5,1,1,0.85,468763,469400,471179,MAAO_15081988
68,0,6,5,1,1,0.85,474379,474888,476529,MAAO_15081988
69,0,3,2,1,1,0.85,480012,480424,482245,MAAO_15081988
70,0,8,2,1,1,0.85,485745,486440,488828,MAAO_15081988
71,0,4,3,1,1,0.85,492628,493016,495395,MAAO_15081988
72,0,3,8,1,1,0.85,498545,498968,500728,MAAO_15081988
73,0,3,4,1,0,0.85,504511,505032,507544,MAAO_15081988
74,0,7,7,1,1,0.85,511544,512072,514577,MAAO_15081988
75,0,3,5,1,1,0.85,518511,519384,521527,MAAO_15081988
76,0,8,6,1,1,0.85,525460,526120,527743,MAAO_15081988
77,0,6,7,1,1,0.85,531310,532616,534726,MAAO_15081988
78,0,6,5,1,1,0.85,538726,539384,541676,MAAO_15081988
79,0,6,3,1,1,0.85,544759,545704,547726,MAAO_15081988
80,0,4,6,1,0,0.85,551726,553112,555609,MAAO_15081988
81,0,5,7,1,1,0.85,559042,559576,561692,MAAO_15081988
82,1,7,3,1,0,0.15,565292,566104,568058,MAAO_15081988
83,1,2,6,1,0,0.15,572092,572615,575058,MAAO_15081988
84,1,7,8,1,0,0.15,578558,579127,580841,MAAO_15081988
85,1,5,3,2,1,0.15,584674,587079,589507,MAAO_15081988
86,1,5,2,2,1,0.15,592674,593335,595157,MAAO_15081988
87,1,2,8,2,1,0.15,598457,599591,601974,MAAO_15081988
88,1,8,5,2,1,0.15,605223,605863,607523,MAAO_15081988
89,1,8,6,2,1,0.15,611240,611911,613706,MAAO_15081988
90,1,7,4,2,1,0.15,617706,618423,620256,MAAO_15081988
91,1,5,7,2,1,0.15,623739,624455,626906,MAAO_15081988
92,1,5,5,2,1,0.15,629989,630695,632372,MAAO_15081988
93,1,7,7,2,1,0.15,636339,637239,638922,MAAO_15081988
94,1,4,2,2,1,0.25,649722,651175,652888,MAAO_15081988
95,1,8,4,2,1,0.25,656571,657271,659788,MAAO_15081988
96,1,3,5,2,0,0.25,663738,664359,666238,MAAO_15081988
97,1,4,2,2,1,0.25,669787,670471,672554,MAAO_15081988
98,1,2,5,2,1,0.25,675687,676423,678770,MAAO_15081988
99,1,8,6,2,1,0.25,682520,684471,686070,MAAO_15081988
100,1,4,8,2,1,0.25,690120,690727,692386,MAAO_15081988
101,1,7,8,2,1,0.25,695553,696183,698086,MAAO_15081988
102,1,4,5,2,1,0.25,702153,702919,705269,MAAO_15081988
103,1,4,5,2,0,0.25,708452,709062,711169,MAAO_15081988
104,1,4,2,2,1,0.25,714869,715926,717619,MAAO_15081988
105,1,3,3,2,1,0.25,721452,722038,723902,MAAO_15081988
106,1,2,2,2,1,0.25,726985,728598,730568,MAAO_15081988
107,1,6,4,2,1,0.25,734118,734774,736984,MAAO_15081988
108,1,2,4,2,1,0.25,741051,741670,744101,MAAO_15081988
109,1,4,2,2,1,0.25,748167,749574,751651,MAAO_15081988
110,1,8,8,2,1,0.25,755034,755526,757867,MAAO_15081988
111,0,2,5,2,0,0.75,761200,762294,764350,MAAO_15081988
112,0,8,6,2,0,0.75,767433,767910,770033,MAAO_15081988
113,0,5,6,2,0,0.75,773833,774406,776749,MAAO_15081988
114,0,6,5,1,1,0.75,780016,780566,782849,MAAO_15081988
115,0,6,3,1,1,0.75,786266,786742,788732,MAAO_15081988
116,0,4,2,1,0,0.75,791832,792486,794449,MAAO_15081988
117,0,5,3,1,1,0.75,797549,798150,800465,MAAO_15081988
118,0,3,4,1,1,0.75,803632,804278,806265,MAAO_15081988
119,0,6,3,1,1,0.75,810081,810726,812498,MAAO_15081988
120,0,4,5,1,0,0.75,816314,817334,818864,MAAO_15081988
121,0,5,6,1,1,0.75,822664,823190,824814,MAAO_15081988
122,0,7,6,1,1,0.75,828331,828806,830847,MAAO_15081988
123,0,4,6,1,0,0.75,834330,834774,836564,MAAO_15081988
124,0,3,5,1,1,0.75,839730,840357,842097,MAAO_15081988
1,0,4,4,2,1,0.25,7183,8594,10382,MACT_10071998
2,0,3,7,2,1,0.25,14199,14802,16382,MACT_10071998
3,0,7,2,2,1,0.25,20065,20546,22232,MACT_10071998
4,0,8,5,2,0,0.25,25932,26498,28515,MACT_10071998
5,0,8,4,2,0,0.25,32281,32898,34865,MACT_10071998
6,0,4,5,1,0,0.25,38648,39186,40748,MACT_10071998
7,0,3,4,2,1,0.25,43964,44354,46481,MACT_10071998
8,0,7,7,2,1,0.25,49714,50546,52414,MACT_10071998
9,0,3,4,2,1,0.25,55480,56194,57964,MACT_10071998
10,0,6,7,2,1,0.25,61380,61922,63530,MACT_10071998
11,0,8,3,2,1,0.25,66780,67522,69213,MACT_10071998
12,0,8,3,1,0,0.25,72380,73458,75980,MACT_10071998
13,0,5,6,2,1,0.25,79746,80226,82279,MACT_10071998
14,0,3,8,2,1,0.25,85513,86114,87729,MACT_10071998
15,0,2,8,2,0,0.25,91646,92082,93695,MACT_10071998
16,0,5,3,2,1,0.25,97595,98482,100129,MACT_10071998
17,0,8,6,2,1,0.25,103378,104130,105728,MACT_10071998
18,0,7,8,2,1,0.25,109245,110066,112395,MACT_10071998
19,1,3,7,2,0,0.75,115761,116353,118294,MACT_10071998
20,1,5,8,1,1,0.75,121994,123713,125294,MACT_10071998
21,1,5,3,2,0,0.75,128661,129425,131627,MACT_10071998
22,1,8,6,1,1,0.75,135160,135537,138060,MACT_10071998
23,1,8,2,1,0,0.75,141543,142145,144410,MACT_10071998
24,1,4,4,2,0,0.75,148443,149025,150710,MACT_10071998
25,1,7,8,1,1,0.75,154293,154801,156876,MACT_10071998
26,1,8,7,2,0,0.75,160509,161729,163842,MACT_10071998
27,1,2,2,1,1,0.75,167276,168001,169559,MACT_10071998
28,1,8,5,1,1,0.75,173542,174065,176475,MACT_10071998
29,1,8,8,1,0,0.75,180075,180993,183525,MACT_10071998
30,1,7,5,2,1,0.75,186725,187153,189441,MACT_10071998
31,1,7,2,1,1,0.75,193025,193729,195991,MACT_10071998
32,1,5,4,1,1,0.75,199891,200401,202557,MACT_10071998
33,1,2,7,1,1,0.75,206191,207137,209241,MACT_10071998
34,1,8,6,1,1,0.75,212440,213217,215257,MACT_10071998
35,1,3,5,2,0,0.85,229073,229873,231640,MACT_10071998
36,1,5,2,1,1,0.85,235506,236065,237923,MACT_10071998
37,1,4,7,1,1,0.85,241539,242016,243706,MACT_10071998
38,1,8,4,1,1,0.85,247006,248080,249605,MACT_10071998
39,1,6,7,1,1,0.85,252805,253568,255289,MACT_10071998
40,1,8,7,1,1,0.85,258622,261408,263272,MACT_10071998
41,1,3,7,1,1,0.85,267038,268160,269971,MACT_10071998
42,1,2,7,1,1,0.85,273554,274496,276671,MACT_10071998
43,1,8,7,1,1,0.85,280187,280784,282987,MACT_10071998
44,1,4,8,1,1,0.85,286737,287248,289304,MACT_10071998
45,1,8,6,1,1,0.85,293337,294096,296170,MACT_10071998
46,1,8,6,2,0,0.85,299287,300272,302536,MACT_10071998
47,1,8,6,1,1,0.85,306420,307008,309436,MACT_10071998
48,1,3,2,1,1,0.85,313253,313776,315953,MACT_10071998
49,1,2,8,1,0,0.85,319669,320656,322219,MACT_10071998
50,1,3,3,2,0,0.85,326019,327280,329202,MACT_10071998
51,1,6,7,1,1,0.85,332635,333584,336002,MACT_10071998
52,0,2,3,1,0,0.15,339868,340752,343018,MACT_10071998
53,0,7,4,2,1,0.15,347018,347872,349501,MACT_10071998
54,0,3,2,2,1,0.15,352584,353168,355634,MACT_10071998
55,0,4,2,2,1,0.15,359417,360096,361901,MACT_10071998
56,0,8,6,2,1,0.15,364984,367136,368867,MACT_10071998
57,0,3,8,1,1,0.15,372233,373743,375283,MACT_10071998
58,0,7,7,2,1,0.15,379250,380463,382066,MACT_10071998
59,0,5,4,2,1,0.15,385783,386671,388566,MACT_10071998
60,0,7,3,2,1,0.15,392083,393087,395432,MACT_10071998
61,0,5,5,2,1,0.15,399199,401183,403582,MACT_10071998
62,0,7,6,2,1,0.15,407599,408927,411415,MACT_10071998
63,0,7,5,2,1,0.15,414498,415119,417032,MACT_10071998
64,0,8,4,2,0,0.15,420881,423551,425198,MACT_10071998
65,0,7,3,2,1,0.75,437597,441599,443597,MACT_10071998
66,0,3,4,2,0,0.75,446880,447535,449347,MACT_10071998
67,0,4,3,2,0,0.75,453147,453759,456280,MACT_10071998
68,0,5,7,1,0,0.75,459613,460191,462446,MACT_10071998
69,0,6,2,2,0,0.75,465579,466591,468263,MACT_10071998
70,0,3,4,2,1,0.75,471696,472415,474579,MACT_10071998
71,0,8,8,2,0,0.75,478262,481631,483595,MACT_10071998
72,0,2,4,2,0,0.75,487629,488319,490162,MACT_10071998
73,0,7,5,1,1,0.75,494162,494799,497245,MACT_10071998
74,0,3,4,2,0,0.75,500328,501071,503311,MACT_10071998
75,0,3,8,2,0,0.75,507044,508110,510044,MACT_10071998
76,0,3,2,1,1,0.75,513361,514302,516294,MACT_10071998
77,0,8,7,2,1,0.75,520027,520766,523094,MACT_10071998
78,0,7,5,2,0,0.75,526577,526926,528593,MACT_10071998
79,0,5,2,1,0,0.75,532477,532926,534960,MACT_10071998
80,0,3,6,2,0,0.75,538593,539150,541043,MACT_10071998
81,0,7,8,1,1,0.75,545026,545534,547976,MACT_10071998
82,0,8,6,1,0,0.75,551692,552254,554476,MACT_10071998
83,1,7,3,1,1,0.25,558159,559022,560892,MACT_10071998
84,1,5,3,1,1,0.25,564259,565086,567525,MACT_10071998
85,1,6,6,1,0,0.25,571108,571902,574275,MACT_10071998
86,1,3,3,1,0,0.25,578258,578942,581258,MACT_10071998
87,1,3,2,2,1,0.25,584791,586414,587974,MACT_10071998
88,1,5,7,1,1,0.25,591524,593934,596374,MACT_10071998
89,1,6,2,2,1,0.25,599474,601326,603807,MACT_10071998
90,1,8,7,2,1,0.25,607457,608670,610240,MACT_10071998
91,1,7,2,2,0,0.25,614190,614910,617073,MACT_10071998
92,1,6,3,2,0,0.25,620439,621086,623056,MACT_10071998
93,1,7,4,1,0,0.25,626323,626958,629356,MACT_10071998
94,1,8,5,2,1,0.25,632856,633853,636172,MACT_10071998
95,1,6,8,1,0,0.25,639972,642909,644755,MACT_10071998
96,0,5,7,2,0,0.85,657638,660157,661904,MACT_10071998
97,0,2,2,1,1,0.85,664988,666013,668471,MACT_10071998
98,0,2,7,1,0,0.85,671937,672493,674354,MACT_10071998
99,0,5,6,2,1,0.85,677587,678013,679854,MACT_10071998
100,0,7,6,2,0,0.85,683437,683949,686170,MACT_10071998
101,0,5,6,1,0,0.85,689503,690413,692186,MACT_10071998
102,0,5,7,1,1,0.85,695303,696093,698136,MACT_10071998
103,0,8,4,1,1,0.85,701469,702541,704136,MACT_10071998
104,0,4,8,1,1,0.85,707619,708909,710686,MACT_10071998
105,0,4,2,1,1,0.85,713902,714493,716302,MACT_10071998
106,0,2,3,1,1,0.85,719685,720717,722702,MACT_10071998
107,0,6,3,1,1,0.85,726635,727677,729718,MACT_10071998
108,0,3,2,2,0,0.85,733135,734413,736751,MACT_10071998
109,0,6,6,1,0,0.85,740301,741325,743001,MACT_10071998
110,0,8,2,1,1,0.85,746367,747373,749167,MACT_10071998
111,0,4,7,2,0,0.85,752900,753597,755917,MACT_10071998
112,0,3,2,1,1,0.85,759767,760317,762533,MACT_10071998
113,1,6,2,1,0,0.15,765917,766684,768383,MACT_10071998
114,1,2,3,2,1,0.15,772166,774060,775816,MACT_10071998
115,1,3,6,2,1,0.15,779033,779756,781933,MACT_10071998
116,1,8,3,2,1,0.15,785949,786812,788816,MACT_10071998
117,1,8,8,2,1,0.15,792365,794588,796599,MACT_10071998
118,1,6,4,2,1,0.15,800415,801100,803065,MACT_10071998
119,1,2,6,2,1,0.15,806865,808092,810481,MACT_10071998
120,1,2,4,2,1,0.15,814314,814988,816914,MACT_10071998
121,1,3,5,1,0,0.15,820614,822220,824347,MACT_10071998
122,1,6,5,2,1,0.15,828381,829820,831647,MACT_10071998
123,1,4,4,2,1,0.15,835330,835980,838480,MACT_10071998
124,1,2,2,2,1,0.15,842247,844684,846763,MACT_10071998
125,1,6,5,1,0,0.15,850063,852604,854396,MACT_10071998
126,1,2,8,2,0,0.15,858029,859980,862046,MACT_10071998
1,0,5,8,1,0,0.25,7249,7951,10016,MALV_18031978
2,0,4,7,1,0,0.25,13932,14655,17049,MALV_18031978
3,0,8,4,2,0,0.25,20965,21519,23632,MALV_18031978
4,0,8,4,2,1,0.25,26932,27631,29215,MALV_18031978
5,0,8,2,2,1,0.25,32331,33071,35431,MALV_18031978
6,0,7,8,2,1,0.25,38931,39983,42081,MALV_18031978
7,0,7,3,2,1,0.25,46081,47535,49731,MALV_18031978
8,0,8,5,2,1,0.25,53614,54991,56580,MALV_18031978
9,0,5,8,1,1,0.25,59664,60479,62263,MALV_18031978
10,0,3,5,2,1,0.25,66130,66623,68580,MALV_18031978
11,0,7,8,2,1,0.25,72580,73263,75513,MALV_18031978
12,0,6,3,2,1,0.25,79446,79871,82013,MALV_18031978
13,0,6,3,2,1,0.25,85129,86046,87629,MALV_18031978
14,0,5,2,2,1,0.25,91462,92094,94029,MALV_18031978
15,0,2,5,1,1,0.25,97562,98334,99928,MALV_18031978
16,0,8,2,2,1,0.25,103612,104382,106095,MALV_18031978
17,0,2,5,2,1,0.25,109345,109902,112045,MALV_18031978
18,1,6,7,2,1,0.75,115911,116398,118494,MALV_18031978
19,1,3,3,2,1,0.75,122044,122446,124844,MALV_18031978
20,1,3,5,2,0,0.75,127910,128302,130677,MALV_18031978
21,1,5,4,1,1,0.75,134344,134606,136893,MALV_18031978
22,1,2,2,2,0,0.75,140360,140942,142743,MALV_18031978
23,1,4,2,2,0,0.75,146360,147086,148676,MALV_18031978
24,1,4,8,1,1,0.75,152159,152526,154893,MALV_18031978
25,1,2,3,1,1,0.75,158926,159278,161459,MALV_18031978
26,1,8,2,1,0,0.75,164592,165070,166842,MALV_18031978
27,1,8,5,2,0,0.75,170192,170510,172875,MALV_18031978
28,1,8,4,1,1,0.75,176442,176718,179158,MALV_18031978
29,1,2,6,1,1,0.75,182775,183134,184825,MALV_18031978
30,1,8,8,1,0,0.75,188591,188878,190558,MALV_18031978
31,1,7,6,2,1,0.75,194174,194542,196241,MALV_18031978
32,1,7,3,2,0,0.75,199491,200093,202324,MALV_18031978
33,1,7,8,1,0,0.75,205790,206205,208357,MALV_18031978
34,1,2,3,1,1,0.75,211673,212381,213973,MALV_18031978
35,1,5,7,1,1,0.85,228656,229597,231789,MALV_18031978
36,1,6,4,1,1,0.85,235589,236029,237606,MALV_18031978
37,1,4,4,1,1,0.85,240772,241101,242789,MALV_18031978
38,1,2,8,1,1,0.85,246639,247021,249222,MALV_18031978
39,1,8,4,1,1,0.85,252655,253069,255188,MALV_18031978
40,1,6,6,2,0,0.85,258371,258989,261021,MALV_18031978
41,1,2,2,2,0,0.85,264171,265197,267121,MALV_18031978
42,1,8,5,1,1,0.85,270271,270989,272787,MALV_18031978
43,1,6,2,1,1,0.85,276071,276717,278854,MALV_18031978
44,1,8,2,1,1,0.85,282254,282685,284753,MALV_18031978
45,1,4,5,2,0,0.85,288503,289005,291287,MALV_18031978
46,1,3,3,1,1,0.85,295186,295533,297803,MALV_18031978
47,1,2,7,1,0,0.85,301069,301485,303986,MALV_18031978
48,1,2,2,2,0,0.85,307803,308076,309786,MALV_18031978
49,1,6,2,1,1,0.85,312986,313293,315802,MALV_18031978
50,1,7,2,1,1,0.85,319602,320092,322102,MALV_18031978
51,1,3,6,1,0,0.85,325985,326284,328702,MALV_18031978
52,1,8,2,1,1,0.85,331851,332204,334335,MALV_18031978
53,0,6,7,1,1,0.15,337618,338156,340451,MALV_18031978
54,0,8,4,1,1,0.15,343718,344060,346484,MALV_18031978
55,0,3,2,1,0,0.15,350534,350844,352634,MALV_18031978
56,0,7,2,1,0,0.15,356234,356764,358817,MALV_18031978
57,0,4,7,1,0,0.15,362317,363244,365233,MALV_18031978
58,0,3,4,2,1,0.15,368833,369116,370816,MALV_18031978
59,0,4,4,2,1,0.15,374316,375052,377016,MALV_18031978
60,0,3,5,2,0,0.15,380549,381004,383266,MALV_18031978
61,0,8,7,2,1,0.15,387049,387484,389382,MALV_18031978
62,0,8,3,2,1,0.15,393382,394076,395815,MALV_18031978
63,0,7,8,2,1,0.15,399198,399692,401848,MALV_18031978
64,0,3,8,2,1,0.15,405382,405756,407331,MALV_18031978
65,1,5,8,1,0,0.25,419648,420284,421931,MALV_18031978
66,1,4,3,1,0,0.25,425331,426043,428431,MALV_18031978
67,1,5,3,2,1,0.25,432114,432411,434847,MALV_18031978
68,1,7,3,2,1,0.25,438797,439627,441930,MALV_18031978
69,1,6,2,2,1,0.25,445780,446315,448830,MALV_18031978
70,1,7,3,2,1,0.25,452779,453179,455046,MALV_18031978
71,1,6,4,2,1,0.25,459012,460827,462612,MALV_18031978
72,1,6,6,2,1,0.25,466129,467051,469029,MALV_18031978
73,1,2,4,1,0,0.25,472145,472891,474562,MALV_18031978
74,1,8,3,2,0,0.25,477628,478059,480045,MALV_18031978
75,1,6,8,2,1,0.25,483561,484235,486595,MALV_18031978
76,1,8,7,2,1,0.25,490178,490939,492861,MALV_18031978
77,1,5,2,2,1,0.25,496644,497595,499944,MALV_18031978
78,1,8,8,2,1,0.25,503410,504203,506144,MALV_18031978
79,1,3,3,1,0,0.25,510110,510955,512943,MALV_18031978
80,1,7,3,2,0,0.25,516243,516571,518343,MALV_18031978
81,0,2,7,2,0,0.75,522193,522699,524743,MALV_18031978
82,0,5,6,1,1,0.75,527876,528315,530759,MALV_18031978
83,0,2,7,1,1,0.75,534492,534923,536626,MALV_18031978
84,0,4,6,1,1,0.75,540209,540730,542359,MALV_18031978
85,0,5,8,1,0,0.75,545709,546730,548709,MALV_18031978
86,0,3,7,1,1,0.75,552525,553322,555058,MALV_18031978
87,0,7,7,1,1,0.75,558875,559514,561275,MALV_18031978
88,0,3,5,1,0,0.75,564874,565610,567141,MALV_18031978
89,0,8,7,1,1,0.75,570841,571290,573457,MALV_18031978
90,0,2,4,1,1,0.75,577057,577722,579307,MALV_18031978
91,0,2,8,1,1,0.75,582474,583370,585357,MALV_18031978
92,0,4,8,1,0,0.75,589023,589626,592157,MALV_18031978
93,0,4,8,2,0,0.85,604873,605434,607573,MALV_18031978
94,0,4,6,2,0,0.85,611172,611930,614239,MALV_18031978
95,0,3,4,1,1,0.85,617955,618314,619989,MALV_18031978
96,0,4,8,1,1,0.85,623622,624154,625872,MALV_18031978
97,0,5,5,1,1,0.85,629338,629850,632255,MALV_18031978
98,0,3,8,1,0,0.85,636155,636490,638755,MALV_18031978
99,0,7,7,1,1,0.85,642588,643306,644854,MALV_18031978
100,0,5,2,1,1,0.85,648621,650010,652254,MALV_18031978
101,0,5,5,1,0,0.85,655854,656665,658870,MALV_18031978
102,0,5,5,1,1,0.85,661937,662521,664237,MALV_18031978
103,0,7,8,1,1,0.85,667437,668009,669770,MALV_18031978
104,0,5,5,1,1,0.85,673636,674681,676286,MALV_18031978
105,0,2,4,1,1,0.85,679519,686153,688436,MALV_18031978
106,0,2,3,2,0,0.85,691602,692681,695035,MALV_18031978
107,0,6,2,1,1,0.85,698719,699401,701118,MALV_18031978
108,0,2,7,1,0,0.85,704968,705801,708301,MALV_18031978
109,1,5,2,1,1,0.15,711918,712441,714351,MALV_18031978
110,1,3,6,1,0,0.15,717901,718441,720568,MALV_18031978
111,1,4,5,1,0,0.15,723984,724745,727151,MALV_18031978
112,1,3,6,2,1,0.15,730450,731289,733234,MALV_18031978
113,1,8,2,1,0,0.15,736850,737417,739467,MALV_18031978
114,1,3,4,2,1,0.15,743033,743337,745850,MALV_18031978
115,1,5,5,2,1,0.15,749316,749977,751883,MALV_18031978
116,1,4,5,2,1,0.15,755249,756057,757966,MALV_18031978
117,1,5,6,1,1,0.15,761149,763369,765116,MALV_18031978
118,1,2,4,1,0,0.15,768832,769624,771799,MALV_18031978
119,1,5,2,2,1,0.15,774965,779336,781365,MALV_18031978
120,1,7,4,2,1,0.15,784715,785384,787731,MALV_18031978
1,1,4,2,1,1,0.75,4599,5591,7183,MCPM_06011977
2,1,2,7,2,0,0.75,10599,11511,13066,MCPM_06011977
3,1,6,2,1,1,0.75,16782,17879,19549,MCPM_06011977
4,1,4,2,1,1,0.75,23132,24455,26265,MCPM_06011977
5,1,8,4,1,1,0.75,29365,30263,32381,MCPM_06011977
6,1,6,7,1,1,0.75,35848,37079,38831,MCPM_06011977
7,1,8,8,1,1,0.75,42748,43975,45831,MCPM_06011977
8,1,8,6,1,1,0.75,49264,50087,52514,MCPM_06011977
9,1,2,2,1,0,0.75,56197,57399,58997,MCPM_06011977
10,1,4,3,1,1,0.75,62964,64327,66280,MCPM_06011977
11,1,4,4,1,1,0.75,70230,70999,72630,MCPM_06011977
12,1,7,2,1,0,0.75,76246,78087,80163,MCPM_06011977
13,1,4,6,1,1,0.75,83613,84279,86379,MCPM_06011977
14,1,3,4,1,1,0.75,90112,97846,99695,MCPM_06011977
15,1,5,2,1,1,0.75,103245,105734,107678,MCPM_06011977
16,1,2,2,1,1,0.75,111378,112390,114645,MCPM_06011977
17,0,7,5,1,1,0.25,118261,119510,121844,MCPM_06011977
18,0,6,4,1,0,0.25,125644,126502,128977,MCPM_06011977
19,0,6,3,1,1,0.25,132911,133718,135844,MCPM_06011977
20,0,3,5,2,0,0.25,139577,141350,143310,MCPM_06011977
21,0,7,3,1,0,0.25,147227,148518,150510,MCPM_06011977
22,0,4,7,1,1,0.25,153593,168070,170376,MCPM_06011977
23,0,7,7,1,0,0.25,174526,176342,177892,MCPM_06011977
24,0,8,5,2,0,0.25,181959,183494,185675,MCPM_06011977
25,0,7,3,1,1,0.25,189092,189846,192291,MCPM_06011977
26,0,5,7,1,0,0.25,195875,197350,199108,MCPM_06011977
27,0,3,6,2,0,0.25,202541,207398,209407,MCPM_06011977
28,0,4,6,1,0,0.25,212791,213654,215224,MCPM_06011977
29,0,8,2,1,0,0.25,218357,219382,221040,MCPM_06011977
30,0,6,4,1,0,0.25,224490,225622,227957,MCPM_06011977
31,0,3,8,2,0,0.25,231840,233366,235456,MCPM_06011977
32,1,7,2,1,1,0.85,251306,252533,254355,MCPM_06011977
33,1,3,2,1,1,0.85,258422,259493,261805,MCPM_06011977
34,1,8,8,1,1,0.85,265405,267253,269005,MCPM_06011977
35,1,6,8,1,1,0.85,272288,272981,275138,MCPM_06011977
36,1,3,4,1,1,0.85,278221,280613,282338,MCPM_06011977
37,1,3,7,2,0,0.85,285521,290213,291921,MCPM_06011977
38,1,3,4,1,1,0.85,295970,297253,299320,MCPM_06011977
39,1,6,2,1,1,0.85,303020,305957,307670,MCPM_06011977
40,1,2,3,1,1,0.85,311053,313061,315570,MCPM_06011977
41,1,2,4,1,0,0.85,318836,320101,321869,MCPM_06011977
42,1,2,4,1,0,0.85,324952,330309,332236,MCPM_06011977
43,1,6,6,1,1,0.85,336002,337125,339319,MCPM_06011977
44,1,2,4,2,0,0.85,343185,344277,346335,MCPM_06011977
45,1,6,2,1,0,0.85,349535,350453,352385,MCPM_06011977
46,1,3,2,1,1,0.85,355535,357045,358734,MCPM_06011977
47,1,5,8,1,1,0.85,362168,363941,365717,MCPM_06011977
48,0,8,7,1,1,0.15,369084,373205,375567,MCPM_06011977
49,0,5,6,2,1,0.15,379500,382805,385083,MCPM_06011977
50,0,5,2,1,0,0.15,388183,389588,391150,MCPM_06011977
51,0,6,7,2,1,0.15,395216,396484,398483,MCPM_06011977
52,0,4,5,1,0,0.15,402483,405268,406982,MCPM_06011977
53,0,3,7,2,1,0.15,410466,411876,414015,MCPM_06011977
54,0,7,7,2,1,0.15,417715,419508,421832,MCPM_06011977
55,0,2,2,1,0,0.15,425432,426532,428381,MCPM_06011977
56,0,6,8,1,1,0.15,432298,433492,435331,MCPM_06011977
57,0,5,3,1,1,0.15,439398,440836,442464,MCPM_06011977
58,0,6,5,1,0,0.15,446264,447588,450064,MCPM_06011977
59,0,5,4,1,0,0.15,453930,457412,459080,MCPM_06011977
60,0,2,7,1,1,0.75,473746,474932,477246,MCPM_06011977
61,0,7,7,2,0,0.75,480446,482132,484179,MCPM_06011977
62,0,3,6,1,1,0.75,488096,489652,492029,MCPM_06011977
63,0,7,7,1,0,0.75,495512,496292,497862,MCPM_06011977
64,0,8,6,1,1,0.75,501662,503092,505328,MCPM_06011977
65,0,6,6,1,1,0.75,508828,510660,512311,MCPM_06011977
66,0,3,7,2,1,0.75,516228,517748,519728,MCPM_06011977
67,0,8,5,1,0,0.75,523794,527860,530244,MCPM_06011977
68,0,4,5,2,0,0.75,533810,534740,536993,MCPM_06011977
69,0,3,4,1,1,0.75,540343,545795,548193,MCPM_06011977
70,0,7,5,1,1,0.75,551660,559267,561192,MCPM_06011977
71,0,3,5,1,1,0.75,564876,566499,568442,MCPM_06011977
72,0,7,3,1,1,0.75,572192,573411,575525,MCPM_06011977
73,0,8,6,1,0,0.75,579225,580611,582908,MCPM_06011977
74,0,5,7,2,0,0.75,586341,587011,588958,MCPM_06011977
75,0,4,3,1,1,0.75,592508,594307,596541,MCPM_06011977
76,0,4,5,1,1,0.75,600457,601715,603257,MCPM_06011977
77,0,7,7,1,0,0.75,607207,608211,609940,MCPM_06011977
78,0,8,2,1,1,0.75,613124,614355,616107,MCPM_06011977
79,0,8,6,2,1,0.75,620040,621203,623340,MCPM_06011977
80,1,5,7,1,0,0.25,627273,628387,630340,MCPM_06011977
81,1,3,2,1,0,0.25,633856,635491,637039,MCPM_06011977
82,1,6,7,2,1,0.25,640156,641123,643306,MCPM_06011977
83,1,3,6,1,0,0.25,647339,649139,651622,MCPM_06011977
84,1,5,3,1,0,0.25,655488,656339,658188,MCPM_06011977
85,1,3,5,1,0,0.25,661355,663043,665555,MCPM_06011977
86,1,2,3,2,1,0.25,669438,671123,673104,MCPM_06011977
87,1,4,8,1,0,0.25,676238,677459,679787,MCPM_06011977
88,1,5,7,2,1,0.25,683504,684754,686420,MCPM_06011977
89,1,6,7,2,0,0.25,689570,690354,692770,MCPM_06011977
90,1,2,3,1,1,0.25,696470,697394,699503,MCPM_06011977
91,1,5,2,1,0,0.25,702736,704210,705886,MCPM_06011977
92,1,4,6,2,1,0.25,708986,710274,712236,MCPM_06011977
93,1,8,4,1,0,0.15,728385,729938,731785,MCPM_06011977
94,1,8,4,2,1,0.15,735752,736786,738952,MCPM_06011977
95,1,8,7,1,0,0.15,742568,744290,745935,MCPM_06011977
96,1,6,4,2,1,0.15,749818,750610,752634,MCPM_06011977
97,1,3,7,1,0,0.15,756418,758162,760367,MCPM_06011977
98,1,5,7,2,1,0.15,764051,764690,767067,MCPM_06011977
99,1,3,7,2,1,0.15,770200,771138,773317,MCPM_06011977
100,1,8,3,1,0,0.15,776917,778034,780167,MCPM_06011977
101,1,4,8,2,1,0.15,783900,785138,787050,MCPM_06011977
102,1,6,3,1,0,0.15,791049,792354,794183,MCPM_06011977
103,1,7,5,2,1,0.15,798182,799922,802432,MCPM_06011977
104,1,2,2,1,0,0.15,806049,807618,809249,MCPM_06011977
105,1,3,2,1,0,0.15,812598,815090,816865,MCPM_06011977
106,1,6,5,2,0,0.15,820848,822434,824748,MCPM_06011977
107,1,4,2,1,0,0.15,828398,829122,831448,MCPM_06011977
108,1,2,4,2,1,0.15,835281,836130,837881,MCPM_06011977
109,1,5,2,1,0,0.15,841814,842593,844464,MCPM_06011977
110,1,2,2,1,0,0.15,848114,848817,850380,MCPM_06011977
111,1,2,3,2,1,0.15,854130,855153,856880,MCPM_06011977
112,1,8,6,1,0,0.15,860396,864369,866063,MCPM_06011977
113,0,7,6,2,0,0.85,869529,871249,872963,MCPM_06011977
114,0,5,3,1,1,0.85,876679,877569,879346,MCPM_06011977
115,0,8,2,1,1,0.85,883012,883889,885812,MCPM_06011977
116,0,7,2,1,1,0.85,889395,890433,892162,MCPM_06011977
117,0,5,3,1,1,0.85,895878,896769,899261,MCPM_06011977
118,0,8,3,1,0,0.85,903128,904321,906411,MCPM_06011977
119,0,3,4,2,0,0.85,910311,911073,913244,MCPM_06011977
120,0,2,3,1,1,0.85,916577,917345,919394,MCPM_06011977
121,0,3,8,2,0,0.85,922777,923585,925794,MCPM_06011977
122,0,6,5,1,1,0.85,929360,930177,931910,MCPM_06011977
123,0,2,7,1,1,0.85,935960,941041,943276,MCPM_06011977
124,0,5,3,1,0,0.85,947326,948785,950893,MCPM_06011977
125,0,8,8,2,0,0.85,954492,957153,958759,MCPM_06011977
126,0,7,7,1,1,0.85,962225,963041,965359,MCPM_06011977
1,0,6,5,1,0,0.25,13482,14424,16382,MDTR_16071990
2,0,2,4,1,0,0.25,20115,20743,22415,MDTR_16071990
3,0,3,3,2,1,0.25,26298,26839,29248,MDTR_16071990
4,0,8,6,2,1,0.25,32848,33895,35831,MDTR_16071990
5,0,7,7,2,0,0.25,39065,39719,42048,MDTR_16071990
6,0,5,8,2,1,0.25,45848,46535,48981,MDTR_16071990
7,0,6,2,2,1,0.25,52214,52631,55097,MDTR_16071990
8,0,3,2,2,1,0.25,58614,59591,61314,MDTR_16071990
9,0,7,2,2,1,0.25,64397,65271,67097,MDTR_16071990
10,0,4,6,2,0,0.25,70197,71639,73413,MDTR_16071990
11,0,7,8,2,1,0.25,76763,79239,81063,MDTR_16071990
12,0,7,5,2,0,0.25,84829,87255,89712,MDTR_16071990
13,0,4,8,2,0,0.25,93646,94727,96529,MDTR_16071990
14,0,8,8,1,1,0.25,99945,100599,102695,MDTR_16071990
15,0,8,4,1,1,0.25,105778,105879,107928,MDTR_16071990
16,0,5,5,1,0,0.25,111978,112679,114695,MDTR_16071990
17,0,8,3,2,0,0.25,118145,120535,122961,MDTR_16071990
18,0,3,7,1,1,0.25,126528,127463,129477,MDTR_16071990
19,0,7,7,1,0,0.25,133211,134135,136477,MDTR_16071990
20,0,6,3,1,1,0.25,140077,141047,143210,MDTR_16071990
21,0,2,3,1,0,0.25,146343,147095,149327,MDTR_16071990
22,0,4,5,1,0,0.25,152476,153335,155560,MDTR_16071990
23,0,3,3,2,1,0.25,159493,166199,168576,MDTR_16071990
24,1,6,6,2,0,0.75,171676,172934,175192,MDTR_16071990
25,1,6,6,2,0,0.75,178592,180886,183175,MDTR_16071990
26,1,5,7,1,0,0.75,187092,188486,190325,MDTR_16071990
27,1,8,8,2,0,0.75,193825,196118,198658,MDTR_16071990
28,1,5,5,2,0,0.75,202191,203270,205674,MDTR_16071990
29,1,4,8,1,1,0.75,209274,212390,214440,MDTR_16071990
30,1,4,8,1,1,0.75,217707,220086,221657,MDTR_16071990
31,1,6,5,1,1,0.75,225257,226838,229057,MDTR_16071990
32,1,6,4,1,1,0.75,232756,238646,240373,MDTR_16071990
33,1,7,7,1,1,0.75,244339,245030,247472,MDTR_16071990
34,1,3,4,1,0,0.75,251339,257814,259555,MDTR_16071990
35,1,4,3,1,0,0.75,263122,264102,266472,MDTR_16071990
36,0,7,2,1,0,0.15,281721,282710,284804,MDTR_16071990
37,0,3,6,2,1,0.15,288287,289366,291837,MDTR_16071990
38,0,5,8,2,1,0.15,295770,296326,298320,MDTR_16071990
39,0,6,5,2,1,0.15,302337,302822,305253,MDTR_16071990
40,0,4,8,2,1,0.15,309220,309766,311570,MDTR_16071990
41,0,5,2,2,1,0.15,315570,317030,319169,MDTR_16071990
42,0,7,3,2,1,0.15,322819,324245,325819,MDTR_16071990
43,0,4,5,2,1,0.15,329652,330181,331952,MDTR_16071990
44,0,3,2,2,1,0.15,335102,335861,338019,MDTR_16071990
45,0,8,5,2,1,0.15,341185,341845,343752,MDTR_16071990
46,0,7,8,2,1,0.15,347368,348229,350201,MDTR_16071990
47,0,3,7,2,1,0.15,353535,354389,356801,MDTR_16071990
48,0,4,2,2,1,0.15,360584,362325,364534,MDTR_16071990
49,0,2,5,2,1,0.15,367867,368549,370167,MDTR_16071990
50,0,2,6,2,1,0.15,373517,373893,375617,MDTR_16071990
51,0,5,6,2,1,0.15,378833,379221,380933,MDTR_16071990
52,1,6,2,2,0,0.85,384583,384917,386917,MDTR_16071990
53,1,7,8,2,0,0.85,390116,390517,392316,MDTR_16071990
54,1,3,8,1,1,0.85,396049,396821,399216,MDTR_16071990
55,1,6,7,1,1,0.85,402983,403509,405716,MDTR_16071990
56,1,4,6,1,1,0.85,409266,410629,412199,MDTR_16071990
57,1,5,7,1,0,0.85,416032,417237,419232,MDTR_16071990
58,1,7,7,1,1,0.85,423282,424277,425865,MDTR_16071990
59,1,7,3,1,1,0.85,428998,429157,431315,MDTR_16071990
60,1,4,6,1,1,0.85,435181,436485,438214,MDTR_16071990
61,1,5,4,1,0,0.85,441981,443221,445681,MDTR_16071990
62,1,5,2,1,1,0.85,448814,449797,452280,MDTR_16071990
63,1,8,6,1,1,0.85,455864,456261,457864,MDTR_16071990
64,1,6,2,1,1,0.85,461747,462820,465063,MDTR_16071990
65,1,7,3,1,1,0.85,468896,470692,472880,MDTR_16071990
66,1,8,8,1,1,0.85,476563,476772,479129,MDTR_16071990
67,0,4,3,1,1,0.85,489612,489796,491479,MDTR_16071990
68,0,3,7,1,1,0.85,494879,495012,496745,MDTR_16071990
69,0,3,6,1,1,0.85,500062,500436,501995,MDTR_16071990
70,0,6,7,1,1,0.85,505711,506692,508478,MDTR_16071990
71,0,7,4,1,0,0.85,511845,512708,514328,MDTR_16071990
72,0,8,7,1,1,0.85,518361,519092,520678,MDTR_16071990
73,0,8,7,1,0,0.85,524394,525300,527094,MDTR_16071990
74,0,4,7,1,1,0.85,530777,531380,533494,MDTR_16071990
75,0,7,7,1,1,0.85,536877,539908,541777,MDTR_16071990
76,0,8,4,1,1,0.85,545576,546116,548110,MDTR_16071990
77,0,5,6,1,1,0.85,551760,552964,554509,MDTR_16071990
78,0,6,2,1,1,0.85,557943,558468,560643,MDTR_16071990
79,0,7,4,1,1,0.85,564292,564356,566676,MDTR_16071990
80,0,2,8,1,1,0.85,570659,571316,573492,MDTR_16071990
81,0,5,8,1,1,0.85,576792,577684,580142,MDTR_16071990
82,0,8,7,1,1,0.85,583825,584340,586341,MDTR_16071990
83,0,4,8,1,0,0.85,589825,591396,593524,MDTR_16071990
84,0,2,3,1,1,0.85,596641,598244,600191,MDTR_16071990
85,0,8,3,1,1,0.85,603624,604340,606407,MDTR_16071990
86,0,5,7,1,1,0.85,610257,611123,612674,MDTR_16071990
87,0,4,2,1,1,0.85,616107,616867,618440,MDTR_16071990
88,0,2,6,1,1,0.85,621523,622947,625006,MDTR_16071990
89,1,2,4,1,0,0.15,628123,629507,631806,MDTR_16071990
90,1,5,4,1,0,0.15,635523,635715,637806,MDTR_16071990
91,1,2,6,2,1,0.15,641122,641635,643906,MDTR_16071990
92,1,7,4,2,1,0.15,647239,647747,650239,MDTR_16071990
93,1,3,4,2,1,0.15,653639,654867,657238,MDTR_16071990
94,1,7,8,2,1,0.15,660438,660963,662688,MDTR_16071990
95,1,2,3,2,1,0.15,666471,667155,668988,MDTR_16071990
96,1,3,5,2,1,0.15,672954,674051,676554,MDTR_16071990
97,1,2,3,2,1,0.15,680354,680515,682587,MDTR_16071990
98,1,3,7,2,1,0.15,685721,686115,688520,MDTR_16071990
99,1,8,2,2,1,0.15,692220,692883,694520,MDTR_16071990
100,1,7,5,2,1,0.15,697620,698099,700320,MDTR_16071990
101,1,2,6,2,1,0.15,703703,704467,706370,MDTR_16071990
102,1,3,7,1,1,0.25,714053,715171,717603,MDTR_16071990
103,1,2,4,1,0,0.25,720719,721619,723702,MDTR_16071990
104,1,8,6,1,0,0.25,727052,727923,729735,MDTR_16071990
105,1,6,5,2,1,0.25,733219,733315,735502,MDTR_16071990
106,1,3,5,2,1,0.25,738935,739955,742202,MDTR_16071990
107,1,8,8,2,1,0.25,745818,746947,749451,MDTR_16071990
108,1,2,2,2,0,0.25,752768,753235,755051,MDTR_16071990
109,1,5,2,2,1,0.25,759034,762146,764251,MDTR_16071990
110,1,3,6,2,1,0.25,768100,772370,774383,MDTR_16071990
111,1,3,7,2,1,0.25,777883,778482,780683,MDTR_16071990
112,1,2,6,2,1,0.25,783750,783890,786300,MDTR_16071990
113,1,6,5,2,0,0.25,789866,790978,793166,MDTR_16071990
114,1,2,2,2,1,0.25,796449,796834,799149,MDTR_16071990
115,1,3,6,2,0,0.25,802416,802882,804449,MDTR_16071990
116,1,6,5,2,0,0.25,808365,809122,811032,MDTR_16071990
117,1,2,7,1,0,0.25,814248,814930,817032,MDTR_16071990
118,1,7,6,1,1,0.25,820215,820754,822698,MDTR_16071990
119,0,3,7,1,0,0.75,826081,827474,829548,MDTR_16071990
120,0,7,4,2,0,0.75,832914,833346,835498,MDTR_16071990
121,0,7,3,2,0,0.75,838797,839794,841581,MDTR_16071990
122,0,8,8,1,0,0.75,845214,845394,847480,MDTR_16071990
123,0,8,6,1,1,0.75,851414,851810,853713,MDTR_16071990
124,0,7,5,1,1,0.75,856863,857858,859413,MDTR_16071990
125,0,4,3,1,0,0.75,862596,863266,865596,MDTR_16071990
126,0,8,6,1,1,0.75,869246,869746,872146,MDTR_16071990
127,0,4,5,1,0,0.75,875863,876386,878729,MDTR_16071990
128,0,4,8,1,0,0.75,882746,883442,885245,MDTR_16071990
129,0,5,7,2,0,0.75,889029,889922,892029,MDTR_16071990
130,0,7,2,1,1,0.75,895812,896258,898362,MDTR_16071990
131,0,5,3,1,0,0.75,902395,902786,904978,MDTR_16071990
1,0,7,5,2,1,0.15,3349,4881,7099,MFCS_17021991
2,0,8,3,2,1,0.15,10349,11025,13099,MFCS_17021991
3,0,7,3,2,1,0.15,16382,16928,18999,MFCS_17021991
4,0,3,5,2,1,0.15,22782,23456,25415,MFCS_17021991
5,0,8,8,2,0,0.15,29148,29872,31465,MFCS_17021991
6,0,5,6,2,1,0.15,35331,35632,37965,MFCS_17021991
7,0,6,8,2,1,0.15,41231,42016,43931,MFCS_17021991
8,0,4,3,2,1,0.15,47381,48192,49814,MFCS_17021991
9,0,7,3,2,0,0.15,53581,54096,56347,MFCS_17021991
10,0,2,6,2,0,0.15,59647,60256,62230,MFCS_17021991
11,0,5,7,2,1,0.15,65663,66368,68197,MFCS_17021991
12,0,6,6,2,1,0.15,71980,72720,74930,MFCS_17021991
13,0,4,2,2,1,0.15,78130,78992,81179,MFCS_17021991
14,0,3,8,1,0,0.15,84996,85440,87812,MFCS_17021991
15,0,5,6,2,1,0.15,91612,92272,94162,MFCS_17021991
16,0,2,6,2,1,0.15,97895,98512,100079,MFCS_17021991
17,0,5,7,2,1,0.15,103745,104256,106528,MFCS_17021991
18,1,6,7,2,1,0.85,109895,110416,112795,MFCS_17021991
19,1,2,2,2,0,0.85,116645,116656,118461,MFCS_17021991
20,1,5,2,2,0,0.85,121828,122384,124211,MFCS_17021991
21,1,3,7,2,0,0.85,128144,128496,130877,MFCS_17021991
22,1,4,3,1,1,0.85,134227,134624,136527,MFCS_17021991
23,1,7,5,1,1,0.85,139810,140304,142160,MFCS_17021991
24,1,4,4,1,1,0.85,145577,146192,148410,MFCS_17021991
25,1,8,3,1,0,0.85,151710,152032,153743,MFCS_17021991
26,1,5,3,1,1,0.85,156843,157232,159743,MFCS_17021991
27,1,4,4,1,1,0.85,163143,163535,165259,MFCS_17021991
28,1,7,4,1,1,0.85,169009,169535,171526,MFCS_17021991
29,1,4,5,1,1,0.85,174925,175535,177409,MFCS_17021991
30,1,7,5,1,1,0.85,180925,181503,183792,MFCS_17021991
31,1,6,8,1,1,0.85,187742,188159,190108,MFCS_17021991
32,0,5,3,1,1,0.75,199758,201439,203341,MFCS_17021991
33,0,8,2,1,1,0.75,206707,207151,209491,MFCS_17021991
34,0,7,7,1,0,0.75,212574,213183,215190,MFCS_17021991
35,0,3,5,1,1,0.75,218507,219231,221423,MFCS_17021991
36,0,4,4,1,1,0.75,224723,225327,227240,MFCS_17021991
37,0,8,8,1,1,0.75,231006,232015,234173,MFCS_17021991
38,0,7,5,1,1,0.75,237256,237663,239206,MFCS_17021991
39,0,2,4,1,1,0.75,243189,243631,245306,MFCS_17021991
40,0,7,6,1,1,0.75,248472,249087,251372,MFCS_17021991
41,0,7,6,1,1,0.75,255222,255903,257689,MFCS_17021991
42,0,5,7,1,0,0.75,261038,261567,263638,MFCS_17021991
43,0,7,3,1,1,0.75,267605,267887,269738,MFCS_17021991
44,0,5,3,1,1,0.75,272821,274383,276721,MFCS_17021991
45,0,4,6,1,1,0.75,280171,280655,282904,MFCS_17021991
46,0,4,4,1,1,0.75,286754,287119,289304,MFCS_17021991
47,0,6,5,1,1,0.75,293037,293407,295887,MFCS_17021991
48,1,6,3,1,0,0.25,299170,299599,301253,MFCS_17021991
49,1,2,5,1,0,0.25,304520,304830,306636,MFCS_17021991
50,1,4,2,2,0,0.25,310253,310526,312953,MFCS_17021991
51,1,8,6,2,1,0.25,316336,316782,318553,MFCS_17021991
52,1,4,5,2,1,0.25,322352,322798,325219,MFCS_17021991
53,1,2,8,2,0,0.25,328969,329470,331619,MFCS_17021991
54,1,4,8,2,0,0.25,335185,335550,337902,MFCS_17021991
55,1,6,8,2,0,0.25,341668,341982,343585,MFCS_17021991
56,1,4,7,1,1,0.25,347535,347806,349735,MFCS_17021991
57,1,8,5,1,0,0.25,353351,353822,355701,MFCS_17021991
58,1,2,6,1,1,0.25,358834,359166,361284,MFCS_17021991
59,1,2,3,1,0,0.25,364617,364942,366467,MFCS_17021991
60,0,2,4,1,0,0.25,381233,382222,384233,MFCS_17021991
61,0,4,8,2,1,0.25,387550,387934,389800,MFCS_17021991
62,0,5,7,2,1,0.25,392999,393438,395716,MFCS_17021991
63,0,4,7,2,1,0.25,399249,401998,404049,MFCS_17021991
64,0,5,8,2,0,0.25,407782,408222,410449,MFCS_17021991
65,0,6,3,1,0,0.25,414249,414686,417065,MFCS_17021991
66,0,7,3,2,1,0.25,420765,421086,422998,MFCS_17021991
67,0,2,2,2,0,0.25,426731,427278,429665,MFCS_17021991
68,0,7,4,2,1,0.25,433548,433870,435814,MFCS_17021991
69,0,4,3,2,1,0.25,439114,439502,441931,MFCS_17021991
70,0,6,4,2,1,0.25,445714,446302,448030,MFCS_17021991
71,0,2,4,2,1,0.25,451914,452574,454730,MFCS_17021991
72,0,7,8,2,1,0.25,458080,458493,460680,MFCS_17021991
73,0,3,6,2,0,0.25,464280,464669,466930,MFCS_17021991
74,0,5,2,2,1,0.25,470329,470717,473113,MFCS_17021991
75,0,5,2,2,1,0.25,476363,476925,479212,MFCS_17021991
76,0,6,3,2,0,0.25,482512,484461,486479,MFCS_17021991
77,0,5,6,2,1,0.25,490512,490941,492945,MFCS_17021991
78,0,6,3,2,1,0.25,496445,496749,499078,MFCS_17021991
79,0,8,6,2,1,0.25,502711,504509,506745,MFCS_17021991
80,0,6,3,2,1,0.25,510511,510829,513044,MFCS_17021991
81,1,4,7,2,0,0.75,516877,517389,519044,MFCS_17021991
82,1,5,5,2,0,0.75,522694,522973,524944,MFCS_17021991
83,1,6,7,2,0,0.75,528177,528493,530310,MFCS_17021991
84,1,8,6,1,1,0.75,533927,534221,535877,MFCS_17021991
85,1,7,6,1,1,0.75,539710,540173,542476,MFCS_17021991
86,1,8,6,1,1,0.75,545760,546029,547626,MFCS_17021991
87,1,4,5,1,1,0.75,551093,551677,553993,MFCS_17021991
88,1,6,6,1,1,0.75,557776,558237,559976,MFCS_17021991
89,1,7,6,1,1,0.75,563975,564285,565992,MFCS_17021991
90,1,3,6,1,0,0.75,569225,569917,572392,MFCS_17021991
91,1,6,2,1,1,0.75,575675,576045,578408,MFCS_17021991
92,1,8,7,1,0,0.75,582191,582573,584475,MFCS_17021991
93,1,7,8,2,0,0.15,596857,597244,599207,MFCS_17021991
94,1,5,5,2,1,0.15,602790,603116,605524,MFCS_17021991
95,1,5,2,2,1,0.15,609357,610332,612423,MFCS_17021991
96,1,7,2,2,1,0.15,615857,617260,619390,MFCS_17021991
97,1,3,6,2,0,0.15,622873,623404,625073,MFCS_17021991
98,1,8,7,2,1,0.15,628206,628844,630939,MFCS_17021991
99,1,2,3,2,1,0.15,634939,635532,637639,MFCS_17021991
100,1,2,6,2,1,0.15,640789,642252,644305,MFCS_17021991
101,1,4,2,2,1,0.15,648022,648508,651022,MFCS_17021991
102,1,3,2,2,1,0.15,654122,654460,656105,MFCS_17021991
103,1,3,5,2,1,0.15,659771,660092,662188,MFCS_17021991
104,1,8,7,2,1,0.15,665504,665804,668038,MFCS_17021991
105,1,3,8,2,1,0.15,671304,671740,674087,MFCS_17021991
106,1,2,6,2,0,0.15,677621,678028,680137,MFCS_17021991
107,1,8,6,2,0,0.15,684154,684556,686354,MFCS_17021991
108,1,4,7,1,0,0.15,690087,690380,692703,MFCS_17021991
109,1,7,5,1,1,0.15,696336,696652,698703,MFCS_17021991
110,1,3,4,1,0,0.15,702253,702988,705036,MFCS_17021991
111,1,4,5,1,0,0.15,708636,708924,711186,MFCS_17021991
112,0,2,5,2,0,0.85,714719,715052,717419,MFCS_17021991
113,0,7,7,1,1,0.85,721135,721500,723985,MFCS_17021991
114,0,5,8,1,1,0.85,727485,727772,729702,MFCS_17021991
115,0,3,8,1,1,0.85,733035,733292,735618,MFCS_17021991
116,0,4,6,1,1,0.85,738935,739227,740868,MFCS_17021991
117,0,4,4,1,1,0.85,743951,745035,746734,MFCS_17021991
118,0,3,6,1,1,0.85,750051,750363,752817,MFCS_17021991
119,0,7,8,1,1,0.85,756717,757243,759200,MFCS_17021991
120,0,7,6,1,1,0.85,762467,762859,765034,MFCS_17021991
121,0,6,8,1,1,0.85,768333,768763,770317,MFCS_17021991
122,0,7,8,1,1,0.85,773400,774427,776166,MFCS_17021991
123,0,6,5,1,1,0.85,779616,779963,781783,MFCS_17021991
1,1,2,5,2,1,0.75,6299,7313,9499,MFMG_01101991
2,1,7,2,2,0,0.75,13432,14977,17099,MFMG_01101991
3,1,8,3,1,1,0.75,20232,21169,23015,MFMG_01101991
4,1,6,4,1,0,0.75,26932,28545,30815,MFMG_01101991
5,1,8,2,1,1,0.75,34781,35777,37431,MFMG_01101991
6,1,7,8,2,0,0.75,41448,42177,44331,MFMG_01101991
7,1,5,7,1,1,0.75,48397,49729,51547,MFMG_01101991
8,1,2,3,1,0,0.75,55314,56337,58547,MFMG_01101991
9,1,3,2,1,1,0.75,62530,63409,65680,MFMG_01101991
10,1,6,4,1,0,0.75,69147,70049,72563,MFMG_01101991
11,1,5,8,2,0,0.75,75646,76704,78979,MFMG_01101991
12,1,5,8,2,0,0.75,82379,84400,86546,MFMG_01101991
13,1,5,3,1,1,0.75,90062,91392,93896,MFMG_01101991
14,1,5,7,1,1,0.75,97412,99104,101479,MFMG_01101991
15,1,8,5,2,1,0.75,104712,105984,107745,MFMG_01101991
16,1,4,5,2,1,0.75,111095,112160,114211,MFMG_01101991
17,1,4,6,2,0,0.75,117611,119600,121578,MFMG_01101991
18,1,8,4,2,0,0.75,125411,126240,128427,MFMG_01101991
19,1,7,7,1,1,0.75,131944,133232,135544,MFMG_01101991
20,1,7,5,1,1,0.75,139277,140368,141977,MFMG_01101991
21,0,6,7,2,1,0.25,145510,146000,148393,MFMG_01101991
22,0,8,6,1,0,0.25,152010,153680,156060,MFMG_01101991
23,0,4,7,1,0,0.25,159459,161328,163276,MFMG_01101991
24,0,4,4,1,1,0.25,166376,169024,170642,MFMG_01101991
25,0,7,3,2,1,0.25,173975,175408,177309,MFMG_01101991
26,0,6,5,1,1,0.25,180942,183920,185458,MFMG_01101991
27,0,6,5,1,0,0.25,189158,190512,192275,MFMG_01101991
28,0,6,2,1,0,0.25,196041,197024,198724,MFMG_01101991
29,0,6,6,2,1,0.25,201791,203088,204774,MFMG_01101991
30,0,7,3,1,0,0.25,208391,210208,212690,MFMG_01101991
31,0,5,8,2,1,0.25,216457,218448,220340,MFMG_01101991
32,0,7,7,2,1,0.25,224190,224831,226423,MFMG_01101991
33,1,6,2,1,1,0.25,234906,237519,240006,MFMG_01101991
34,1,3,5,1,1,0.25,243856,244799,247139,MFMG_01101991
35,1,2,4,1,1,0.25,250822,251583,253189,MFMG_01101991
36,1,4,8,1,0,0.25,256455,257343,259355,MFMG_01101991
37,1,4,6,2,1,0.25,263072,264175,266471,MFMG_01101991
38,1,4,7,2,1,0.25,269838,270703,272705,MFMG_01101991
39,1,3,4,2,1,0.25,276688,277487,279638,MFMG_01101991
40,1,7,7,1,0,0.25,283237,284559,286371,MFMG_01101991
41,1,5,3,2,1,0.25,290004,290911,292837,MFMG_01101991
42,1,7,8,2,0,0.25,296737,297999,300503,MFMG_01101991
43,1,2,3,1,0,0.25,303620,305935,308086,MFMG_01101991
44,1,3,8,2,1,0.25,311170,312223,314069,MFMG_01101991
45,1,8,6,1,0,0.25,317736,318911,321236,MFMG_01101991
46,1,6,6,2,0,0.25,324586,326159,328552,MFMG_01101991
47,1,4,4,1,0,0.25,332335,333519,335535,MFMG_01101991
48,1,5,5,2,1,0.25,339502,342063,343752,MFMG_01101991
49,0,2,2,2,0,0.75,347418,348831,350751,MFMG_01101991
50,0,3,8,2,0,0.75,354468,356511,358068,MFMG_01101991
51,0,2,5,1,1,0.75,361967,362703,365034,MFMG_01101991
52,0,7,6,2,0,0.75,368167,368926,371050,MFMG_01101991
53,0,7,8,1,1,0.75,374300,376014,378117,MFMG_01101991
54,0,2,7,2,1,0.75,381233,382254,384733,MFMG_01101991
55,0,2,2,2,1,0.75,388766,390958,392666,MFMG_01101991
56,0,4,8,2,0,0.75,396199,400046,401932,MFMG_01101991
57,0,5,3,1,0,0.75,405749,407854,409482,MFMG_01101991
58,0,4,8,1,1,0.75,413382,415902,417932,MFMG_01101991
59,0,6,8,1,1,0.75,421415,423758,425765,MFMG_01101991
60,0,5,2,1,1,0.75,429298,430014,431564,MFMG_01101991
61,0,3,6,2,0,0.85,441847,444238,446530,MFMG_01101991
62,0,4,8,1,1,0.85,450380,451102,452814,MFMG_01101991
63,0,4,2,1,0,0.85,456547,457582,459497,MFMG_01101991
64,0,2,3,2,0,0.85,463380,465710,467546,MFMG_01101991
65,0,8,8,1,1,0.85,471463,472430,474813,MFMG_01101991
66,0,5,2,1,1,0.85,477912,479214,480796,MFMG_01101991
67,0,5,5,1,1,0.85,484695,485742,488079,MFMG_01101991
68,0,6,8,1,1,0.85,491229,491966,493912,MFMG_01101991
69,0,7,7,2,0,0.85,497478,499694,501895,MFMG_01101991
70,0,4,2,1,1,0.85,505828,507742,509511,MFMG_01101991
71,0,4,7,1,1,0.85,512894,513774,515844,MFMG_01101991
72,0,5,8,1,1,0.85,519261,520014,521944,MFMG_01101991
73,0,2,2,1,1,0.85,525227,526190,528160,MFMG_01101991
74,0,5,6,1,1,0.85,531910,533261,534910,MFMG_01101991
75,0,5,4,1,1,0.85,538777,540573,542293,MFMG_01101991
76,0,7,8,1,1,0.85,546143,547197,548926,MFMG_01101991
77,0,2,4,1,1,0.85,552493,553021,554909,MFMG_01101991
78,0,4,6,1,0,0.85,558092,558653,560226,MFMG_01101991
79,1,2,2,2,1,0.15,563275,565437,567809,MFMG_01101991
80,1,8,5,2,1,0.15,571342,573949,576275,MFMG_01101991
81,1,6,8,2,1,0.15,579591,580445,582458,MFMG_01101991
82,1,4,5,2,1,0.15,585658,586077,588291,MFMG_01101991
83,1,7,8,2,1,0.15,591724,591741,593641,MFMG_01101991
84,1,5,8,2,1,0.15,597374,599389,601207,MFMG_01101991
85,1,2,2,2,1,0.15,604824,605597,607974,MFMG_01101991
86,1,8,5,2,1,0.15,611007,614029,616073,MFMG_01101991
87,1,8,2,2,1,0.15,619640,621581,623323,MFMG_01101991
88,1,6,2,2,1,0.15,626389,627005,629323,MFMG_01101991
89,1,6,3,2,1,0.15,633106,634413,636922,MFMG_01101991
90,1,5,2,2,1,0.15,640139,641261,643672,MFMG_01101991
91,0,3,2,1,0,0.15,652022,652541,654805,MFMG_01101991
92,0,8,6,2,1,0.15,658805,659725,661605,MFMG_01101991
93,0,8,4,2,1,0.15,665488,666797,668638,MFMG_01101991
94,0,3,8,2,1,0.15,672587,673341,675104,MFMG_01101991
95,0,3,2,2,1,0.15,678954,680300,681937,MFMG_01101991
96,0,4,4,2,1,0.15,685020,685596,687820,MFMG_01101991
97,0,6,3,2,1,0.15,691837,693900,695970,MFMG_01101991
98,0,2,8,2,1,0.15,699836,700892,703119,MFMG_01101991
99,0,3,6,2,1,0.15,706736,707356,709686,MFMG_01101991
100,0,3,4,2,1,0.15,713502,714316,716719,MFMG_01101991
101,0,7,2,2,0,0.15,720419,721308,722919,MFMG_01101991
102,0,6,3,1,0,0.15,726268,727052,729535,MFMG_01101991
103,0,3,3,2,1,0.15,732802,734204,736318,MFMG_01101991
104,0,3,4,2,1,0.15,739568,740652,742868,MFMG_01101991
105,0,7,4,2,1,0.15,745984,746524,748068,MFMG_01101991
106,0,8,8,2,1,0.15,751634,751996,753767,MFMG_01101991
107,0,4,5,2,1,0.15,757234,757628,759850,MFMG_01101991
108,0,8,2,2,1,0.15,763784,764860,767283,MFMG_01101991
109,0,5,4,2,1,0.15,770950,771532,773433,MFMG_01101991
110,1,4,3,2,0,0.85,777250,778620,780316,MFMG_01101991
111,1,3,7,2,0,0.85,784233,785708,787983,MFMG_01101991
112,1,8,5,1,1,0.85,791749,792172,794616,MFMG_01101991
113,1,5,3,1,0,0.85,798399,798860,801249,MFMG_01101991
114,1,5,8,2,0,0.85,804732,805612,807932,MFMG_01101991
115,1,5,6,1,0,0.85,811282,812092,814248,MFMG_01101991
116,1,6,3,1,1,0.85,818081,819516,821331,MFMG_01101991
117,1,3,5,1,1,0.85,824831,827628,830164,MFMG_01101991
118,1,3,8,1,1,0.85,834164,835500,837180,MFMG_01101991
119,1,8,8,1,1,0.85,840664,841163,843264,MFMG_01101991
120,1,4,7,1,0,0.85,846847,847339,849630,MFMG_01101991
121,1,5,2,1,1,0.85,853130,854459,856880,MFMG_01101991
122,1,2,8,1,1,0.85,860713,861131,863213,MFMG_01101991
123,1,6,4,1,1,0.85,866379,867195,868946,MFMG_01101991
124,1,7,4,1,1,0.85,872929,873323,874895,MFMG_01101991
125,1,5,4,1,1,0.85,878629,879547,881712,MFMG_01101991
1,0,4,7,1,1,0.75,6633,7672,9316,MFSM_02021973
2,0,3,8,1,0,0.75,13349,15192,17282,MFSM_02021973
3,0,6,6,1,0,0.75,20599,22008,23882,MFSM_02021973
4,0,8,2,2,0,0.75,27815,28392,29965,MFSM_02021973
5,0,6,5,1,1,0.75,33698,34280,36331,MFSM_02021973
6,0,5,6,1,0,0.75,39664,43064,44864,MFSM_02021973
7,0,7,7,2,1,0.75,48781,49464,51114,MFSM_02021973
8,0,7,2,1,1,0.75,54714,56296,58164,MFSM_02021973
9,0,7,5,1,1,0.75,61447,62664,64513,MFSM_02021973
10,0,5,3,1,1,0.75,67897,68952,70830,MFSM_02021973
11,0,4,5,2,0,0.75,73980,75783,78229,MFSM_02021973
12,0,6,7,2,1,0.75,81363,83655,85629,MFSM_02021973
13,0,6,6,1,0,0.75,89112,90583,92129,MFSM_02021973
14,0,6,2,2,0,0.75,96112,97959,99895,MFSM_02021973
15,0,6,8,1,1,0.75,103845,104487,106262,MFSM_02021973
16,0,6,4,1,1,0.75,109578,111447,113295,MFSM_02021973
17,1,5,8,1,1,0.25,117011,118311,120244,MFSM_02021973
18,1,6,3,1,1,0.25,123844,124663,126427,MFSM_02021973
19,1,2,8,1,1,0.25,129727,131175,133660,MFSM_02021973
20,1,5,6,2,0,0.25,136894,138103,140310,MFSM_02021973
21,1,5,6,1,0,0.25,144027,144551,146443,MFSM_02021973
22,1,5,6,1,1,0.25,149910,150791,152660,MFSM_02021973
23,1,3,3,1,1,0.25,156543,157735,159676,MFSM_02021973
24,1,5,2,1,0,0.25,163243,165063,167142,MFSM_02021973
25,1,8,2,2,1,0.25,171042,171479,173825,MFSM_02021973
26,1,7,4,2,1,0.25,177809,182903,185425,MFSM_02021973
27,1,7,7,2,1,0.25,188675,189079,191375,MFSM_02021973
28,1,7,7,2,1,0.25,195158,197943,199474,MFSM_02021973
29,1,4,6,1,0,0.25,203174,205671,207224,MFSM_02021973
30,1,5,7,1,0,0.25,211224,214231,216174,MFSM_02021973
31,1,5,7,1,1,0.25,219857,220759,223140,MFSM_02021973
32,1,8,6,1,0,0.25,226323,227990,229973,MFSM_02021973
33,1,6,5,1,1,0.75,238673,239718,241856,MFSM_02021973
34,1,7,7,1,1,0.75,245172,245686,247806,MFSM_02021973
35,1,4,4,1,0,0.75,250889,253094,254989,MFSM_02021973
36,1,5,7,1,0,0.75,258472,258950,261238,MFSM_02021973
37,1,3,3,2,0,0.75,265272,265798,267671,MFSM_02021973
38,1,3,3,1,1,0.75,271005,271478,273888,MFSM_02021973
39,1,4,6,1,1,0.75,277854,279046,281321,MFSM_02021973
40,1,6,2,1,1,0.75,284387,288694,290504,MFSM_02021973
41,1,5,7,1,1,0.75,293654,294726,297237,MFSM_02021973
42,1,2,5,1,1,0.75,300337,300742,303253,MFSM_02021973
43,1,3,6,1,0,0.75,307136,308022,310103,MFSM_02021973
44,1,8,8,2,0,0.75,313169,316710,318653,MFSM_02021973
45,1,2,6,1,1,0.75,322319,323046,325419,MFSM_02021973
46,1,4,2,1,0,0.75,329169,329654,332019,MFSM_02021973
47,1,4,6,1,0,0.75,335785,336358,338302,MFSM_02021973
48,1,3,7,2,0,0.75,341985,344726,346251,MFSM_02021973
49,1,7,7,1,1,0.75,350068,350518,352584,MFSM_02021973
50,0,7,2,1,0,0.25,356268,358246,360001,MFSM_02021973
51,0,8,4,1,0,0.25,363117,364998,367317,MFSM_02021973
52,0,4,8,2,1,0.25,370934,371461,373767,MFSM_02021973
53,0,7,5,1,1,0.25,377767,378982,381250,MFSM_02021973
54,0,5,5,1,1,0.25,384883,385573,387200,MFSM_02021973
55,0,7,2,1,0,0.25,391233,391829,393499,MFSM_02021973
56,0,5,5,2,1,0.25,397433,400005,402199,MFSM_02021973
57,0,4,4,2,1,0.25,405432,405989,408515,MFSM_02021973
58,0,8,3,2,1,0.25,412099,413621,415965,MFSM_02021973
59,0,5,4,2,1,0.25,419548,420277,422481,MFSM_02021973
60,0,8,2,1,0,0.25,426265,427221,429564,MFSM_02021973
61,0,6,2,2,1,0.25,433264,434901,437231,MFSM_02021973
62,0,4,4,2,1,0.85,444430,445061,446664,MFSM_02021973
63,0,8,3,1,1,0.85,450097,450709,453063,MFSM_02021973
64,0,8,3,1,1,0.85,456313,456965,459447,MFSM_02021973
65,0,3,3,1,1,0.85,463430,465621,467546,MFSM_02021973
66,0,6,8,1,1,0.85,470996,472341,474296,MFSM_02021973
67,0,2,3,2,0,0.85,478079,481413,483195,MFSM_02021973
68,0,6,8,2,0,0.85,486629,488149,490162,MFSM_02021973
69,0,6,5,2,1,0.85,493762,495557,497312,MFSM_02021973
70,0,4,3,2,0,0.85,501245,502085,503678,MFSM_02021973
71,0,3,8,2,0,0.85,507078,508068,509761,MFSM_02021973
72,0,2,8,2,0,0.85,512844,513524,515477,MFSM_02021973
73,0,2,4,1,1,0.85,519394,519988,522160,MFSM_02021973
74,0,7,8,1,0,0.85,525510,528020,530210,MFSM_02021973
75,0,5,2,1,1,0.85,534143,535604,537743,MFSM_02021973
76,0,7,8,1,1,0.85,541576,542196,544643,MFSM_02021973
77,0,7,7,1,1,0.85,548276,549044,551176,MFSM_02021973
78,0,3,8,1,1,0.85,554759,555604,558076,MFSM_02021973
79,0,4,6,1,1,0.85,561675,562324,564792,MFSM_02021973
80,1,7,2,1,0,0.15,568758,569476,571642,MFSM_02021973
81,1,8,5,1,1,0.15,574992,575604,577908,MFSM_02021973
82,1,5,6,1,0,0.15,581808,582708,584624,MFSM_02021973
83,1,8,2,2,1,0.15,588541,590724,592374,MFSM_02021973
84,1,4,8,1,0,0.15,595924,597156,599041,MFSM_02021973
85,1,6,4,1,0,0.15,602574,603268,604874,MFSM_02021973
86,1,6,3,1,0,0.15,607973,608740,611057,MFSM_02021973
87,1,5,4,1,0,0.15,614707,615348,617106,MFSM_02021973
88,1,5,5,2,1,0.15,620773,625412,627373,MFSM_02021973
89,1,3,2,1,0,0.15,631339,633268,635539,MFSM_02021973
90,1,4,4,2,1,0.15,639222,640820,642839,MFSM_02021973
91,1,4,3,2,0,0.15,646822,647876,649405,MFSM_02021973
92,1,3,3,1,0,0.85,655471,656612,658788,MFSM_02021973
93,1,4,2,2,0,0.85,662604,663251,665521,MFSM_02021973
94,1,7,7,1,1,0.85,669354,670371,672437,MFSM_02021973
95,1,2,3,2,0,0.85,676504,677123,679554,MFSM_02021973
96,1,2,5,1,0,0.85,683220,683907,685970,MFSM_02021973
97,1,8,4,1,1,0.85,689903,690963,692653,MFSM_02021973
98,1,6,4,1,1,0.85,696420,699715,701419,MFSM_02021973
99,1,2,3,1,1,0.85,704936,705907,708003,MFSM_02021973
100,1,6,2,1,0,0.85,711819,712499,714286,MFSM_02021973
101,1,2,7,2,0,0.85,717469,718019,719852,MFSM_02021973
102,1,5,6,1,1,0.85,723902,724531,726102,MFSM_02021973
103,1,8,7,1,0,0.85,729718,730291,732168,MFSM_02021973
104,1,5,7,1,1,0.85,736001,737187,738851,MFSM_02021973
105,1,7,8,2,0,0.85,742451,742979,745484,MFSM_02021973
106,1,2,4,1,0,0.85,748801,749171,750867,MFSM_02021973
107,1,2,7,2,0,0.85,753967,756275,758667,MFSM_02021973
108,0,6,2,1,0,0.15,761884,762611,764833,MFSM_02021973
109,0,8,3,2,0,0.15,768150,768707,771183,MFSM_02021973
110,0,5,8,1,0,0.15,775116,775539,777783,MFSM_02021973
111,0,3,3,2,1,0.15,780899,781523,783683,MFSM_02021973
112,0,8,5,2,1,0.15,787566,788515,790082,MFSM_02021973
113,0,8,8,2,1,0.15,793632,794643,796665,MFSM_02021973
114,0,8,8,2,1,0.15,800549,801091,802665,MFSM_02021973
115,0,8,7,2,0,0.15,805932,806899,808965,MFSM_02021973
116,0,2,8,1,0,0.15,812215,812770,815065,MFSM_02021973
117,0,8,5,1,0,0.15,818431,819106,821064,MFSM_02021973
118,0,8,8,2,0,0.15,824414,824882,826897,MFSM_02021973
119,0,6,3,1,0,0.15,830814,831314,833064,MFSM_02021973
120,0,5,8,1,0,0.15,836847,837938,839947,MFSM_02021973
121,0,8,8,1,1,0.15,843096,845442,847947,MFSM_02021973
122,0,4,5,1,0,0.15,851730,852530,854480,MFSM_02021973
1,0,2,3,2,0,0.85,7166,7889,9866,MGRN_22101979
2,0,5,2,2,0,0.85,13299,14705,17015,MGRN_22101979
3,0,2,4,1,0,0.85,20549,20993,22932,MGRN_22101979
4,0,6,2,1,1,0.85,26898,27617,30065,MGRN_22101979
5,0,3,8,2,1,0.85,33948,35425,37564,MGRN_22101979
6,0,4,2,1,1,0.85,41214,42721,45147,MGRN_22101979
7,0,4,8,2,1,0.85,48264,48945,51064,MGRN_22101979
8,0,3,2,1,1,0.85,54597,56081,57647,MGRN_22101979
9,0,8,4,1,0,0.85,60947,62097,63863,MGRN_22101979
10,0,7,7,2,0,0.85,67880,68513,70313,MGRN_22101979
11,0,3,7,1,0,0.85,74179,75361,77479,MGRN_22101979
12,0,7,5,2,0,0.85,80629,81217,83062,MGRN_22101979
13,0,6,4,1,0,0.85,86612,87889,89496,MGRN_22101979
14,0,4,4,2,0,0.85,92579,93521,95062,MGRN_22101979
15,0,2,5,1,1,0.85,98862,99840,101878,MGRN_22101979
16,0,2,3,1,1,0.85,105195,106544,108711,MGRN_22101979
17,1,2,6,2,1,0.15,111811,112480,114378,MGRN_22101979
18,1,5,4,2,1,0.15,117528,118224,120128,MGRN_22101979
19,1,8,4,1,0,0.15,123444,124064,126177,MGRN_22101979
20,1,8,8,2,1,0.15,129844,130624,132210,MGRN_22101979
21,1,4,5,1,0,0.15,136210,138160,140560,MGRN_22101979
22,1,8,7,1,0,0.15,143693,144176,146143,MGRN_22101979
23,1,3,4,2,1,0.15,149610,150160,151876,MGRN_22101979
24,1,8,7,2,1,0.15,155593,156656,159026,MGRN_22101979
25,1,6,7,2,1,0.15,162292,163424,165092,MGRN_22101979
26,1,3,7,2,1,0.15,168592,170096,172575,MGRN_22101979
27,1,3,3,1,1,0.15,176542,178128,180092,MGRN_22101979
28,1,3,8,1,0,0.15,184041,185856,188241,MGRN_22101979
29,1,8,5,2,1,0.15,191374,192560,194758,MGRN_22101979
30,1,2,4,2,1,0.25,202757,204096,205840,MGRN_22101979
31,1,3,5,1,0,0.25,209074,210848,212523,MGRN_22101979
32,1,4,5,2,1,0.25,215940,217183,219023,MGRN_22101979
33,1,8,8,1,0,0.25,222923,224319,225990,MGRN_22101979
34,1,2,4,2,1,0.25,229639,232351,234706,MGRN_22101979
35,1,5,4,1,0,0.25,238039,240239,242322,MGRN_22101979
36,1,8,8,2,1,0.25,245789,246911,248839,MGRN_22101979
37,1,5,6,1,0,0.25,252438,253295,255805,MGRN_22101979
38,1,7,8,2,1,0.25,259538,260687,262621,MGRN_22101979
39,1,2,3,1,0,0.25,266588,267279,269121,MGRN_22101979
40,1,2,6,1,0,0.25,272821,274367,276771,MGRN_22101979
41,1,8,6,2,0,0.25,280520,281663,283887,MGRN_22101979
42,1,8,2,1,1,0.25,287220,288095,290437,MGRN_22101979
43,1,4,5,2,0,0.25,294420,295727,297303,MGRN_22101979
44,1,3,5,2,1,0.25,300453,301919,304386,MGRN_22101979
45,1,8,4,1,1,0.25,308019,308767,311036,MGRN_22101979
46,1,8,5,1,0,0.25,314219,315231,317452,MGRN_22101979
47,1,6,2,1,0,0.25,320519,322175,324285,MGRN_22101979
48,0,5,7,2,0,0.75,327735,328574,330652,MGRN_22101979
49,0,6,5,1,1,0.75,334035,334814,337318,MGRN_22101979
50,0,6,7,2,0,0.75,340618,343678,345284,MGRN_22101979
51,0,4,6,2,1,0.75,348684,349934,352084,MGRN_22101979
52,0,3,3,1,1,0.75,355351,356382,358550,MGRN_22101979
53,0,8,8,2,0,0.75,362550,363918,365767,MGRN_22101979
54,0,3,7,1,1,0.75,369800,371774,373733,MGRN_22101979
55,0,8,6,1,1,0.75,376800,378078,380533,MGRN_22101979
56,0,5,8,2,0,0.75,383866,385438,387316,MGRN_22101979
57,0,4,6,1,1,0.75,391332,394078,395882,MGRN_22101979
58,0,7,5,1,1,0.75,399615,401134,403098,MGRN_22101979
59,0,2,7,2,1,0.75,406298,407518,409698,MGRN_22101979
60,0,7,7,2,1,0.15,416548,417486,419098,MGRN_22101979
61,0,8,8,2,1,0.15,422998,428542,430597,MGRN_22101979
62,0,8,6,1,0,0.15,434647,436574,438947,MGRN_22101979
63,0,5,8,2,1,0.15,442597,443661,445747,MGRN_22101979
64,0,5,5,1,0,0.15,449646,452253,454746,MGRN_22101979
65,0,3,4,2,0,0.15,457979,459021,461379,MGRN_22101979
66,0,4,7,2,1,0.15,465196,466733,469229,MGRN_22101979
67,0,2,4,1,0,0.15,472429,474717,476329,MGRN_22101979
68,0,5,3,2,1,0.15,480228,482797,484695,MGRN_22101979
69,0,3,4,1,0,0.15,487845,490557,492628,MGRN_22101979
70,0,5,5,2,1,0.15,496111,498701,500661,MGRN_22101979
71,0,4,6,1,0,0.15,504361,510205,512660,MGRN_22101979
72,0,3,5,2,1,0.15,516293,517773,519443,MGRN_22101979
73,0,2,7,2,1,0.15,522810,525549,527393,MGRN_22101979
74,0,2,2,1,0,0.15,531326,532589,534576,MGRN_22101979
75,0,8,4,2,1,0.15,537626,538973,541159,MGRN_22101979
76,0,8,4,2,1,0.15,544542,545773,547675,MGRN_22101979
77,1,8,8,2,0,0.85,550809,552317,554525,MGRN_22101979
78,1,3,8,2,0,0.85,558258,559901,561791,MGRN_22101979
79,1,5,4,1,1,0.85,565058,566012,568275,MGRN_22101979
80,1,6,8,2,0,0.85,571808,573740,575291,MGRN_22101979
81,1,5,8,2,0,0.85,578607,579516,581741,MGRN_22101979
82,1,5,7,1,1,0.85,584890,585580,587674,MGRN_22101979
83,1,3,8,2,0,0.85,591157,591900,593757,MGRN_22101979
84,1,7,8,2,1,0.85,597323,598172,599723,MGRN_22101979
85,1,2,7,2,0,0.85,603590,604380,605990,MGRN_22101979
86,1,3,5,1,1,0.85,609656,611084,613606,MGRN_22101979
87,1,6,4,2,0,0.85,616806,618652,620922,MGRN_22101979
88,1,6,5,1,1,0.85,624672,625628,627772,MGRN_22101979
89,0,8,8,2,1,0.25,637721,638844,640721,MGRN_22101979
90,0,4,5,1,0,0.25,644155,645836,648154,MGRN_22101979
91,0,2,6,2,1,0.25,651938,652588,654504,MGRN_22101979
92,0,8,7,1,0,0.25,658537,659292,661404,MGRN_22101979
93,0,2,8,2,0,0.25,664870,668572,670503,MGRN_22101979
94,0,5,6,1,0,0.25,674320,676396,678336,MGRN_22101979
95,0,5,5,2,0,0.25,681486,685291,687169,MGRN_22101979
96,0,4,2,1,1,0.25,690652,691387,693402,MGRN_22101979
97,0,3,7,2,1,0.25,696652,697323,699752,MGRN_22101979
98,0,4,7,2,0,0.25,703752,704283,706385,MGRN_22101979
99,0,6,4,1,0,0.25,709952,710763,713052,MGRN_22101979
100,0,4,4,2,0,0.25,716368,717067,718935,MGRN_22101979
101,0,2,6,2,1,0.25,722118,723339,725484,MGRN_22101979
102,0,3,2,2,1,0.25,728617,730907,732917,MGRN_22101979
103,0,2,5,2,1,0.25,736051,736811,739267,MGRN_22101979
104,0,8,7,2,1,0.25,743234,748475,750133,MGRN_22101979
105,1,2,8,2,0,0.75,753700,755611,757550,MGRN_22101979
106,1,4,2,1,1,0.75,761399,762219,764433,MGRN_22101979
107,1,3,2,2,1,0.75,767499,771435,773699,MGRN_22101979
108,1,5,7,2,0,0.75,777365,778507,780149,MGRN_22101979
109,1,2,2,1,0,0.75,783865,784731,786832,MGRN_22101979
110,1,6,8,2,0,0.75,790748,791483,793748,MGRN_22101979
111,1,3,3,1,1,0.75,797464,798218,800398,MGRN_22101979
112,1,5,5,2,0,0.75,803648,804954,807164,MGRN_22101979
113,1,4,4,2,0,0.75,810347,810922,813080,MGRN_22101979
114,1,5,3,1,0,0.75,816697,818634,820880,MGRN_22101979
115,1,4,6,2,0,0.75,824680,825210,827197,MGRN_22101979
116,1,6,4,2,0,0.75,830546,832586,834163,MGRN_22101979
117,1,6,5,1,1,0.75,837813,838794,840913,MGRN_22101979
118,1,7,8,1,1,0.75,844729,845530,847612,MGRN_22101979
119,1,8,2,1,0,0.75,851445,856506,858462,MGRN_22101979
1,1,6,4,2,1,0.15,6333,7373,9449,MJCS_29091978
2,1,4,3,2,1,0.15,13032,14189,15949,MJCS_29091978
3,1,8,3,1,0,0.15,19565,20109,22165,MJCS_29091978
4,1,7,7,1,1,0.15,25865,26461,28882,MJCS_29091978
5,1,8,4,2,1,0.15,32331,33581,35281,MJCS_29091978
6,1,2,4,1,0,0.15,39015,39900,42248,MJCS_29091978
7,1,6,5,2,1,0.15,46214,47100,49297,MJCS_29091978
8,1,7,8,2,1,0.15,52681,53260,55514,MJCS_29091978
9,1,3,3,1,0,0.15,59030,59500,61564,MJCS_29091978
10,1,8,2,2,1,0.15,65230,66940,69347,MJCS_29091978
11,1,7,7,2,1,0.15,72713,74300,76363,MJCS_29091978
12,1,2,8,1,0,0.15,79846,81036,83379,MJCS_29091978
13,1,5,7,2,1,0.15,87446,88444,90246,MJCS_29091978
14,1,6,6,2,1,0.15,94196,94636,96362,MJCS_29091978
15,1,8,5,2,1,0.15,100229,101180,103595,MJCS_29091978
16,1,4,3,2,0,0.15,107095,107996,110262,MJCS_29091978
17,0,2,5,2,1,0.85,114145,114444,116678,MJCS_29091978
18,0,4,6,1,0,0.85,120311,121084,123311,MJCS_29091978
19,0,3,5,2,0,0.85,126677,128396,130844,MJCS_29091978
20,0,2,5,2,0,0.85,134444,134732,137010,MJCS_29091978
21,0,2,5,1,1,0.85,140077,142124,144493,MJCS_29091978
22,0,4,6,1,0,0.85,148543,149324,151176,MJCS_29091978
23,0,2,4,2,0,0.85,155026,157740,159793,MJCS_29091978
24,0,4,7,2,0,0.85,163076,164940,166926,MJCS_29091978
25,0,4,3,2,0,0.85,170342,172796,174709,MJCS_29091978
26,0,2,5,1,1,0.85,178242,179212,181209,MJCS_29091978
27,0,3,3,1,1,0.85,185225,185772,187392,MJCS_29091978
28,0,7,4,1,1,0.85,190625,191003,193108,MJCS_29091978
29,0,8,6,1,0,0.15,202074,203531,205874,MJCS_29091978
30,0,6,2,2,1,0.15,209724,210267,211941,MJCS_29091978
31,0,4,4,2,0,0.15,215407,215819,217490,MJCS_29091978
32,0,2,4,2,1,0.15,221340,222987,225140,MJCS_29091978
33,0,6,8,1,0,0.15,228623,229243,230873,MJCS_29091978
34,0,4,2,2,1,0.15,234490,234843,236639,MJCS_29091978
35,0,4,4,2,1,0.15,239756,240795,243056,MJCS_29091978
36,0,3,8,2,0,0.15,246706,247291,249439,MJCS_29091978
37,0,3,5,2,1,0.15,253272,254715,256422,MJCS_29091978
38,0,8,6,1,0,0.15,259589,260363,262705,MJCS_29091978
39,0,3,7,2,0,0.15,265938,266635,268821,MJCS_29091978
40,0,8,6,2,1,0.15,272755,273195,275638,MJCS_29091978
41,0,3,2,1,0,0.15,278871,279451,281771,MJCS_29091978
42,0,5,6,1,0,0.15,285037,288779,291170,MJCS_29091978
43,0,8,3,2,1,0.15,294554,295243,297687,MJCS_29091978
44,0,6,2,2,1,0.15,301270,301915,303620,MJCS_29091978
45,1,7,4,2,0,0.85,307386,307931,310136,MJCS_29091978
46,1,6,4,2,1,0.85,313970,314443,316353,MJCS_29091978
47,1,6,5,2,0,0.85,319569,321291,323219,MJCS_29091978
48,1,2,5,1,1,0.85,326952,327339,329286,MJCS_29091978
49,1,7,7,1,1,0.85,332902,333579,335485,MJCS_29091978
50,1,3,4,2,0,0.85,339052,339819,342118,MJCS_29091978
51,1,8,4,1,1,0.85,345752,346411,348751,MJCS_29091978
52,1,4,7,1,1,0.85,352151,352619,354801,MJCS_29091978
53,1,2,7,1,1,0.85,358001,358571,360634,MJCS_29091978
54,1,8,8,2,0,0.85,363751,365386,367534,MJCS_29091978
55,1,6,4,2,0,0.85,371450,372378,374250,MJCS_29091978
56,1,4,7,1,1,0.85,378183,379914,381583,MJCS_29091978
57,1,2,8,1,1,0.85,385367,386314,388733,MJCS_29091978
58,1,8,2,1,0,0.85,392633,394010,396466,MJCS_29091978
59,0,3,5,1,1,0.75,404466,405466,407182,MJCS_29091978
60,0,6,2,2,0,0.75,410632,411514,413749,MJCS_29091978
61,0,2,6,2,0,0.75,417449,418234,420298,MJCS_29091978
62,0,3,5,1,1,0.75,424215,424778,426348,MJCS_29091978
63,0,6,4,1,1,0.75,429998,430458,432031,MJCS_29091978
64,0,8,7,1,0,0.75,435831,437194,438931,MJCS_29091978
65,0,4,2,2,0,0.75,442747,444138,445964,MJCS_29091978
66,0,4,8,1,1,0.75,449364,450618,452764,MJCS_29091978
67,0,3,2,1,1,0.75,456663,457034,459230,MJCS_29091978
68,0,8,6,1,1,0.75,462330,463402,465080,MJCS_29091978
69,0,8,2,1,1,0.75,468580,469338,471013,MJCS_29091978
70,0,2,8,1,0,0.75,474796,477658,479663,MJCS_29091978
71,0,5,3,2,1,0.75,483646,484074,486329,MJCS_29091978
72,0,4,5,2,0,0.75,489795,490170,492479,MJCS_29091978
73,0,5,2,2,0,0.75,496162,497018,498678,MJCS_29091978
74,0,8,3,1,1,0.75,502612,504122,506545,MJCS_29091978
75,0,8,5,1,1,0.75,510411,510825,512944,MJCS_29091978
76,0,7,6,1,1,0.75,516861,517338,518994,MJCS_29091978
77,0,2,2,1,1,0.75,522527,523225,525211,MJCS_29091978
78,1,3,8,1,0,0.25,529077,529529,531760,MJCS_29091978
79,1,2,7,1,0,0.25,535060,535913,537827,MJCS_29091978
80,1,8,4,2,1,0.25,541160,541481,543560,MJCS_29091978
81,1,4,4,2,1,0.25,546876,547193,549460,MJCS_29091978
82,1,5,5,2,1,0.25,552609,552969,554976,MJCS_29091978
83,1,7,2,2,0,0.25,558159,558505,560126,MJCS_29091978
84,1,3,6,1,0,0.25,563309,563369,564909,MJCS_29091978
85,1,5,3,2,0,0.25,568575,569241,570825,MJCS_29091978
86,1,4,5,2,1,0.25,574192,575145,577092,MJCS_29091978
87,1,2,2,2,1,0.25,580375,580857,582691,MJCS_29091978
88,1,5,7,2,1,0.25,585891,586345,588808,MJCS_29091978
89,1,7,4,2,1,0.25,592591,592873,594991,MJCS_29091978
90,0,3,6,1,0,0.25,602707,603193,604807,MJCS_29091978
91,0,6,2,2,1,0.25,608590,609657,612074,MJCS_29091978
92,0,7,6,2,1,0.25,615157,615593,617707,MJCS_29091978
93,0,5,5,2,0,0.25,621207,621673,624023,MJCS_29091978
94,0,3,6,2,1,0.25,628073,629065,631539,MJCS_29091978
95,0,7,8,2,1,0.25,634856,635625,637239,MJCS_29091978
96,0,4,4,2,0,0.25,640956,641497,643189,MJCS_29091978
97,0,6,6,2,0,0.25,646422,646745,648972,MJCS_29091978
98,0,2,4,2,1,0.25,652672,653289,655022,MJCS_29091978
99,0,3,7,2,1,0.25,659072,659481,661355,MJCS_29091978
100,0,5,6,2,1,0.25,664671,665049,667555,MJCS_29091978
101,0,5,8,2,1,0.25,670671,671288,672838,MJCS_29091978
102,0,3,7,2,0,0.25,676371,676937,678854,MJCS_29091978
103,0,8,8,1,0,0.25,682337,682680,685037,MJCS_29091978
104,0,2,2,2,1,0.25,688987,689560,691770,MJCS_29091978
105,0,7,8,2,0,0.25,695637,696456,698370,MJCS_29091978
106,0,2,4,2,1,0.25,702220,702600,704920,MJCS_29091978
107,0,5,6,2,0,0.25,708036,708888,711086,MJCS_29091978
108,0,8,4,2,1,0.25,714686,715080,717619,MJCS_29091978
109,1,7,5,2,1,0.75,720736,721368,723202,MJCS_29091978
110,1,2,8,2,1,0.75,726269,726856,729319,MJCS_29091978
111,1,6,3,2,0,0.75,732918,733640,735685,MJCS_29091978
112,1,7,6,2,1,0.75,739501,741048,743485,MJCS_29091978
113,1,2,7,2,1,0.75,747101,747832,749601,MJCS_29091978
114,1,2,7,2,0,0.75,752851,753448,755717,MJCS_29091978
115,1,2,2,2,0,0.75,759284,759992,761767,MJCS_29091978
116,1,8,8,1,1,0.75,765167,765656,767600,MJCS_29091978
117,1,3,8,1,0,0.75,771400,771896,773483,MJCS_29091978
118,1,4,2,2,1,0.75,776850,777208,779600,MJCS_29091978
119,1,6,2,2,0,0.75,783250,784104,786366,MJCS_29091978
120,1,2,7,1,1,0.75,789666,790392,792749,MJCS_29091978
1,1,8,8,2,0,0.85,8266,12626,15032,MJDC_15031990
2,1,7,5,1,1,0.85,18932,20002,22315,MJDC_15031990
3,1,8,8,1,1,0.85,25448,26930,29182,MJDC_15031990
4,1,3,7,1,1,0.85,32715,33874,36315,MJDC_15031990
5,1,8,7,1,1,0.85,40098,41154,43648,MJDC_15031990
6,1,7,2,1,1,0.85,47697,48546,50614,MJDC_15031990
7,1,3,4,1,1,0.85,53681,54370,56064,MJDC_15031990
8,1,8,4,1,1,0.85,59197,60418,62297,MJDC_15031990
9,1,6,5,1,1,0.85,66163,66914,68880,MJDC_15031990
10,1,8,4,1,1,0.85,72146,73650,75546,MJDC_15031990
11,1,7,3,1,1,0.85,79613,82034,83829,MJDC_15031990
12,1,3,3,1,1,0.85,87729,88786,90846,MJDC_15031990
13,1,2,3,1,1,0.85,93912,95426,97262,MJDC_15031990
14,1,4,5,1,1,0.85,100945,101954,104412,MJDC_15031990
15,1,8,2,1,1,0.85,108262,109234,111411,MJDC_15031990
16,1,5,2,1,0,0.85,115445,116706,118711,MJDC_15031990
17,1,2,5,1,0,0.85,122478,125730,127444,MJDC_15031990
18,0,2,6,2,1,0.15,131227,131682,133611,MJDC_15031990
19,0,7,3,2,1,0.15,137610,138226,140444,MJDC_15031990
20,0,5,7,2,0,0.15,144143,145058,146977,MJDC_15031990
21,0,6,6,2,1,0.15,150893,152129,154226,MJDC_15031990
22,0,2,7,2,1,0.15,157776,158193,160293,MJDC_15031990
23,0,2,8,2,1,0.15,164059,164609,166309,MJDC_15031990
24,0,8,5,2,1,0.15,169809,170673,172409,MJDC_15031990
25,0,5,2,2,1,0.15,175692,176449,178309,MJDC_15031990
26,0,8,7,2,1,0.15,182142,182833,184425,MJDC_15031990
27,0,4,2,2,1,0.15,188125,188769,190308,MJDC_15031990
28,0,2,8,2,1,0.15,193891,194577,196591,MJDC_15031990
29,0,2,3,2,1,0.15,199774,200449,202374,MJDC_15031990
30,0,7,6,2,0,0.15,206057,206609,208624,MJDC_15031990
31,0,6,7,1,0,0.15,212407,213009,214774,MJDC_15031990
32,0,7,4,2,1,0.15,217924,218801,221257,MJDC_15031990
33,0,5,2,1,1,0.75,232940,233809,236006,MJDC_15031990
34,0,5,7,1,1,0.75,239789,240305,242706,MJDC_15031990
35,0,7,3,1,1,0.75,246439,247265,249072,MJDC_15031990
36,0,7,4,1,0,0.75,252889,253649,255905,MJDC_15031990
37,0,2,7,1,0,0.75,259055,260257,261938,MJDC_15031990
38,0,3,5,2,0,0.75,265272,266369,268655,MJDC_15031990
39,0,7,8,2,0,0.75,272021,274321,276504,MJDC_15031990
40,0,5,5,1,1,0.75,279988,280545,282904,MJDC_15031990
41,0,8,3,1,0,0.75,286004,287089,289321,MJDC_15031990
42,0,6,4,1,1,0.75,293137,300400,301970,MJDC_15031990
43,0,6,2,1,1,0.75,306020,306816,308720,MJDC_15031990
44,0,4,2,1,0,0.75,311870,312160,313786,MJDC_15031990
45,0,3,6,1,1,0.75,317003,319264,320969,MJDC_15031990
46,0,5,3,1,1,0.75,324519,325168,327136,MJDC_15031990
47,0,5,8,1,0,0.75,331085,332112,333702,MJDC_15031990
48,0,7,5,1,1,0.75,337135,338352,340752,MJDC_15031990
49,0,5,2,1,0,0.75,344235,344832,346485,MJDC_15031990
50,1,6,8,1,1,0.25,350385,351344,353201,MJDC_15031990
51,1,6,2,2,0,0.25,357201,357840,360001,MJDC_15031990
52,1,7,6,1,0,0.25,363934,364560,367001,MJDC_15031990
53,1,5,8,1,0,0.25,370350,370928,372517,MJDC_15031990
54,1,8,3,2,0,0.25,375800,376800,378767,MJDC_15031990
55,1,5,5,2,1,0.25,382183,383488,385733,MJDC_15031990
56,1,3,3,2,1,0.25,389733,390640,392983,MJDC_15031990
57,1,7,7,2,1,0.25,396599,397072,398749,MJDC_15031990
58,1,8,4,2,1,0.25,402566,403232,405632,MJDC_15031990
59,1,8,7,2,0,0.25,408915,409360,410915,MJDC_15031990
60,1,2,8,2,1,0.25,414449,414944,417265,MJDC_15031990
61,1,5,8,2,1,0.25,420582,421040,422765,MJDC_15031990
62,0,7,3,2,1,0.25,435814,436176,438414,MJDC_15031990
63,0,4,2,2,1,0.25,441931,441951,444064,MJDC_15031990
64,0,3,6,2,1,0.25,447964,448351,450664,MJDC_15031990
65,0,6,4,2,0,0.25,453830,454335,456113,MJDC_15031990
66,0,2,5,2,1,0.25,459963,460335,462113,MJDC_15031990
67,0,4,6,2,1,0.25,465980,466559,468546,MJDC_15031990
68,0,5,2,2,1,0.25,472179,472863,474829,MJDC_15031990
69,0,4,7,2,0,0.25,478412,478879,480862,MJDC_15031990
70,0,7,5,2,1,0.25,484262,484671,486745,MJDC_15031990
71,0,7,4,2,0,0.25,489845,490559,492379,MJDC_15031990
72,0,3,8,2,1,0.25,495828,496383,498512,MJDC_15031990
73,0,8,3,2,1,0.25,502195,503183,505145,MJDC_15031990
74,0,2,5,2,1,0.25,509078,509551,511511,MJDC_15031990
75,0,6,6,2,1,0.25,515311,515935,518244,MJDC_15031990
76,0,8,2,2,0,0.25,521711,522463,524011,MJDC_15031990
77,0,8,5,2,1,0.25,527727,528607,530927,MJDC_15031990
78,0,5,5,2,1,0.25,534043,534527,536627,MJDC_15031990
79,0,2,8,2,0,0.25,540293,541071,543143,MJDC_15031990
80,1,3,7,2,0,0.75,547060,547503,549843,MJDC_15031990
81,1,7,4,1,1,0.75,552959,553503,555543,MJDC_15031990
82,1,3,8,1,0,0.75,559359,560223,562242,MJDC_15031990
83,1,4,7,2,0,0.75,565759,566335,568742,MJDC_15031990
84,1,5,8,2,1,0.75,571792,574847,576375,MJDC_15031990
85,1,3,4,2,0,0.75,579742,580207,582658,MJDC_15031990
86,1,7,5,2,0,0.75,585941,586830,589141,MJDC_15031990
87,1,2,3,1,0,0.75,593008,593710,595424,MJDC_15031990
88,1,2,6,2,0,0.75,599191,599614,601841,MJDC_15031990
89,1,7,8,2,0,0.75,605540,607486,609407,MJDC_15031990
90,1,8,4,2,1,0.75,612907,615598,617640,MJDC_15031990
91,1,3,8,2,1,0.75,620873,621534,623990,MJDC_15031990
92,1,3,7,2,0,0.75,627689,628062,629823,MJDC_15031990
93,1,2,8,2,1,0.15,640672,641534,643789,MJDC_15031990
94,1,8,3,2,1,0.15,646939,647310,649355,MJDC_15031990
95,1,6,3,2,1,0.15,653372,653790,655588,MJDC_15031990
96,1,7,6,2,1,0.15,659638,660078,662088,MJDC_15031990
97,1,2,2,2,1,0.15,665188,665886,668204,MJDC_15031990
98,1,8,6,2,1,0.15,672121,672446,674921,MJDC_15031990
99,1,8,6,2,1,0.15,678787,679246,681270,MJDC_15031990
100,1,4,4,2,1,0.15,685137,685486,687604,MJDC_15031990
101,1,4,8,2,1,0.15,691287,691710,694153,MJDC_15031990
102,1,8,3,2,1,0.15,697703,698350,700236,MJDC_15031990
103,1,6,7,2,1,0.15,704120,704734,706986,MJDC_15031990
104,1,7,7,2,1,0.15,710719,711470,713069,MJDC_15031990
105,1,2,8,2,1,0.15,716269,716942,718469,MJDC_15031990
106,1,4,2,2,0,0.15,721635,721982,723952,MJDC_15031990
107,1,5,5,2,1,0.15,727152,727661,730118,MJDC_15031990
108,1,4,3,2,1,0.15,733885,734253,736385,MJDC_15031990
109,0,4,8,2,0,0.85,740051,740509,742368,MJDC_15031990
110,0,4,3,2,0,0.85,745484,745821,747451,MJDC_15031990
111,0,5,2,1,1,0.85,751051,754605,756534,MJDC_15031990
112,0,2,5,1,1,0.85,760151,760925,762584,MJDC_15031990
113,0,7,6,1,1,0.85,766184,766573,769083,MJDC_15031990
114,0,5,8,1,1,0.85,772617,773117,774850,MJDC_15031990
115,0,4,5,1,1,0.85,778483,778877,781083,MJDC_15031990
116,0,7,7,1,0,0.85,784366,784909,786833,MJDC_15031990
117,0,6,2,1,1,0.85,790249,790653,793082,MJDC_15031990
118,0,3,3,1,0,0.85,796849,797341,799765,MJDC_15031990
119,0,6,6,1,0,0.85,802982,803421,805882,MJDC_15031990
120,0,5,2,1,1,0.85,809065,810237,812615,MJDC_15031990
1,0,8,6,2,0,0.25,5283,6827,8849,MJDD_01101984
2,0,6,7,1,1,0.25,12899,15451,17499,MJDD_01101984
3,0,8,6,1,1,0.25,21315,23755,25898,MJDD_01101984
4,0,8,5,1,0,0.25,29165,31435,33581,MJDD_01101984
5,0,3,4,2,0,0.25,36731,37675,39548,MJDD_01101984
6,0,3,8,1,0,0.25,43531,44219,46164,MJDD_01101984
7,0,2,8,1,0,0.25,50181,51355,53564,MJDD_01101984
8,0,4,3,1,0,0.25,57280,58331,60547,MJDD_01101984
9,0,3,7,2,1,0.25,63980,64619,66197,MJDD_01101984
10,0,6,8,2,1,0.25,69713,70859,73130,MJDD_01101984
11,0,3,8,2,1,0.25,76663,77483,79196,MJDD_01101984
12,0,8,4,1,1,0.25,82796,85003,87262,MJDD_01101984
13,0,4,8,2,1,0.25,91029,92139,94262,MJDD_01101984
14,0,2,3,2,1,0.25,97362,98394,99962,MJDD_01101984
15,0,7,6,1,0,0.25,103178,104474,106378,MJDD_01101984
16,0,6,7,2,1,0.25,109578,110938,112911,MJDD_01101984
17,0,6,7,2,0,0.25,116211,116875,118861,MJDD_01101984
18,0,4,8,2,1,0.25,122628,124826,126811,MJDD_01101984
19,1,6,5,1,1,0.75,130111,131674,133394,MJDD_01101984
20,1,3,4,2,0,0.75,136694,139834,141993,MJDD_01101984
21,1,6,2,1,1,0.75,145493,147370,149560,MJDD_01101984
22,1,8,3,1,0,0.75,153560,156490,158826,MJDD_01101984
23,1,5,7,2,0,0.75,162609,165098,166942,MJDD_01101984
24,1,3,2,1,1,0.75,170759,172666,174475,MJDD_01101984
25,1,5,2,1,0,0.75,178109,180890,183375,MJDD_01101984
26,1,8,7,2,0,0.75,186758,193802,195424,MJDD_01101984
27,1,6,4,1,0,0.75,199458,202218,204724,MJDD_01101984
28,1,8,3,1,1,0.75,207807,209946,211907,MJDD_01101984
29,1,5,5,2,0,0.75,214990,217146,219190,MJDD_01101984
30,1,5,2,1,1,0.75,222640,225386,227590,MJDD_01101984
31,1,2,7,2,0,0.75,231306,233578,236039,MJDD_01101984
32,1,3,2,1,1,0.75,239356,241417,243522,MJDD_01101984
33,1,4,7,1,1,0.75,246856,249193,251522,MJDD_01101984
34,1,3,5,2,1,0.25,265388,267849,270155,MJDD_01101984
35,1,4,6,2,1,0.25,273554,274521,276888,MJDD_01101984
36,1,5,8,2,1,0.25,280954,283417,285237,MJDD_01101984
37,1,8,3,1,0,0.25,288887,291865,294187,MJDD_01101984
38,1,4,2,1,0,0.25,297937,298601,300353,MJDD_01101984
39,1,3,6,1,0,0.25,303420,304985,307136,MJDD_01101984
40,1,8,3,1,0,0.25,310436,312937,314886,MJDD_01101984
41,1,2,4,2,1,0.25,318903,320425,322069,MJDD_01101984
42,1,5,7,1,0,0.25,325369,326265,328519,MJDD_01101984
43,1,3,2,1,0,0.25,332285,334809,336685,MJDD_01101984
44,1,2,4,2,1,0.25,340652,343993,346068,MJDD_01101984
45,1,8,4,1,0,0.25,349601,354521,356518,MJDD_01101984
46,1,2,5,1,1,0.25,359651,361017,363534,MJDD_01101984
47,1,5,8,1,0,0.25,367267,376505,378100,MJDD_01101984
48,1,3,5,2,1,0.25,381833,383800,385366,MJDD_01101984
49,1,3,6,1,0,0.25,389066,393000,394849,MJDD_01101984
50,1,8,3,1,0,0.25,398799,401624,403482,MJDD_01101984
51,1,7,8,2,1,0.25,406632,408488,410615,MJDD_01101984
52,1,7,6,1,0,0.25,414248,416872,418732,MJDD_01101984
53,1,5,8,1,0,0.25,422381,437032,438897,MJDD_01101984
54,0,8,2,2,0,0.75,442764,448312,450097,MJDD_01101984
55,0,8,5,1,1,0.75,453364,459192,461630,MJDD_01101984
56,0,8,3,2,0,0.75,464746,475416,477079,MJDD_01101984
57,0,3,2,1,1,0.75,480346,484408,486212,MJDD_01101984
58,0,7,8,2,1,0.75,490112,494424,496778,MJDD_01101984
59,0,5,6,2,1,0.75,500428,507032,509111,MJDD_01101984
60,0,6,3,2,0,0.75,512428,517575,519577,MJDD_01101984
61,0,3,6,1,1,0.75,522877,524487,526844,MJDD_01101984
62,0,8,8,1,1,0.75,530144,532327,534777,MJDD_01101984
63,0,6,3,1,0,0.75,537943,540519,542776,MJDD_01101984
64,0,2,2,1,1,0.75,546726,548855,550893,MJDD_01101984
65,0,2,4,2,1,0.75,554326,557095,558642,MJDD_01101984
66,0,2,8,2,0,0.75,562276,564615,566609,MJDD_01101984
67,1,4,8,1,0,0.15,582408,590007,592441,MJDD_01101984
68,1,4,6,2,1,0.15,596241,598471,600207,MJDD_01101984
69,1,5,5,1,0,0.15,604124,607911,609907,MJDD_01101984
70,1,2,3,2,1,0.15,613640,614535,616207,MJDD_01101984
71,1,8,6,2,1,0.15,620056,620759,622723,MJDD_01101984
72,1,2,2,2,1,0.15,626339,627959,629989,MJDD_01101984
73,1,6,2,2,0,0.15,633472,634439,636406,MJDD_01101984
74,1,5,7,1,0,0.15,639989,641143,643039,MJDD_01101984
75,1,3,4,2,1,0.15,646855,647991,649522,MJDD_01101984
76,1,2,7,2,0,0.15,652905,654262,656338,MJDD_01101984
77,1,7,3,1,0,0.15,660105,661062,662905,MJDD_01101984
78,1,4,7,2,1,0.15,666471,667430,669504,MJDD_01101984
79,1,5,5,2,1,0.15,672904,673974,675771,MJDD_01101984
80,1,8,6,2,1,0.15,679154,680582,682587,MJDD_01101984
81,1,6,2,2,1,0.15,686237,688118,689787,MJDD_01101984
82,1,2,6,2,1,0.15,693270,695558,698036,MJDD_01101984
83,0,6,5,2,0,0.85,702003,703174,704803,MJDD_01101984
84,0,5,4,1,1,0.85,708753,709286,710886,MJDD_01101984
85,0,6,6,2,0,0.85,714036,714758,717002,MJDD_01101984
86,0,2,5,1,1,0.85,720885,722038,724552,MJDD_01101984
87,0,5,7,2,0,0.85,728385,731718,734168,MJDD_01101984
88,0,2,2,2,0,0.85,737801,740326,742701,MJDD_01101984
89,0,3,5,1,1,0.85,746268,747622,749234,MJDD_01101984
90,0,5,4,2,0,0.85,752967,753830,755434,MJDD_01101984
91,0,7,6,1,1,0.85,759117,760646,762617,MJDD_01101984
92,0,3,4,1,1,0.85,766034,769238,771050,MJDD_01101984
93,0,8,6,1,1,0.85,774566,792565,794266,MJDD_01101984
94,0,4,5,1,1,0.85,798265,803749,805598,MJDD_01101984
95,0,5,8,2,0,0.85,809515,818421,820231,MJDD_01101984
96,0,6,8,2,0,0.85,823531,826325,828614,MJDD_01101984
97,0,8,8,1,0,0.85,832031,836197,838580,MJDD_01101984
98,0,3,6,2,1,0.85,842247,847701,849347,MJDD_01101984
99,0,6,3,1,1,0.85,852830,856277,858580,MJDD_01101984
100,0,7,3,1,0,0.15,874446,876597,878929,MJDD_01101984
101,0,5,3,3,0,0.15,882562,883173,885295,MJDD_01101984
102,0,6,4,3,1,0.15,889045,895909,898295,MJDD_01101984
103,0,3,7,1,0,0.15,901594,907077,909344,MJDD_01101984
104,0,7,5,2,1,0.15,913294,916789,919177,MJDD_01101984
105,0,7,6,2,1,0.15,922794,924884,926543,MJDD_01101984
106,0,8,2,1,0,0.15,929827,932292,934693,MJDD_01101984
107,0,8,6,2,1,0.15,938126,938484,940476,MJDD_01101984
108,0,2,6,2,1,0.15,943859,945412,947409,MJDD_01101984
109,0,2,5,1,0,0.15,950592,954132,955925,MJDD_01101984
110,0,2,5,2,1,0.15,959559,962212,963858,MJDD_01101984
111,0,4,5,2,1,0.15,967492,973700,976175,MJDD_01101984
112,0,8,7,2,1,0.15,979924,983060,985024,MJDD_01101984
113,0,4,7,2,1,0.15,988141,989556,992057,MJDD_01101984
114,0,7,6,2,1,0.15,995740,999604,1002057,MJDD_01101984
115,0,3,3,2,1,0.15,1005923,1008068,1009873,MJDD_01101984
116,1,5,3,2,0,0.85,1013290,1014436,1016456,MJDD_01101984
117,1,8,4,1,1,0.85,1019923,1022628,1024189,MJDD_01101984
118,1,7,5,1,1,0.85,1028222,1032020,1034089,MJDD_01101984
119,1,5,2,1,1,0.85,1037239,1043124,1045538,MJDD_01101984
120,1,2,7,2,0,0.85,1048838,1054467,1056221,MJDD_01101984
121,1,8,7,1,1,0.85,1059588,1061859,1064087,MJDD_01101984
122,1,3,8,2,0,0.85,1067187,1070403,1072804,MJDD_01101984
123,1,2,7,1,1,0.85,1076370,1077267,1079437,MJDD_01101984
124,1,3,8,2,0,0.85,1083270,1085667,1088053,MJDD_01101984
125,1,8,7,2,1,0.85,1091986,1093715,1095953,MJDD_01101984
126,1,6,7,1,1,0.85,1099953,1101683,1103836,MJDD_01101984
127,1,4,7,1,1,0.85,1107136,1109715,1112069,MJDD_01101984
1,1,6,4,1,0,0.85,5633,6644,8216,MJLV_09041981
2,1,2,4,2,0,0.85,11399,11956,13749,MJLV_09041981
3,1,4,4,2,0,0.85,17182,18164,20232,MJLV_09041981
4,1,4,3,1,1,0.85,23382,23892,25798,MJLV_09041981
5,1,6,7,1,1,0.85,29232,29988,32198,MJLV_09041981
6,1,3,5,1,1,0.85,35765,37188,39714,MJLV_09041981
7,1,7,2,1,1,0.85,43631,44660,46264,MJLV_09041981
8,1,4,4,2,0,0.85,49414,50020,52397,MJLV_09041981
9,1,7,5,2,0,0.85,55497,56292,58630,MJLV_09041981
10,1,5,3,1,1,0.85,62130,62675,64397,MJLV_09041981
11,1,7,3,1,1,0.85,67763,68435,70963,MJLV_09041981
12,1,4,7,1,1,0.85,74080,74739,76730,MJLV_09041981
13,1,7,6,2,0,0.85,79829,81043,83513,MJLV_09041981
14,1,4,2,1,0,0.85,87079,87587,89429,MJLV_09041981
15,1,5,6,2,0,0.85,92496,93171,95095,MJLV_09041981
16,1,5,6,1,1,0.85,98995,99619,101462,MJLV_09041981
17,0,3,6,1,0,0.15,105062,105939,107545,MJLV_09041981
18,0,8,2,2,1,0.15,110911,111779,113595,MJLV_09041981
19,0,4,6,2,1,0.15,117544,119987,121528,MJLV_09041981
20,0,8,8,2,1,0.15,124961,126003,128327,MJLV_09041981
21,0,3,4,1,0,0.15,131511,133459,135060,MJLV_09041981
22,0,3,3,2,1,0.15,138494,139187,140810,MJLV_09041981
23,0,7,8,2,1,0.15,144027,146451,148060,MJLV_09041981
24,0,8,4,2,1,0.15,151293,153715,155843,MJLV_09041981
25,0,2,6,2,1,0.15,159226,160643,162892,MJLV_09041981
26,0,8,2,2,1,0.15,166692,168163,169759,MJLV_09041981
27,0,7,8,2,1,0.15,172959,174627,176859,MJLV_09041981
28,0,2,3,1,0,0.15,180858,182371,184692,MJLV_09041981
29,0,4,2,2,1,0.15,188425,190499,192858,MJLV_09041981
30,0,4,7,2,1,0.15,196641,197747,199774,MJLV_09041981
31,0,6,8,2,0,0.75,205191,206082,208507,MJLV_09041981
32,0,6,5,1,0,0.75,212207,212802,214990,MJLV_09041981
33,0,4,6,2,0,0.75,218507,219010,221373,MJLV_09041981
34,0,7,7,1,1,0.75,224423,225026,226573,MJLV_09041981
35,0,2,8,2,0,0.75,229973,230994,232973,MJLV_09041981
36,0,5,7,1,0,0.75,236956,237602,239223,MJLV_09041981
37,0,7,8,2,0,0.75,242722,243426,245372,MJLV_09041981
38,0,7,5,1,1,0.75,249005,249586,252055,MJLV_09041981
39,0,6,3,1,1,0.75,255722,256546,258155,MJLV_09041981
40,0,2,4,1,1,0.75,261755,265426,267355,MJLV_09041981
41,0,2,4,1,0,0.75,271188,273634,275954,MJLV_09041981
42,0,7,2,1,1,0.75,279604,281058,282704,MJLV_09041981
43,0,7,2,1,0,0.75,286254,287106,289037,MJLV_09041981
44,0,4,2,1,1,0.75,292954,294802,297187,MJLV_09041981
45,0,3,4,1,1,0.75,300620,301858,304336,MJLV_09041981
46,0,6,6,1,1,0.75,307853,308674,310486,MJLV_09041981
47,0,6,5,2,0,0.75,314453,316338,318286,MJLV_09041981
48,0,6,2,1,1,0.75,321586,322162,324452,MJLV_09041981
49,0,6,8,1,1,0.75,327785,329298,330869,MJLV_09041981
50,0,4,2,1,1,0.75,333918,335874,338135,MJLV_09041981
51,1,6,6,1,1,0.25,341485,342401,344935,MJLV_09041981
52,1,4,5,2,1,0.25,348351,349585,351634,MJLV_09041981
53,1,5,5,2,1,0.25,355151,357425,359617,MJLV_09041981
54,1,7,7,1,0,0.25,363617,365009,367200,MJLV_09041981
55,1,7,3,2,1,0.25,370950,371457,373333,MJLV_09041981
56,1,5,3,2,0,0.25,377150,377969,379550,MJLV_09041981
57,1,8,2,1,0,0.25,383550,384401,386583,MJLV_09041981
58,1,6,2,1,1,0.25,390049,391089,393266,MJLV_09041981
59,1,5,7,1,0,0.25,396916,397729,399832,MJLV_09041981
60,1,8,3,2,1,0.25,403082,403857,405532,MJLV_09041981
61,1,3,7,2,1,0.25,408949,410913,412615,MJLV_09041981
62,1,7,6,2,1,0.25,415665,416529,418381,MJLV_09041981
63,1,8,6,2,0,0.25,421448,423313,425381,MJLV_09041981
64,1,5,7,1,1,0.75,431131,433073,435497,MJLV_09041981
65,1,7,3,1,1,0.75,438597,440065,442047,MJLV_09041981
66,1,5,2,1,1,0.75,445614,446465,448364,MJLV_09041981
67,1,8,4,1,0,0.75,451447,452305,454563,MJLV_09041981
68,1,8,4,2,1,0.75,458130,458897,460963,MJLV_09041981
69,1,7,3,1,1,0.75,464279,465201,467529,MJLV_09041981
70,1,6,8,1,0,0.75,470896,471617,474129,MJLV_09041981
71,1,2,5,2,0,0.75,477462,478368,480045,MJLV_09041981
72,1,4,5,1,1,0.75,483879,484640,487112,MJLV_09041981
73,1,8,8,1,1,0.75,490595,491600,493378,MJLV_09041981
74,1,3,8,1,1,0.75,497378,498448,500478,MJLV_09041981
75,1,2,2,1,1,0.75,503544,504336,505911,MJLV_09041981
76,1,3,4,1,1,0.75,509761,510768,512677,MJLV_09041981
77,1,5,3,1,1,0.75,516344,517120,519144,MJLV_09041981
78,1,5,2,1,1,0.75,522227,523264,525127,MJLV_09041981
79,1,5,7,2,0,0.75,529143,530560,532343,MJLV_09041981
80,1,2,5,2,0,0.75,536376,537696,539893,MJLV_09041981
81,1,3,4,2,0,0.75,543109,544976,546843,MJLV_09041981
82,0,2,6,1,0,0.25,550009,550784,552909,MJLV_09041981
83,0,5,6,2,1,0.25,556376,557024,558625,MJLV_09041981
84,0,8,8,2,1,0.25,562025,562560,564658,MJLV_09041981
85,0,2,6,2,1,0.25,568525,571104,573275,MJLV_09041981
86,0,2,6,2,1,0.25,576458,577312,579825,MJLV_09041981
87,0,5,5,2,1,0.25,583191,583968,585591,MJLV_09041981
88,0,5,4,2,1,0.25,589257,590096,591857,MJLV_09041981
89,0,8,5,2,1,0.25,595024,595888,598390,MJLV_09041981
90,0,2,8,2,1,0.25,602407,603040,604773,MJLV_09041981
91,0,8,2,2,1,0.25,608023,609056,611123,MJLV_09041981
92,0,7,3,2,1,0.25,614806,615935,617473,MJLV_09041981
93,0,5,4,2,1,0.25,620839,622175,623889,MJLV_09041981
94,0,4,4,2,1,0.25,627472,628031,629939,MJLV_09041981
95,0,2,3,1,1,0.85,635389,636559,638605,MJLV_09041981
96,0,2,7,1,1,0.85,642305,643471,645655,MJLV_09041981
97,0,3,6,1,1,0.85,649655,650383,652421,MJLV_09041981
98,0,8,5,1,1,0.85,655605,656127,657988,MJLV_09041981
99,0,4,8,1,1,0.85,661721,662479,664987,MJLV_09041981
100,0,7,3,1,1,0.85,668787,669407,671921,MJLV_09041981
101,0,5,5,1,1,0.85,675137,676015,678187,MJLV_09041981
102,0,5,4,1,1,0.85,681670,682543,684787,MJLV_09041981
103,0,3,8,1,1,0.85,688053,689199,691503,MJLV_09041981
104,0,4,2,1,1,0.85,695303,696159,698319,MJLV_09041981
105,0,6,2,1,1,0.85,701619,702335,703969,MJLV_09041981
106,0,5,2,2,1,0.85,707036,708143,710186,MJLV_09041981
107,0,7,2,2,0,0.85,713452,714031,715902,MJLV_09041981
108,0,5,2,1,1,0.85,719068,719471,721585,MJLV_09041981
109,0,2,8,1,1,0.85,724868,725471,727635,MJLV_09041981
110,0,8,8,1,1,0.85,731318,732015,733685,MJLV_09041981
111,0,5,6,1,1,0.85,737168,737791,740301,MJLV_09041981
112,1,7,7,1,0,0.15,744334,744815,746784,MJLV_09041981
113,1,5,3,2,1,0.15,749900,750959,753150,MJLV_09041981
114,1,5,8,1,0,0.15,757000,757886,760233,MJLV_09041981
115,1,3,6,1,0,0.15,763733,764655,766833,MJLV_09041981
116,1,7,4,2,1,0.15,770050,770526,772999,MJLV_09041981
117,1,2,4,2,1,0.15,776416,778190,780482,MJLV_09041981
118,1,6,8,2,1,0.15,783782,784558,787049,MJLV_09041981
119,1,2,6,2,1,0.15,790699,791326,793515,MJLV_09041981
120,1,5,2,2,1,0.15,797182,798030,800382,MJLV_09041981
121,1,4,5,2,1,0.15,804115,804878,806515,MJLV_09041981
122,1,8,6,2,1,0.15,809748,810638,812981,MJLV_09041981
123,1,4,5,2,1,0.15,816481,817758,819381,MJLV_09041981
124,1,8,8,2,1,0.15,822964,823822,825697,MJLV_09041981
125,1,4,8,2,1,0.15,829147,830318,832547,MJLV_09041981
126,1,3,8,2,1,0.15,836580,837134,839080,MJLV_09041981
1,0,2,3,2,1,0.25,6966,7725,10132,MJMM_18101984
2,0,4,7,2,1,0.25,13266,13661,15799,MJMM_18101984
3,0,3,7,1,0,0.25,19232,20445,22199,MJMM_18101984
4,0,7,3,1,1,0.25,25532,26109,27882,MJMM_18101984
5,0,8,6,2,1,0.25,30982,31405,33081,MJMM_18101984
6,0,6,4,2,0,0.25,36931,37581,39731,MJMM_18101984
7,0,6,2,2,0,0.25,42864,43469,45714,MJMM_18101984
8,0,5,4,1,0,0.25,49231,49677,51664,MJMM_18101984
9,0,5,8,1,0,0.25,55264,55693,57630,MJMM_18101984
10,0,3,3,1,0,0.25,61647,62221,64597,MJMM_18101984
11,0,5,5,2,1,0.25,68063,68540,71030,MJMM_18101984
12,0,3,5,2,0,0.25,74913,75613,78046,MJMM_18101984
13,0,6,6,2,1,0.25,81529,82205,83946,MJMM_18101984
14,0,8,2,2,1,0.25,87962,88732,90846,MJMM_18101984
15,0,2,4,1,1,0.25,94729,95468,97612,MJMM_18101984
16,0,5,4,2,1,0.25,101462,101980,103862,MJMM_18101984
17,1,6,3,2,0,0.75,107245,107884,109995,MJMM_18101984
18,1,2,7,2,0,0.75,113995,114476,116945,MJMM_18101984
19,1,2,3,2,0,0.75,120044,120476,122594,MJMM_18101984
20,1,5,4,2,0,0.75,125978,126444,128561,MJMM_18101984
21,1,7,4,1,1,0.75,132061,132588,134427,MJMM_18101984
22,1,4,5,1,1,0.75,138010,138444,140460,MJMM_18101984
23,1,2,7,1,1,0.75,143560,144188,146077,MJMM_18101984
24,1,4,3,2,0,0.75,149293,149932,152410,MJMM_18101984
25,1,7,7,1,0,0.75,155676,156124,158293,MJMM_18101984
26,1,8,7,1,1,0.75,162276,167004,169142,MJMM_18101984
27,1,5,5,1,1,0.75,172642,173244,174942,MJMM_18101984
28,1,6,7,2,0,0.75,178609,179180,181342,MJMM_18101984
29,1,2,5,1,1,0.75,184425,185004,187025,MJMM_18101984
30,1,8,2,1,1,0.75,190975,191948,194325,MJMM_18101984
31,1,7,6,1,1,0.75,198091,198732,200291,MJMM_18101984
32,1,8,3,1,1,0.75,203691,204396,205941,MJMM_18101984
33,1,6,4,2,0,0.75,209274,209804,211691,MJMM_18101984
34,1,4,2,1,0,0.75,215174,218300,220407,MJMM_18101984
35,0,8,7,1,0,0.15,234273,235707,238073,MJMM_18101984
36,0,7,8,2,1,0.15,241189,241563,243356,MJMM_18101984
37,0,2,5,2,0,0.15,247122,247563,249389,MJMM_18101984
38,0,4,6,2,1,0.15,253039,253707,255805,MJMM_18101984
39,0,5,7,2,1,0.15,259689,260475,262972,MJMM_18101984
40,0,7,3,2,1,0.15,266438,267083,269455,MJMM_18101984
41,0,4,4,2,1,0.15,273155,273771,276038,MJMM_18101984
42,0,8,3,2,1,0.15,279971,280603,282671,MJMM_18101984
43,0,4,2,1,0,0.15,286404,286891,288737,MJMM_18101984
44,0,5,3,2,0,0.15,292671,293403,295120,MJMM_18101984
45,0,7,5,2,1,0.15,298587,299291,301453,MJMM_18101984
46,0,6,4,2,1,0.15,305170,306267,308037,MJMM_18101984
47,0,6,2,2,1,0.15,311286,312027,314020,MJMM_18101984
48,0,3,7,2,1,0.15,317286,317995,319919,MJMM_18101984
49,0,8,5,2,1,0.15,323503,324139,325936,MJMM_18101984
50,0,6,2,1,0,0.15,329086,330795,333252,MJMM_18101984
51,1,7,8,1,1,0.85,336719,337419,339385,MJMM_18101984
52,1,7,3,2,0,0.85,342818,343339,345135,MJMM_18101984
53,1,5,4,2,0,0.85,348801,349387,351585,MJMM_18101984
54,1,5,8,1,1,0.85,354668,355323,357734,MJMM_18101984
55,1,6,6,1,1,0.85,361601,362603,364751,MJMM_18101984
56,1,6,7,1,1,0.85,368067,368715,370317,MJMM_18101984
57,1,5,7,1,1,0.85,373517,374011,376334,MJMM_18101984
58,1,3,6,2,0,0.85,379467,380363,382650,MJMM_18101984
59,1,2,2,1,1,0.85,385917,386523,388266,MJMM_18101984
60,1,4,7,1,0,0.85,391633,393850,395600,MJMM_18101984
61,1,4,6,1,1,0.85,399549,400362,402683,MJMM_18101984
62,1,2,3,1,1,0.85,406099,407578,410099,MJMM_18101984
63,1,5,3,1,1,0.85,413949,415162,416732,MJMM_18101984
64,1,2,7,1,1,0.85,420582,421194,422798,MJMM_18101984
65,1,6,4,2,0,0.85,426448,426970,428815,MJMM_18101984
66,1,7,8,1,1,0.85,431965,432570,435048,MJMM_18101984
67,1,2,5,1,1,0.85,438348,439226,441264,MJMM_18101984
68,1,7,4,2,1,0.25,454780,456026,457997,MJMM_18101984
69,1,6,3,2,1,0.25,461947,462922,464897,MJMM_18101984
70,1,2,2,2,1,0.25,468496,469418,471330,MJMM_18101984
71,1,4,6,2,1,0.25,474930,476234,478413,MJMM_18101984
72,1,7,7,1,0,0.25,482379,482954,484546,MJMM_18101984
73,1,2,6,2,1,0.25,487679,488266,490479,MJMM_18101984
74,1,3,6,2,1,0.25,494095,494954,497429,MJMM_18101984
75,1,2,4,1,0,0.25,501328,502362,504345,MJMM_18101984
76,1,8,4,2,1,0.25,507945,508698,510895,MJMM_18101984
77,1,7,2,2,1,0.25,514545,515258,517128,MJMM_18101984
78,1,6,7,1,0,0.25,520828,521642,523511,MJMM_18101984
79,1,2,6,2,1,0.25,527227,527898,529994,MJMM_18101984
80,1,3,8,2,1,0.25,533477,534522,536794,MJMM_18101984
81,1,4,5,2,0,0.25,540660,541337,543127,MJMM_18101984
82,1,8,3,2,0,0.25,546676,547385,549110,MJMM_18101984
83,1,6,2,1,0,0.25,552943,553801,555393,MJMM_18101984
84,1,2,4,1,0,0.25,558843,559849,561609,MJMM_18101984
85,0,4,8,1,1,0.75,564659,565417,567826,MJMM_18101984
86,0,7,8,1,1,0.75,570959,572009,574025,MJMM_18101984
87,0,6,8,1,0,0.75,577875,578601,580475,MJMM_18101984
88,0,6,7,1,1,0.75,583525,584233,585875,MJMM_18101984
89,0,7,5,1,1,0.75,589808,590825,593208,MJMM_18101984
90,0,4,4,1,1,0.75,596958,597721,599674,MJMM_18101984
91,0,8,6,1,0,0.75,602924,603897,605424,MJMM_18101984
92,0,4,5,1,1,0.75,609324,610025,612157,MJMM_18101984
93,0,7,6,1,0,0.75,615390,616329,618207,MJMM_18101984
94,0,4,3,1,1,0.75,622240,622889,624640,MJMM_18101984
95,0,6,5,1,1,0.75,627756,629497,631406,MJMM_18101984
96,0,7,4,1,1,0.75,635239,635961,637906,MJMM_18101984
97,0,7,6,1,1,0.75,641156,641657,643939,MJMM_18101984
98,0,6,2,2,1,0.75,647306,647977,650472,MJMM_18101984
99,0,2,5,1,1,0.75,653722,654521,656489,MJMM_18101984
100,0,2,3,2,0,0.85,670071,672089,674538,MJMM_18101984
101,0,3,2,2,0,0.85,677704,678377,679938,MJMM_18101984
102,0,7,7,1,1,0.85,683654,685257,686954,MJMM_18101984
103,0,6,3,1,1,0.85,690070,690920,693104,MJMM_18101984
104,0,6,8,1,1,0.85,696637,699672,701803,MJMM_18101984
105,0,5,5,1,1,0.85,705336,706040,708153,MJMM_18101984
106,0,2,4,1,1,0.85,711670,712648,715169,MJMM_18101984
107,0,8,2,1,1,0.85,719019,719736,722119,MJMM_18101984
108,0,2,3,1,1,0.85,725586,726312,727986,MJMM_18101984
109,0,4,7,1,1,0.85,731885,732408,734652,MJMM_18101984
110,0,2,4,2,0,0.85,737702,738152,740002,MJMM_18101984
111,0,6,4,2,0,0.85,743685,744408,746635,MJMM_18101984
112,0,4,5,1,0,0.85,750168,750744,752534,MJMM_18101984
113,0,2,2,2,0,0.85,756018,756616,758268,MJMM_18101984
114,0,8,8,2,1,0.85,762267,762920,764534,MJMM_18101984
115,0,6,6,2,0,0.85,768284,768952,770750,MJMM_18101984
116,1,7,7,2,1,0.15,774500,776344,777950,MJMM_18101984
117,1,5,7,2,1,0.15,781817,782392,784833,MJMM_18101984
118,1,6,8,2,1,0.15,788266,788888,790533,MJMM_18101984
119,1,3,5,2,0,0.15,794349,795112,797333,MJMM_18101984
120,1,3,6,2,1,0.15,801166,801688,803516,MJMM_18101984
121,1,6,5,2,1,0.15,807182,808360,810799,MJMM_18101984
122,1,7,5,2,1,0.15,814315,814808,816898,MJMM_18101984
123,1,8,6,2,1,0.15,820215,820728,822482,MJMM_18101984
124,1,3,2,2,0,0.15,826065,826552,828165,MJMM_18101984
125,1,7,6,2,1,0.15,832031,832648,834681,MJMM_18101984
126,1,3,8,1,0,0.15,838598,840056,842531,MJMM_18101984
127,1,8,6,2,1,0.15,845914,846487,848930,MJMM_18101984
128,1,3,4,2,1,0.15,852564,853255,854863,MJMM_18101984
129,1,6,7,2,1,0.15,858663,859223,861763,MJMM_18101984
1,0,8,3,1,0,0.15,6633,7810,10099,MPDF_14111981
2,0,3,4,2,1,0.15,13849,18002,20015,MPDF_14111981
3,0,2,2,2,1,0.15,23415,26530,28598,MPDF_14111981
4,0,6,8,2,0,0.15,32031,34770,36515,MPDF_14111981
5,0,5,2,2,1,0.15,40214,42066,43981,MPDF_14111981
6,0,4,3,1,0,0.15,47564,49346,51081,MPDF_14111981
7,0,7,5,2,1,0.15,54731,55969,57714,MPDF_14111981
8,0,5,6,2,0,0.15,61297,62401,64363,MPDF_14111981
9,0,2,3,2,1,0.15,68213,68977,71463,MPDF_14111981
10,0,7,3,2,1,0.15,74980,76801,78896,MPDF_14111981
11,0,3,8,2,1,0.15,82229,84785,86662,MPDF_14111981
12,0,5,6,2,1,0.15,90329,91745,93712,MPDF_14111981
13,0,2,5,2,1,0.15,97512,99473,101412,MPDF_14111981
14,0,3,3,2,1,0.15,104462,106433,108395,MPDF_14111981
15,0,4,6,2,1,0.15,111878,113969,115978,MPDF_14111981
16,0,8,8,2,1,0.15,119694,121025,122928,MPDF_14111981
17,0,4,2,2,0,0.15,126477,128193,130144,MPDF_14111981
18,1,7,8,2,0,0.85,133527,135857,137594,MPDF_14111981
19,1,3,8,1,1,0.85,140960,142241,144310,MPDF_14111981
20,1,7,3,1,1,0.85,147610,148913,151060,MPDF_14111981
21,1,3,5,1,1,0.85,154493,155569,157993,MPDF_14111981
22,1,5,4,1,1,0.85,161293,162753,164543,MPDF_14111981
23,1,4,7,1,1,0.85,168009,169025,171459,MPDF_14111981
24,1,4,4,1,1,0.85,175142,176305,178759,MPDF_14111981
25,1,8,4,1,1,0.85,181942,183105,184925,MPDF_14111981
26,1,5,2,1,1,0.85,188858,189681,191491,MPDF_14111981
27,1,4,7,1,1,0.85,194758,195889,197691,MPDF_14111981
28,1,8,5,1,1,0.85,200858,202049,203958,MPDF_14111981
29,1,3,3,1,1,0.85,207641,208960,211491,MPDF_14111981
30,1,7,2,1,1,0.85,215224,216528,218857,MPDF_14111981
31,1,2,4,1,1,0.85,222673,224192,226057,MPDF_14111981
32,0,2,5,2,0,0.75,237923,257120,258855,MPDF_14111981
33,0,5,6,2,1,0.75,262105,262960,264755,MPDF_14111981
34,0,2,8,2,0,0.75,268371,269088,270938,MPDF_14111981
35,0,7,8,2,0,0.75,274971,275904,277721,MPDF_14111981
36,0,7,6,1,1,0.75,281654,282768,285221,MPDF_14111981
37,0,3,7,1,1,0.75,288354,289488,291054,MPDF_14111981
38,0,7,8,1,0,0.75,294870,296032,297687,MPDF_14111981
39,0,4,3,1,0,0.75,301153,302384,304753,MPDF_14111981
40,0,7,8,2,0,0.75,308170,308896,310870,MPDF_14111981
41,0,5,7,1,1,0.75,314120,315504,317703,MPDF_14111981
42,0,2,2,1,0,0.75,320886,321824,323752,MPDF_14111981
43,0,5,4,1,1,0.75,327152,328176,330052,MPDF_14111981
44,0,8,3,2,0,0.75,333102,333968,335735,MPDF_14111981
45,0,6,5,1,0,0.75,338802,339616,341835,MPDF_14111981
46,0,6,4,2,0,0.75,345168,348848,350785,MPDF_14111981
47,0,6,8,2,0,0.75,354218,356656,358484,MPDF_14111981
48,0,3,3,2,0,0.75,361784,363103,365317,MPDF_14111981
49,1,2,6,1,0,0.25,368784,370511,372934,MPDF_14111981
50,1,8,2,2,0,0.25,376234,377055,378683,MPDF_14111981
51,1,5,4,2,1,0.25,381967,386111,387850,MPDF_14111981
52,1,3,6,2,1,0.25,391083,392175,394499,MPDF_14111981
53,1,8,8,2,1,0.25,398433,399087,401116,MPDF_14111981
54,1,4,4,2,1,0.25,404449,405439,407249,MPDF_14111981
55,1,6,2,2,1,0.25,411199,411999,413699,MPDF_14111981
56,1,5,2,2,0,0.25,417298,419711,421965,MPDF_14111981
57,1,7,7,1,1,0.25,425765,426767,428898,MPDF_14111981
58,1,2,6,1,1,0.25,432364,433183,435098,MPDF_14111981
59,1,2,2,1,0,0.25,438231,439343,440881,MPDF_14111981
60,1,5,8,2,1,0.25,444714,445423,447547,MPDF_14111981
61,1,8,6,2,1,0.15,458697,462607,464730,MPDF_14111981
62,1,4,3,2,1,0.15,468446,469439,471480,MPDF_14111981
63,1,8,5,2,0,0.15,474596,475503,477579,MPDF_14111981
64,1,7,3,1,0,0.15,480729,481423,483862,MPDF_14111981
65,1,6,8,1,0,0.15,487112,487887,489995,MPDF_14111981
66,1,3,2,2,0,0.15,493512,495791,498145,MPDF_14111981
67,1,2,4,1,0,0.15,501412,502463,504711,MPDF_14111981
68,1,8,6,2,1,0.15,508428,511278,513761,MPDF_14111981
69,1,7,7,2,1,0.15,517394,518558,520927,MPDF_14111981
70,1,7,8,2,1,0.15,524511,525454,527827,MPDF_14111981
71,1,7,2,2,1,0.15,531427,532334,534427,MPDF_14111981
72,1,4,6,2,1,0.15,538077,539358,541643,MPDF_14111981
73,1,7,7,2,1,0.15,544993,545966,548460,MPDF_14111981
74,1,6,3,2,1,0.15,551893,553486,555193,MPDF_14111981
75,1,2,2,2,1,0.15,558709,559950,562376,MPDF_14111981
76,1,6,7,2,1,0.15,565776,566782,568859,MPDF_14111981
77,1,8,7,2,1,0.15,572009,572782,575058,MPDF_14111981
78,1,7,4,2,1,0.15,579008,579950,582425,MPDF_14111981
79,0,3,4,2,1,0.85,585608,586494,588725,MPDF_14111981
80,0,3,5,2,0,0.85,592541,593422,595308,MPDF_14111981
81,0,6,2,2,0,0.85,599157,600478,602207,MPDF_14111981
82,0,3,7,1,1,0.85,605324,606622,608624,MPDF_14111981
83,0,5,5,1,1,0.85,611790,612862,614407,MPDF_14111981
84,0,5,6,1,1,0.85,617523,618510,620923,MPDF_14111981
85,0,8,3,1,0,0.85,624440,625278,627340,MPDF_14111981
86,0,8,3,1,0,0.85,631056,631678,633656,MPDF_14111981
87,0,7,6,2,0,0.85,637406,637870,639622,MPDF_14111981
88,0,5,4,1,1,0.85,642822,644414,646389,MPDF_14111981
89,0,2,6,1,1,0.85,650289,651246,653755,MPDF_14111981
90,0,3,3,1,1,0.85,657488,658381,660388,MPDF_14111981
91,0,4,2,1,1,0.85,663588,664413,666505,MPDF_14111981
92,0,4,3,1,1,0.85,670454,671437,673438,MPDF_14111981
93,0,2,7,1,1,0.85,677171,678061,680254,MPDF_14111981
94,0,7,6,1,0,0.85,684270,686621,688537,MPDF_14111981
95,1,3,6,1,1,0.75,699937,703437,705103,MPDF_14111981
96,1,6,8,1,1,0.75,708886,709613,711536,MPDF_14111981
97,1,5,8,1,0,0.75,715336,716301,718286,MPDF_14111981
98,1,3,8,2,0,0.75,721552,722445,724852,MPDF_14111981
99,1,6,8,1,0,0.75,728085,732429,734202,MPDF_14111981
100,1,4,4,1,0,0.75,737868,740781,742551,MPDF_14111981
101,1,8,2,2,0,0.75,745951,746813,748718,MPDF_14111981
102,1,7,7,2,0,0.75,752401,753197,755234,MPDF_14111981
103,1,7,7,2,0,0.75,758967,761469,763717,MPDF_14111981
104,1,7,4,1,1,0.75,766817,767997,769767,MPDF_14111981
105,1,3,2,1,1,0.75,772867,774013,776233,MPDF_14111981
106,1,3,2,1,1,0.75,779983,781133,783250,MPDF_14111981
107,1,5,5,1,1,0.75,786866,787661,789433,MPDF_14111981
108,1,2,8,1,1,0.75,792699,794621,796866,MPDF_14111981
109,1,3,5,1,0,0.75,800382,801933,804232,MPDF_14111981
110,1,2,4,2,0,0.75,807765,809869,811715,MPDF_14111981
111,1,6,2,1,1,0.75,815198,816412,818748,MPDF_14111981
112,1,4,3,1,1,0.75,822465,824124,825981,MPDF_14111981
113,1,6,2,1,1,0.75,829031,830476,832631,MPDF_14111981
114,1,5,5,1,1,0.75,835797,837356,839031,MPDF_14111981
115,0,5,3,1,1,0.25,842230,846172,848330,MPDF_14111981
116,0,4,3,1,0,0.25,852147,854220,856363,MPDF_14111981
117,0,7,3,1,0,0.25,859480,862028,864063,MPDF_14111981
118,0,8,5,1,0,0.25,868063,868828,870496,MPDF_14111981
119,0,7,6,2,1,0.25,874329,875756,878179,MPDF_14111981
120,0,2,8,2,1,0.25,881545,883308,885745,MPDF_14111981
121,0,2,7,2,1,0.25,889095,890540,892928,MPDF_14111981
122,0,8,7,2,0,0.25,896728,899420,901928,MPDF_14111981
123,0,6,8,2,1,0.25,905561,906956,908994,MPDF_14111981
124,0,4,7,2,1,0.25,912278,914156,915877,MPDF_14111981
125,0,2,8,2,0,0.25,919527,921452,923377,MPDF_14111981
126,0,3,5,1,0,0.25,927310,928316,930793,MPDF_14111981
127,0,5,8,2,1,0.25,934577,935324,937543,MPDF_14111981
128,0,2,8,2,0,0.25,940910,941740,943926,MPDF_14111981
1,0,8,2,1,0,0.25,12732,14089,15632,MPMT_11092001
2,0,8,5,1,0,0.25,18849,19817,22015,MPMT_11092001
3,0,2,6,2,1,0.25,25582,26201,27765,MPMT_11092001
4,0,8,8,2,0,0.25,31382,32393,34915,MPMT_11092001
5,0,3,2,2,1,0.25,38348,38649,40398,MPMT_11092001
6,0,7,7,2,1,0.25,43481,43705,45381,MPMT_11092001
7,0,7,5,2,1,0.25,48597,49193,51264,MPMT_11092001
8,0,4,3,2,1,0.25,55147,55497,57314,MPMT_11092001
9,0,5,8,2,0,0.25,61347,61673,63863,MPMT_11092001
10,0,6,7,2,1,0.25,67647,68233,70580,MPMT_11092001
11,0,4,2,2,0,0.25,74480,74937,77380,MPMT_11092001
12,0,4,8,2,1,0.25,81263,81673,83746,MPMT_11092001
13,0,5,2,2,1,0.25,87013,87481,89546,MPMT_11092001
14,0,3,2,2,1,0.25,93062,93929,95962,MPMT_11092001
15,0,2,8,2,1,0.25,99245,100137,101662,MPMT_11092001
16,0,2,3,2,1,0.25,105428,105897,108262,MPMT_11092001
17,1,7,4,2,0,0.75,111845,112249,114761,MPMT_11092001
18,1,6,6,2,0,0.75,118611,118905,120861,MPMT_11092001
19,1,7,6,2,0,0.75,124078,124665,126494,MPMT_11092001
20,1,8,6,1,1,0.75,130411,130809,132894,MPMT_11092001
21,1,4,6,1,1,0.75,136860,137209,139444,MPMT_11092001
22,1,3,3,1,1,0.75,143144,143545,145693,MPMT_11092001
23,1,3,6,1,1,0.75,149510,149865,151710,MPMT_11092001
24,1,5,2,1,0,0.75,154926,155672,157626,MPMT_11092001
25,1,3,5,1,1,0.75,160676,161208,163743,MPMT_11092001
26,1,8,3,1,0,0.75,166926,167800,169909,MPMT_11092001
27,1,2,6,1,1,0.75,173692,174088,176609,MPMT_11092001
28,1,2,2,1,1,0.75,179742,180408,181959,MPMT_11092001
29,1,2,7,1,1,0.75,185425,185896,188358,MPMT_11092001
30,1,2,2,2,1,0.25,200274,201112,202658,MPMT_11092001
31,1,2,2,2,1,0.25,206491,206824,209341,MPMT_11092001
32,1,6,4,2,1,0.25,213257,213576,215490,MPMT_11092001
33,1,5,6,2,0,0.25,219157,219512,221174,MPMT_11092001
34,1,7,3,2,0,0.25,224290,224600,226423,MPMT_11092001
35,1,7,3,2,1,0.25,230156,230504,232756,MPMT_11092001
36,1,6,6,2,1,0.25,236523,236840,238539,MPMT_11092001
37,1,3,5,2,1,0.25,242206,242696,245089,MPMT_11092001
38,1,5,3,2,1,0.25,248839,249784,251739,MPMT_11092001
39,1,8,7,2,1,0.25,255255,256088,258089,MPMT_11092001
40,1,6,2,2,1,0.25,261638,262280,264405,MPMT_11092001
41,1,7,5,2,1,0.25,268122,268472,270555,MPMT_11092001
42,1,4,3,2,0,0.25,274371,274888,276838,MPMT_11092001
43,1,6,8,2,1,0.25,280588,281240,283221,MPMT_11092001
44,1,4,7,2,0,0.25,286621,287592,289654,MPMT_11092001
45,1,8,7,2,1,0.25,293470,293848,296004,MPMT_11092001
46,0,7,7,2,0,0.75,299220,299656,301620,MPMT_11092001
47,0,7,8,2,1,0.75,305370,305751,308270,MPMT_11092001
48,0,2,3,2,0,0.75,312036,312471,314903,MPMT_11092001
49,0,3,7,2,0,0.75,318153,318775,320436,MPMT_11092001
50,0,5,7,2,1,0.75,324303,324663,327052,MPMT_11092001
51,0,4,8,2,0,0.75,330852,331319,333169,MPMT_11092001
52,0,8,2,1,1,0.75,336919,338167,340302,MPMT_11092001
53,0,6,8,1,1,0.75,344235,344743,346735,MPMT_11092001
54,0,6,2,1,1,0.75,350085,350471,352301,MPMT_11092001
55,0,2,8,1,1,0.75,356001,356455,358051,MPMT_11092001
56,0,3,4,1,0,0.75,361401,362359,364068,MPMT_11092001
57,0,3,5,1,0,0.75,368117,368663,370284,MPMT_11092001
58,0,5,3,1,1,0.75,373767,374663,376467,MPMT_11092001
59,0,6,3,1,1,0.85,390033,390999,392633,MPMT_11092001
60,0,4,6,1,1,0.85,396466,397527,399466,MPMT_11092001
61,0,7,5,1,1,0.85,403316,403799,406182,MPMT_11092001
62,0,3,8,1,1,0.85,409532,410215,411849,MPMT_11092001
63,0,5,8,1,1,0.85,415665,416231,418432,MPMT_11092001
64,0,2,4,1,0,0.85,422065,422695,424315,MPMT_11092001
65,0,8,6,1,1,0.85,427631,427943,429848,MPMT_11092001
66,0,2,4,1,1,0.85,433648,433975,435764,MPMT_11092001
67,0,8,5,1,1,0.85,439031,439591,441331,MPMT_11092001
68,0,3,3,1,1,0.85,445231,445879,448164,MPMT_11092001
69,0,5,2,1,1,0.85,451497,451895,453514,MPMT_11092001
70,0,6,4,1,1,0.85,456830,457159,459647,MPMT_11092001
71,0,3,4,1,0,0.85,463047,463430,465147,MPMT_11092001
72,0,6,4,1,1,0.85,468980,469158,470730,MPMT_11092001
73,0,3,2,1,1,0.85,473863,474342,476779,MPMT_11092001
74,0,5,6,1,1,0.85,480213,481158,482996,MPMT_11092001
75,0,2,6,1,1,0.85,486879,487510,489662,MPMT_11092001
76,0,2,4,1,1,0.85,493329,493702,496045,MPMT_11092001
77,1,8,7,1,0,0.15,499312,499990,502412,MPMT_11092001
78,1,5,3,1,0,0.15,506111,506934,508628,MPMT_11092001
79,1,3,3,1,0,0.15,512061,512662,514978,MPMT_11092001
80,1,5,6,2,1,0.15,518994,519398,521444,MPMT_11092001
81,1,5,8,2,1,0.15,525127,525750,528094,MPMT_11092001
82,1,2,2,2,0,0.15,531594,533686,535410,MPMT_11092001
83,1,3,4,2,1,0.15,539260,540758,542960,MPMT_11092001
84,1,2,8,2,1,0.15,546626,547094,549510,MPMT_11092001
85,1,8,4,2,1,0.15,553060,553718,555576,MPMT_11092001
86,1,5,8,2,1,0.15,559176,559702,561442,MPMT_11092001
87,1,7,3,2,1,0.15,565192,565974,568192,MPMT_11092001
88,1,4,4,2,1,0.15,572109,573094,574892,MPMT_11092001
89,1,8,5,2,0,0.15,578742,580038,582458,MPMT_11092001
90,1,8,2,2,1,0.15,585691,586406,588358,MPMT_11092001
91,1,2,3,2,1,0.15,591608,592294,594474,MPMT_11092001
92,0,6,2,1,0,0.15,608840,609894,612240,MPMT_11092001
93,0,7,7,1,0,0.15,615607,615941,617690,MPMT_11092001
94,0,6,6,1,1,0.15,621623,622005,623890,MPMT_11092001
95,0,5,8,1,1,0.15,627523,628853,630423,MPMT_11092001
96,0,3,7,1,0,0.15,633556,634309,636089,MPMT_11092001
97,0,2,5,1,1,0.15,640022,640469,642322,MPMT_11092001
98,0,4,8,1,0,0.15,645906,646165,647989,MPMT_11092001
99,0,8,3,1,0,0.15,651205,651525,653555,MPMT_11092001
100,0,4,5,2,1,0.15,656855,657269,659255,MPMT_11092001
101,0,6,2,2,1,0.15,662588,662917,664605,MPMT_11092001
102,0,2,4,2,1,0.15,667821,668901,670888,MPMT_11092001
103,0,8,6,2,1,0.15,674338,675829,677604,MPMT_11092001
104,0,8,5,2,1,0.15,681421,682757,684487,MPMT_11092001
105,0,2,5,2,1,0.15,687804,689589,691987,MPMT_11092001
106,0,5,3,2,1,0.15,695320,696085,697820,MPMT_11092001
107,0,2,2,2,1,0.15,701770,702549,704570,MPMT_11092001
108,1,7,7,2,0,0.85,708120,708837,711353,MPMT_11092001
109,1,7,6,2,0,0.85,715319,715621,717869,MPMT_11092001
110,1,6,3,2,0,0.85,721752,722117,723686,MPMT_11092001
111,1,5,5,1,1,0.85,727319,727637,729819,MPMT_11092001
112,1,5,4,1,1,0.85,733285,733733,735618,MPMT_11092001
113,1,8,6,1,1,0.85,739018,739509,741185,MPMT_11092001
114,1,7,5,1,1,0.85,744418,745093,747401,MPMT_11092001
115,1,6,7,1,1,0.85,750835,751477,753368,MPMT_11092001
116,1,4,8,1,1,0.85,756784,757445,759851,MPMT_11092001
117,1,8,2,1,1,0.85,763151,764596,767050,MPMT_11092001
118,1,4,3,1,1,0.85,770400,772292,773917,MPMT_11092001
119,1,6,7,1,1,0.85,777967,778788,780983,MPMT_11092001
1,0,5,8,2,1,0.15,3233,3965,6366,MPRM_13041984
2,0,6,3,1,0,0.15,10216,10973,13132,MPRM_13041984
3,0,4,3,1,0,0.15,16299,17789,19999,MPRM_13041984
4,0,2,5,2,1,0.15,23432,24221,25782,MPRM_13041984
5,0,6,7,2,1,0.15,29515,30125,32031,MPRM_13041984
6,0,5,5,2,0,0.15,35798,37213,39081,MPRM_13041984
7,0,6,5,1,1,0.15,42998,43436,45148,MPRM_13041984
8,0,3,7,1,0,0.15,49047,49964,52014,MPRM_13041984
9,0,5,7,2,1,0.15,55664,56508,58714,MPRM_13041984
10,0,4,8,2,1,0.15,61780,62364,64430,MPRM_13041984
11,0,7,8,2,1,0.15,67647,68316,70663,MPRM_13041984
12,0,3,2,2,1,0.15,74230,75660,78063,MPRM_13041984
13,0,4,5,2,1,0.15,81513,82188,84313,MPRM_13041984
14,0,7,2,2,1,0.15,87979,89708,92062,MPRM_13041984
15,0,6,5,2,1,0.15,95695,97052,99045,MPRM_13041984
16,0,6,7,2,1,0.15,102145,103132,104995,MPRM_13041984
17,0,4,6,2,1,0.15,108795,109388,111111,MPRM_13041984
18,0,5,4,2,1,0.15,114778,115500,117878,MPRM_13041984
19,0,7,3,2,1,0.15,121744,122604,124828,MPRM_13041984
20,1,8,6,2,1,0.85,128277,129308,130927,MPRM_13041984
21,1,2,4,2,0,0.85,134127,134892,136944,MPRM_13041984
22,1,2,7,1,1,0.85,140710,141836,143410,MPRM_13041984
23,1,5,2,1,1,0.85,147043,147564,150076,MPRM_13041984
24,1,3,7,1,1,0.85,153143,153820,155710,MPRM_13041984
25,1,6,3,1,1,0.85,159393,159948,162326,MPRM_13041984
26,1,5,2,1,1,0.85,165509,166204,168259,MPRM_13041984
27,1,6,5,1,1,0.85,171709,172396,174925,MPRM_13041984
28,1,8,4,1,0,0.85,177992,178731,181059,MPRM_13041984
29,1,7,4,2,1,0.85,184758,185196,187425,MPRM_13041984
30,1,7,2,2,1,0.85,191391,191979,194191,MPRM_13041984
31,1,7,5,2,0,0.85,198058,198587,200374,MPRM_13041984
32,1,3,2,1,1,0.85,203474,204059,206307,MPRM_13041984
33,1,2,4,1,1,0.85,209907,210571,212457,MPRM_13041984
34,1,2,4,1,1,0.85,215674,216075,218490,MPRM_13041984
35,0,2,6,2,0,0.75,233423,234827,236673,MPRM_13041984
36,0,6,8,2,0,0.75,240206,241451,243439,MPRM_13041984
37,0,4,4,1,1,0.75,246806,247883,249522,MPRM_13041984
38,0,6,6,1,1,0.75,253039,254283,256555,MPRM_13041984
39,0,5,4,2,0,0.75,259705,261339,263655,MPRM_13041984
40,0,5,4,1,1,0.75,266972,267739,270105,MPRM_13041984
41,0,3,4,2,0,0.75,274105,274923,277371,MPRM_13041984
42,0,3,3,1,1,0.75,280604,281035,282904,MPRM_13041984
43,0,7,4,1,1,0.75,286454,286859,288521,MPRM_13041984
44,0,2,5,1,1,0.75,291820,292203,294420,MPRM_13041984
45,0,4,5,1,1,0.75,297787,298379,300320,MPRM_13041984
46,0,6,5,1,1,0.75,303853,304587,306320,MPRM_13041984
47,0,5,2,1,0,0.75,309686,310283,312370,MPRM_13041984
48,0,6,2,2,1,0.75,316436,317003,318586,MPRM_13041984
49,0,3,8,2,0,0.75,321886,322731,324852,MPRM_13041984
50,0,2,2,1,1,0.75,328719,329771,331769,MPRM_13041984
51,0,4,4,1,1,0.75,335419,336394,338802,MPRM_13041984
52,0,3,3,1,1,0.75,342802,343466,345568,MPRM_13041984
53,0,5,5,1,1,0.75,349135,349722,351401,MPRM_13041984
54,0,3,5,1,1,0.75,354968,355658,358068,MPRM_13041984
55,0,5,5,1,1,0.75,361868,362330,363917,MPRM_13041984
56,0,2,2,1,1,0.75,367601,368106,369717,MPRM_13041984
57,1,6,2,2,1,0.25,373384,374426,376184,MPRM_13041984
58,1,2,3,1,0,0.25,379533,380250,382717,MPRM_13041984
59,1,3,4,2,0,0.25,385983,387498,389600,MPRM_13041984
60,1,8,7,2,0,0.25,393366,394186,395766,MPRM_13041984
61,1,3,8,1,0,0.25,399216,399562,401516,MPRM_13041984
62,1,2,6,2,1,0.25,404966,405946,408049,MPRM_13041984
63,1,8,6,2,0,0.25,411299,411914,414149,MPRM_13041984
64,1,3,2,1,0,0.25,417898,418378,420582,MPRM_13041984
65,1,3,7,1,0,0.25,424248,424986,426648,MPRM_13041984
66,1,3,5,2,1,0.25,430131,430682,432281,MPRM_13041984
67,1,5,6,2,1,0.25,436031,436570,438198,MPRM_13041984
68,1,5,4,2,1,0.25,441397,441994,444097,MPRM_13041984
69,0,6,6,1,1,0.85,459280,460906,462780,MPRM_13041984
70,0,3,4,1,1,0.85,466796,467418,469430,MPRM_13041984
71,0,3,2,1,0,0.85,473196,473610,476013,MPRM_13041984
72,0,2,4,1,1,0.85,479513,480105,482379,MPRM_13041984
73,0,4,4,1,1,0.85,485612,486345,488362,MPRM_13041984
74,0,8,6,2,0,0.85,492195,493033,495062,MPRM_13041984
75,0,4,5,1,1,0.85,498262,498905,501328,MPRM_13041984
76,0,4,6,1,1,0.85,505228,505593,507611,MPRM_13041984
77,0,7,3,1,1,0.85,511145,511897,514028,MPRM_13041984
78,0,6,4,1,1,0.85,517711,518217,519794,MPRM_13041984
79,0,8,3,1,1,0.85,522944,523417,525761,MPRM_13041984
80,0,2,7,1,1,0.85,528860,529545,531244,MPRM_13041984
81,0,4,6,1,1,0.85,534477,534825,537143,MPRM_13041984
82,0,3,6,1,1,0.85,540577,541273,543693,MPRM_13041984
83,0,5,7,1,1,0.85,546843,547337,549426,MPRM_13041984
84,0,5,2,1,1,0.85,552943,553289,555759,MPRM_13041984
85,0,5,6,1,1,0.85,559092,559641,561659,MPRM_13041984
86,0,3,2,1,0,0.85,564859,565529,567509,MPRM_13041984
87,1,6,7,2,1,0.15,571509,571897,573442,MPRM_13041984
88,1,5,5,2,1,0.15,577292,577721,579725,MPRM_13041984
89,1,5,6,2,1,0.15,583225,583593,585391,MPRM_13041984
90,1,8,7,2,1,0.15,589025,589465,591691,MPRM_13041984
91,1,6,4,2,1,0.15,595458,595929,598291,MPRM_13041984
92,1,8,2,2,1,0.15,601607,602297,603924,MPRM_13041984
93,1,5,2,2,1,0.15,607907,608505,610574,MPRM_13041984
94,1,2,8,2,1,0.15,613824,614201,616190,MPRM_13041984
95,1,6,5,2,1,0.15,619907,620297,622290,MPRM_13041984
96,1,2,3,2,1,0.15,625606,625993,627823,MPRM_13041984
97,1,6,5,2,1,0.15,631689,632264,633889,MPRM_13041984
98,1,5,4,2,1,0.15,637739,638088,639889,MPRM_13041984
99,1,6,4,1,1,0.75,654238,654936,656938,MPRM_13041984
100,1,3,6,1,1,0.75,660772,662568,664905,MPRM_13041984
101,1,4,6,1,1,0.75,668488,668856,670504,MPRM_13041984
102,1,2,4,1,1,0.75,674054,674456,676038,MPRM_13041984
103,1,3,6,1,1,0.75,679187,679688,681671,MPRM_13041984
104,1,5,2,1,1,0.75,685470,685848,687454,MPRM_13041984
105,1,5,6,1,1,0.75,691120,691640,693853,MPRM_13041984
106,1,7,5,1,1,0.75,697070,697576,699387,MPRM_13041984
107,1,5,7,1,1,0.75,703003,703416,705686,MPRM_13041984
108,1,7,6,1,1,0.75,708853,709256,711453,MPRM_13041984
109,1,5,2,1,1,0.75,714586,714920,716486,MPRM_13041984
110,1,3,8,1,1,0.75,720452,720856,723352,MPRM_13041984
111,1,7,4,1,1,0.75,727402,727928,729469,MPRM_13041984
112,1,3,2,1,1,0.75,732552,733448,735668,MPRM_13041984
113,1,5,2,1,1,0.75,739668,740168,742218,MPRM_13041984
114,1,3,5,1,1,0.75,745451,745816,748184,MPRM_13041984
115,1,7,5,1,1,0.75,751418,751768,753868,MPRM_13041984
116,0,3,3,1,0,0.25,757884,758328,760367,MPRM_13041984
117,0,2,6,2,0,0.25,764167,764472,766667,MPRM_13041984
118,0,3,5,1,1,0.25,770334,770632,772817,MPRM_13041984
119,0,6,8,1,1,0.25,776200,776520,778400,MPRM_13041984
120,0,7,3,1,1,0.25,782450,782855,784466,MPRM_13041984
121,0,8,7,1,0,0.25,787933,788279,790016,MPRM_13041984
122,0,5,2,2,0,0.25,793416,794071,796466,MPRM_13041984
123,0,2,8,1,1,0.25,800216,800567,802332,MPRM_13041984
124,0,3,8,1,0,0.25,806315,806679,808349,MPRM_13041984
125,0,5,8,2,1,0.25,812015,812359,814598,MPRM_13041984
126,0,6,6,2,1,0.25,818431,818775,820648,MPRM_13041984
127,0,7,6,2,0,0.25,824365,824695,826814,MPRM_13041984
128,0,2,4,1,0,0.25,829948,830279,832381,MPRM_13041984
1,1,6,8,1,1,0.75,5749,8270,10566,N_LS_15111975
2,1,3,3,1,1,0.75,14016,14430,16932,N_LS_15111975
3,1,7,8,1,0,0.75,20382,21374,23148,N_LS_15111975
4,1,2,7,1,0,0.75,26998,27950,29682,N_LS_15111975
5,1,2,8,2,0,0.75,33081,33630,35248,N_LS_15111975
6,1,3,8,1,1,0.75,38981,39646,42081,N_LS_15111975
7,1,4,4,1,0,0.75,45397,46014,48231,N_LS_15111975
8,1,3,7,1,1,0.75,51814,52254,54564,N_LS_15111975
9,1,4,5,1,1,0.75,57714,58414,60130,N_LS_15111975
10,1,6,2,1,1,0.75,63897,64462,66547,N_LS_15111975
11,1,3,3,1,0,0.75,70396,71070,73530,N_LS_15111975
12,1,8,8,1,1,0.75,77296,77693,79296,N_LS_15111975
13,1,2,7,1,1,0.75,82463,83133,85379,N_LS_15111975
14,1,7,2,1,1,0.75,89146,89677,91329,N_LS_15111975
15,1,4,3,1,0,0.75,95029,95693,97545,N_LS_15111975
16,1,5,3,1,1,0.75,101512,101917,103945,N_LS_15111975
17,1,8,7,1,1,0.75,107411,108109,110061,N_LS_15111975
18,1,5,6,1,1,0.75,113761,114253,116461,N_LS_15111975
19,0,5,2,1,0,0.25,120528,121085,122927,N_LS_15111975
20,0,7,2,1,1,0.25,126661,127069,128994,N_LS_15111975
21,0,8,6,1,0,0.25,132694,133565,135410,N_LS_15111975
22,0,5,7,1,1,0.25,138560,139117,141527,N_LS_15111975
23,0,2,7,1,1,0.25,145110,145533,148010,N_LS_15111975
24,0,8,6,1,0,0.25,151409,152173,153959,N_LS_15111975
25,0,7,4,1,1,0.25,158009,158541,160276,N_LS_15111975
26,0,5,5,1,0,0.25,164292,165021,166575,N_LS_15111975
27,0,3,4,1,1,0.25,170509,171181,173042,N_LS_15111975
28,0,3,4,1,1,0.25,176958,177741,179775,N_LS_15111975
29,0,2,5,1,0,0.25,183708,184221,186558,N_LS_15111975
30,0,7,7,1,0,0.25,189908,190620,192624,N_LS_15111975
31,0,4,7,1,0,0.25,196324,196700,198324,N_LS_15111975
32,1,2,5,2,1,0.25,212823,215596,217957,N_LS_15111975
33,1,5,2,2,1,0.25,221606,222460,224190,N_LS_15111975
34,1,5,2,2,1,0.25,228223,228684,230906,N_LS_15111975
35,1,4,4,2,1,0.25,234806,235660,237889,N_LS_15111975
36,1,6,3,2,0,0.25,241472,242476,244639,N_LS_15111975
37,1,5,8,2,0,0.25,247689,249100,250922,N_LS_15111975
38,1,5,5,2,1,0.25,254172,254812,256871,N_LS_15111975
39,1,3,5,2,1,0.25,260455,261516,263938,N_LS_15111975
40,1,3,8,2,0,0.25,267654,268284,270254,N_LS_15111975
41,1,8,3,2,1,0.25,274237,274876,276421,N_LS_15111975
42,1,6,4,2,1,0.25,280304,280924,282604,N_LS_15111975
43,1,7,3,2,0,0.25,285937,286332,288337,N_LS_15111975
44,1,4,3,2,0,0.25,291970,292348,294553,N_LS_15111975
45,1,8,4,2,1,0.25,298286,298619,300819,N_LS_15111975
46,1,5,4,2,1,0.25,303969,304443,306869,N_LS_15111975
47,1,6,2,2,0,0.25,310436,310827,313086,N_LS_15111975
48,1,5,8,2,1,0.25,316452,316811,318385,N_LS_15111975
49,0,6,5,2,0,0.75,321769,322251,324102,N_LS_15111975
50,0,2,6,2,0,0.75,327585,327979,329768,N_LS_15111975
51,0,6,6,2,0,0.75,333068,333755,335401,N_LS_15111975
52,0,5,3,1,0,0.75,338668,339179,340818,N_LS_15111975
53,0,4,8,2,0,0.75,344251,344667,346434,N_LS_15111975
54,0,2,4,1,1,0.75,349667,350107,351734,N_LS_15111975
55,0,3,4,1,1,0.75,355717,356107,358400,N_LS_15111975
56,0,5,6,1,1,0.75,362067,362411,364183,N_LS_15111975
57,0,4,5,1,0,0.75,367617,367963,369733,N_LS_15111975
58,0,6,2,1,0,0.75,373783,374107,376616,N_LS_15111975
59,0,7,5,2,1,0.75,380133,380443,382333,N_LS_15111975
60,0,3,6,2,0,0.75,385416,385771,387382,N_LS_15111975
61,0,6,3,2,0,0.75,391199,391611,393582,N_LS_15111975
62,0,8,5,1,0,0.15,407298,408731,411098,N_LS_15111975
63,0,4,6,2,1,0.15,414631,415002,416664,N_LS_15111975
64,0,6,2,2,1,0.15,420564,421146,423631,N_LS_15111975
65,0,2,2,2,1,0.15,427381,427834,430014,N_LS_15111975
66,0,5,7,2,1,0.15,433247,433930,436230,N_LS_15111975
67,0,6,2,2,1,0.15,440180,440858,442880,N_LS_15111975
68,0,3,5,2,0,0.15,446413,447002,448680,N_LS_15111975
69,0,4,8,2,0,0.15,452313,452650,454263,N_LS_15111975
70,0,2,8,1,1,0.15,458029,459850,461862,N_LS_15111975
71,0,5,2,1,0,0.15,465596,466010,468029,N_LS_15111975
72,0,4,8,2,1,0.15,471162,472042,474178,N_LS_15111975
73,0,2,3,2,1,0.15,478095,478778,481011,N_LS_15111975
74,0,8,3,2,1,0.15,484645,485210,487695,N_LS_15111975
75,0,8,4,2,1,0.15,491178,491850,493861,N_LS_15111975
76,0,2,8,1,0,0.15,497244,497706,499427,N_LS_15111975
77,0,5,5,2,1,0.15,503327,503722,505410,N_LS_15111975
78,1,5,2,2,0,0.85,509027,509722,511877,N_LS_15111975
79,1,2,3,2,0,0.85,515310,515962,518243,N_LS_15111975
80,1,4,7,1,1,0.85,522110,523194,524926,N_LS_15111975
81,1,8,2,1,1,0.85,528743,529881,532359,N_LS_15111975
82,1,8,3,1,1,0.85,535909,536297,538692,N_LS_15111975
83,1,8,7,1,1,0.85,542259,542953,545159,N_LS_15111975
84,1,6,5,2,0,0.85,548442,549161,551058,N_LS_15111975
85,1,4,3,1,1,0.85,554642,555337,557825,N_LS_15111975
86,1,5,2,1,0,0.85,561158,561753,564024,N_LS_15111975
87,1,4,3,1,1,0.85,567141,567753,569358,N_LS_15111975
88,1,3,4,1,1,0.85,572607,572969,575091,N_LS_15111975
89,1,2,6,1,1,0.85,578674,579113,581090,N_LS_15111975
90,1,3,4,1,0,0.85,584174,584585,587073,N_LS_15111975
91,1,8,5,2,0,0.85,590307,590745,593240,N_LS_15111975
92,1,6,6,1,1,0.85,596456,596937,598790,N_LS_15111975
93,1,6,6,1,1,0.85,602023,602473,604173,N_LS_15111975
94,0,7,7,2,1,0.85,613206,614873,616505,N_LS_15111975
95,0,4,3,2,0,0.85,620055,620537,622289,N_LS_15111975
96,0,2,4,2,0,0.85,625922,626265,628172,N_LS_15111975
97,0,3,3,1,1,0.85,632021,632393,634821,N_LS_15111975
98,0,8,3,1,0,0.85,638521,638905,640671,N_LS_15111975
99,0,5,2,1,1,0.85,644321,644824,647187,N_LS_15111975
100,0,5,3,1,1,0.85,650587,650984,653004,N_LS_15111975
101,0,6,3,1,1,0.85,656920,657640,660087,N_LS_15111975
102,0,6,7,1,1,0.85,663187,664488,666887,N_LS_15111975
103,0,5,7,1,1,0.85,670320,670904,672653,N_LS_15111975
104,0,4,7,1,1,0.85,676020,676760,678803,N_LS_15111975
105,0,8,6,1,1,0.85,682153,682552,684436,N_LS_15111975
106,0,7,6,1,1,0.85,687886,688392,690086,N_LS_15111975
107,0,7,4,1,1,0.85,693319,694040,696235,N_LS_15111975
108,0,2,3,1,1,0.85,699602,699976,701802,N_LS_15111975
109,0,2,6,1,1,0.85,704952,705672,707585,N_LS_15111975
110,0,8,5,1,1,0.85,711035,711608,713568,N_LS_15111975
111,0,5,6,1,1,0.85,717601,718008,719651,N_LS_15111975
112,0,5,7,1,0,0.85,723301,723720,725634,N_LS_15111975
113,0,7,2,2,0,0.85,729667,732200,734050,N_LS_15111975
114,0,8,3,1,1,0.85,737517,738024,740017,N_LS_15111975
115,1,3,4,1,0,0.15,743300,743896,745533,N_LS_15111975
116,1,6,3,1,0,0.15,749316,749784,752099,N_LS_15111975
117,1,4,4,2,1,0.15,756133,756504,758649,N_LS_15111975
118,1,7,6,2,1,0.15,762682,763527,765749,N_LS_15111975
119,1,8,6,2,1,0.15,769532,770551,772532,N_LS_15111975
120,1,5,7,2,1,0.15,775932,776439,778082,N_LS_15111975
121,1,4,8,2,1,0.15,781448,783191,785215,N_LS_15111975
122,1,3,4,2,1,0.15,788614,789303,791231,N_LS_15111975
123,1,2,6,2,1,0.15,795131,795703,797264,N_LS_15111975
124,1,5,5,2,1,0.15,800814,801479,803164,N_LS_15111975
125,1,7,5,2,1,0.15,806664,807111,808797,N_LS_15111975
126,1,2,6,2,1,0.15,812530,813383,815613,N_LS_15111975
127,1,4,3,2,0,0.15,818996,819975,822130,N_LS_15111975
1,1,8,3,1,0,0.15,6916,9064,11149,PGTR_30081986
2,1,2,5,2,1,0.15,14749,15352,17282,PGTR_30081986
3,1,4,7,2,1,0.15,20582,22280,24332,PGTR_30081986
4,1,8,4,2,1,0.15,27798,29656,31265,PGTR_30081986
5,1,7,6,2,0,0.15,35231,36392,37948,PGTR_30081986
6,1,3,8,2,1,0.15,41614,42088,44014,PGTR_30081986
7,1,5,6,2,1,0.15,48014,48488,50231,PGTR_30081986
8,1,5,8,2,0,0.15,53881,54616,56947,PGTR_30081986
9,1,3,3,2,1,0.15,60914,61624,63247,PGTR_30081986
10,1,2,6,2,1,0.15,67030,67752,69580,PGTR_30081986
11,1,8,2,1,0,0.15,73546,74168,76096,PGTR_30081986
12,1,3,4,2,1,0.15,79679,80120,82279,PGTR_30081986
13,1,6,4,2,0,0.15,86163,87112,89129,PGTR_30081986
14,1,5,3,2,1,0.15,92379,93000,94762,PGTR_30081986
15,1,8,4,2,0,0.15,97979,99160,101012,PGTR_30081986
16,1,2,5,1,0,0.15,104895,105320,107578,PGTR_30081986
17,0,4,5,2,0,0.85,111195,111512,113928,PGTR_30081986
18,0,5,6,2,0,0.85,117311,118567,121078,PGTR_30081986
19,0,7,7,1,0,0.85,124944,125303,127027,PGTR_30081986
20,0,6,6,1,1,0.85,130977,131335,133494,PGTR_30081986
21,0,8,6,1,1,0.85,137227,138007,139577,PGTR_30081986
22,0,8,2,1,1,0.85,143243,143799,145360,PGTR_30081986
23,0,4,5,2,0,0.85,148593,149191,150926,PGTR_30081986
24,0,8,3,1,1,0.85,154610,155111,157060,PGTR_30081986
25,0,5,4,1,1,0.85,160926,161527,163609,PGTR_30081986
26,0,3,7,1,0,0.85,166676,168807,170942,PGTR_30081986
27,0,6,5,1,1,0.85,174109,174663,176325,PGTR_30081986
28,0,4,2,1,1,0.85,179792,181527,183975,PGTR_30081986
29,0,4,4,1,1,0.85,187642,188311,190141,PGTR_30081986
30,1,5,2,1,0,0.75,202141,204487,206491,PGTR_30081986
31,1,5,6,1,1,0.75,210124,210455,212740,PGTR_30081986
32,1,3,6,1,1,0.75,216174,216919,219074,PGTR_30081986
33,1,2,4,1,1,0.75,222623,223303,225207,PGTR_30081986
34,1,5,8,1,0,0.75,228406,229223,230773,PGTR_30081986
35,1,8,2,2,1,0.75,234690,236711,238889,PGTR_30081986
36,1,3,8,2,1,0.75,242539,243271,245756,PGTR_30081986
37,1,2,3,2,1,0.75,249222,249783,251472,PGTR_30081986
38,1,6,3,1,1,0.75,255472,255911,258405,PGTR_30081986
39,1,8,3,1,1,0.75,261872,262375,264655,PGTR_30081986
40,1,7,5,1,0,0.75,267771,268662,270505,PGTR_30081986
41,1,2,3,2,1,0.75,273971,274374,275938,PGTR_30081986
42,1,3,8,2,0,0.75,279454,279846,281654,PGTR_30081986
43,1,4,6,1,1,0.75,285054,286294,288621,PGTR_30081986
44,1,2,2,2,0,0.75,291920,292262,293920,PGTR_30081986
45,1,4,4,1,1,0.75,297570,298070,299720,PGTR_30081986
46,1,5,6,1,1,0.75,303320,304070,306570,PGTR_30081986
47,0,4,4,1,0,0.25,309720,310294,312436,PGTR_30081986
48,0,4,7,2,1,0.25,315769,316182,318386,PGTR_30081986
49,0,3,2,2,1,0.25,321553,321942,323486,PGTR_30081986
50,0,5,8,2,1,0.25,326969,327606,329786,PGTR_30081986
51,0,3,4,2,0,0.25,333102,333846,336169,PGTR_30081986
52,0,2,7,1,0,0.25,339268,339782,342018,PGTR_30081986
53,0,8,2,2,1,0.25,345068,345430,347001,PGTR_30081986
54,0,3,6,2,0,0.25,350785,352534,354351,PGTR_30081986
55,0,4,7,1,0,0.25,358218,358678,360551,PGTR_30081986
56,0,8,7,2,0,0.25,364417,364822,366867,PGTR_30081986
57,0,3,3,2,1,0.25,370417,371062,373350,PGTR_30081986
58,0,5,3,2,1,0.25,376400,376886,378567,PGTR_30081986
59,1,5,5,2,0,0.85,384533,385206,387600,PGTR_30081986
60,1,7,2,1,1,0.85,391600,392310,394649,PGTR_30081986
61,1,2,7,1,1,0.85,398266,398726,400283,PGTR_30081986
62,1,2,5,1,1,0.85,403382,404134,405949,PGTR_30081986
63,1,2,2,1,0,0.85,409965,413638,416065,PGTR_30081986
64,1,2,5,1,1,0.85,419315,419717,421865,PGTR_30081986
65,1,8,3,1,0,0.85,425081,425461,427898,PGTR_30081986
66,1,2,4,2,0,0.85,431281,431765,433348,PGTR_30081986
67,1,4,8,1,1,0.85,436748,437045,439348,PGTR_30081986
68,1,8,7,1,1,0.85,443214,443509,445381,PGTR_30081986
69,1,4,4,1,1,0.85,448414,449045,450764,PGTR_30081986
70,1,5,8,1,1,0.85,453864,457445,459813,PGTR_30081986
71,1,3,6,1,1,0.85,463196,464085,466413,PGTR_30081986
72,1,7,7,1,1,0.85,469696,470149,472646,PGTR_30081986
73,1,2,7,2,1,0.85,476579,477157,479029,PGTR_30081986
74,1,6,4,1,0,0.85,482662,483285,485196,PGTR_30081986
75,0,7,2,2,0,0.15,488512,488869,490495,PGTR_30081986
76,0,3,8,1,0,0.15,493862,494261,495862,PGTR_30081986
77,0,6,3,1,1,0.15,499428,499845,501812,PGTR_30081986
78,0,3,8,1,0,0.15,505428,506597,508478,PGTR_30081986
79,0,6,5,2,0,0.15,511728,513029,514744,PGTR_30081986
80,0,6,3,2,1,0.15,518761,519125,521461,PGTR_30081986
81,0,3,6,1,0,0.15,524894,525301,526960,PGTR_30081986
82,0,8,2,1,0,0.15,530427,531397,533610,PGTR_30081986
83,0,6,5,2,1,0.15,536810,537109,539577,PGTR_30081986
84,0,3,6,2,1,0.15,543393,543685,545876,PGTR_30081986
85,0,6,2,2,1,0.15,549809,550133,552243,PGTR_30081986
86,0,3,7,1,0,0.15,555809,556389,558459,PGTR_30081986
87,0,8,4,2,1,0.15,561976,562357,564442,PGTR_30081986
88,0,2,3,1,1,0.15,567842,568549,570825,PGTR_30081986
89,0,3,4,2,1,0.15,574342,574884,577042,PGTR_30081986
90,0,5,6,2,1,0.15,580792,581332,583591,PGTR_30081986
91,0,5,4,1,1,0.75,595074,596308,598457,PGTR_30081986
92,0,3,2,2,0,0.75,602157,603316,605490,PGTR_30081986
93,0,6,6,1,1,0.75,609174,609620,612090,PGTR_30081986
94,0,7,3,1,1,0.75,615540,615876,617523,PGTR_30081986
95,0,5,4,1,0,0.75,620740,621252,623423,PGTR_30081986
96,0,7,5,1,0,0.75,626690,627236,629039,PGTR_30081986
97,0,7,3,2,0,0.75,632689,632980,635289,PGTR_30081986
98,0,2,4,1,1,0.75,638922,639252,641406,PGTR_30081986
99,0,3,3,2,0,0.75,645039,645412,647305,PGTR_30081986
100,0,4,3,1,1,0.75,650789,651156,652822,PGTR_30081986
101,0,5,7,1,1,0.75,656372,656980,659438,PGTR_30081986
102,0,7,6,2,0,0.75,662688,662996,664655,PGTR_30081986
103,0,3,5,1,1,0.75,668654,669140,670721,PGTR_30081986
104,0,7,4,1,0,0.75,674688,675652,677687,PGTR_30081986
105,0,5,3,2,0,0.75,681071,681796,683787,PGTR_30081986
106,0,6,6,1,1,0.75,687687,688052,689804,PGTR_30081986
107,0,8,4,1,1,0.75,693603,695268,697770,PGTR_30081986
108,0,4,7,1,1,0.75,701320,703140,704920,PGTR_30081986
109,1,6,2,1,0,0.25,708186,709748,711936,PGTR_30081986
110,1,3,6,2,0,0.25,715502,716980,719352,PGTR_30081986
111,1,4,6,1,0,0.25,723069,724275,726119,PGTR_30081986
112,1,3,7,2,1,0.25,730102,730611,732285,PGTR_30081986
113,1,5,4,2,0,0.25,736235,737571,740018,PGTR_30081986
114,1,7,4,1,1,0.25,743518,744035,745901,PGTR_30081986
115,1,8,6,1,0,0.25,749251,750611,752934,PGTR_30081986
116,1,8,6,1,0,0.25,756867,757635,759834,PGTR_30081986
117,1,4,7,2,1,0.25,762934,764307,766167,PGTR_30081986
118,1,2,3,1,0,0.25,769917,770691,772950,PGTR_30081986
119,1,5,2,2,0,0.25,776033,777203,779416,PGTR_30081986
120,1,7,8,2,1,0.25,783233,785043,787283,PGTR_30081986
121,1,2,4,2,0,0.25,790799,791891,793699,PGTR_30081986
122,1,6,5,1,1,0.25,797266,797939,799532,PGTR_30081986
123,1,8,6,1,0,0.25,802582,803699,806215,PGTR_30081986
124,1,2,4,1,0,0.25,809948,812131,814182,PGTR_30081986
125,1,3,2,2,1,0.25,817365,818995,821248,PGTR_30081986
1,0,8,4,2,0,0.75,8399,9780,11316,PMRF_18051979
2,0,4,7,2,0,0.75,15299,17396,19282,PMRF_18051979
3,0,3,5,1,1,0.75,22732,24548,26348,PMRF_18051979
4,0,6,5,1,1,0.75,30398,31028,32631,PMRF_18051979
5,0,8,8,1,1,0.75,36548,37332,39531,PMRF_18051979
6,0,8,2,1,1,0.75,42631,43204,45448,PMRF_18051979
7,0,8,6,1,1,0.75,48514,49204,51047,PMRF_18051979
8,0,4,4,1,0,0.75,54697,55076,56864,PMRF_18051979
9,0,2,4,1,1,0.75,60797,61284,62897,PMRF_18051979
10,0,6,2,1,1,0.75,66697,67220,69030,PMRF_18051979
11,0,6,5,1,1,0.75,72363,72804,75213,PMRF_18051979
12,0,2,5,1,1,0.75,78496,79124,81429,PMRF_18051979
13,0,2,6,1,1,0.75,85446,85828,87762,PMRF_18051979
14,0,2,8,1,1,0.75,91679,92275,94762,PMRF_18051979
15,0,5,7,1,1,0.75,97845,98483,101012,PMRF_18051979
16,0,7,2,1,0,0.75,104878,105459,107745,PMRF_18051979
17,0,2,4,1,0,0.75,111578,112179,114211,PMRF_18051979
18,0,6,2,1,1,0.75,117561,118627,120911,PMRF_18051979
19,0,5,6,1,0,0.75,124278,124387,126028,PMRF_18051979
20,1,2,7,2,1,0.25,129944,130435,132394,PMRF_18051979
21,1,5,8,2,1,0.25,136077,136659,139144,PMRF_18051979
22,1,7,7,2,1,0.25,142260,142819,144560,PMRF_18051979
23,1,7,3,2,1,0.25,148093,148611,150493,PMRF_18051979
24,1,2,3,2,1,0.25,153793,154323,156193,PMRF_18051979
25,1,4,3,2,0,0.25,159309,159859,162276,PMRF_18051979
26,1,8,6,2,1,0.25,166076,166595,169076,PMRF_18051979
27,1,3,8,2,0,0.25,172992,173795,176075,PMRF_18051979
28,1,2,4,2,1,0.25,179442,181091,183025,PMRF_18051979
29,1,7,8,2,0,0.25,186892,187603,189441,PMRF_18051979
30,1,6,3,1,0,0.25,192575,193091,195308,PMRF_18051979
31,1,8,2,1,0,0.25,199224,199763,201624,PMRF_18051979
32,1,4,5,2,1,0.25,204908,206227,208524,PMRF_18051979
33,1,8,7,2,0,0.25,212407,212979,215357,PMRF_18051979
34,1,8,2,2,1,0.25,219324,219923,221807,PMRF_18051979
35,1,4,3,2,1,0.25,225457,226243,228523,PMRF_18051979
36,0,5,7,2,1,0.15,244339,245810,248006,PMRF_18051979
37,0,3,3,2,0,0.15,251706,252418,254022,PMRF_18051979
38,0,2,2,2,1,0.15,257489,258274,260355,PMRF_18051979
39,0,2,5,2,1,0.15,263905,264626,267038,PMRF_18051979
40,0,8,4,2,0,0.15,270788,271298,273288,PMRF_18051979
41,0,2,3,1,0,0.15,276505,277186,279021,PMRF_18051979
42,0,6,3,1,0,0.15,282504,283298,285504,PMRF_18051979
43,0,6,2,2,1,0.15,289137,289762,291571,PMRF_18051979
44,0,3,4,2,1,0.15,295570,296162,297937,PMRF_18051979
45,0,6,5,2,1,0.15,301637,302450,304503,PMRF_18051979
46,0,2,7,2,0,0.15,308470,308930,310886,PMRF_18051979
47,0,8,6,2,1,0.15,314536,316178,318519,PMRF_18051979
48,0,7,2,2,1,0.15,322169,323154,325252,PMRF_18051979
49,0,4,3,2,1,0.15,328569,330658,332269,PMRF_18051979
50,0,2,3,2,0,0.15,335902,337698,339419,PMRF_18051979
51,0,2,5,2,1,0.15,343185,344610,346535,PMRF_18051979
52,1,6,3,2,0,0.85,349635,351234,352918,PMRF_18051979
53,1,2,5,2,0,0.85,356118,358034,359601,PMRF_18051979
54,1,2,4,1,1,0.85,363301,364642,367051,PMRF_18051979
55,1,6,3,1,1,0.85,371084,373362,375434,PMRF_18051979
56,1,7,4,1,1,0.85,379350,381234,382950,PMRF_18051979
57,1,7,3,1,1,0.85,386100,387522,389133,PMRF_18051979
58,1,7,8,1,1,0.85,392516,393777,395866,PMRF_18051979
59,1,7,2,1,0,0.85,399916,403217,405066,PMRF_18051979
60,1,5,7,1,1,0.85,409066,411985,414115,PMRF_18051979
61,1,2,6,1,0,0.85,418015,419441,421348,PMRF_18051979
62,1,3,7,1,1,0.85,424998,426433,428631,PMRF_18051979
63,1,8,7,1,1,0.85,432648,434321,436814,PMRF_18051979
64,1,7,2,2,0,0.85,440298,442177,443981,PMRF_18051979
65,1,2,5,1,0,0.85,447714,448801,451314,PMRF_18051979
66,1,4,8,1,1,0.85,455347,456993,459330,PMRF_18051979
67,1,5,4,1,1,0.75,475313,477409,479796,PMRF_18051979
68,1,5,8,1,0,0.75,483862,484817,486962,PMRF_18051979
69,1,3,2,1,1,0.75,490979,494497,496562,PMRF_18051979
70,1,5,7,1,1,0.75,500178,501121,503328,PMRF_18051979
71,1,6,8,1,0,0.75,506412,507569,509411,PMRF_18051979
72,1,7,4,1,1,0.75,512928,514513,516661,PMRF_18051979
73,1,3,5,2,0,0.75,520661,525393,527177,PMRF_18051979
74,1,7,6,1,1,0.75,530577,531393,533827,PMRF_18051979
75,1,5,7,1,1,0.75,537727,538320,540677,PMRF_18051979
76,1,5,6,1,1,0.75,544110,544784,547126,PMRF_18051979
77,1,3,8,1,1,0.75,550626,551248,552943,PMRF_18051979
78,1,4,2,1,1,0.75,556259,557792,560043,PMRF_18051979
79,1,2,7,1,0,0.75,563309,566096,567826,PMRF_18051979
80,1,6,2,1,0,0.75,571059,572672,574359,PMRF_18051979
81,1,6,4,2,1,0.75,577592,578832,581275,PMRF_18051979
82,1,6,5,2,0,0.75,584792,585872,588358,PMRF_18051979
83,1,6,8,2,1,0.75,591708,592352,594041,PMRF_18051979
84,1,5,4,2,0,0.75,597374,598032,599691,PMRF_18051979
85,1,5,3,2,0,0.75,603057,603664,606024,PMRF_18051979
86,1,8,7,1,1,0.75,609374,610256,612307,PMRF_18051979
87,0,6,3,1,0,0.25,615590,616016,618273,PMRF_18051979
88,0,4,6,1,0,0.25,621823,622400,624040,PMRF_18051979
89,0,2,8,2,1,0.25,627890,629968,632073,PMRF_18051979
90,0,4,5,2,1,0.25,636056,636672,638339,PMRF_18051979
91,0,4,4,2,1,0.25,642389,643136,644756,PMRF_18051979
92,0,3,3,2,1,0.25,648206,649216,651155,PMRF_18051979
93,0,4,7,2,1,0.25,655139,656496,658655,PMRF_18051979
94,0,2,8,2,1,0.25,662605,663872,666288,PMRF_18051979
95,0,8,7,2,1,0.25,669855,671136,673321,PMRF_18051979
96,0,3,3,2,1,0.25,677254,678591,680804,PMRF_18051979
97,0,5,8,1,0,0.25,684687,686815,688487,PMRF_18051979
98,0,7,4,2,1,0.25,691937,692767,694370,PMRF_18051979
99,0,3,4,2,0,0.25,698020,698831,700737,PMRF_18051979
100,1,8,4,2,0,0.15,717286,718767,720352,PMRF_18051979
101,1,6,5,1,0,0.15,723552,724719,726502,PMRF_18051979
102,1,5,2,1,0,0.15,729635,730463,732602,PMRF_18051979
103,1,8,5,2,1,0.15,736035,736591,738652,PMRF_18051979
104,1,5,7,2,1,0.15,742085,742671,744685,PMRF_18051979
105,1,5,6,2,1,0.15,748585,749359,750918,PMRF_18051979
106,1,8,3,2,1,0.15,754834,755631,758018,PMRF_18051979
107,1,3,3,2,1,0.15,761884,763135,765084,PMRF_18051979
108,1,7,2,2,1,0.15,768267,768975,770550,PMRF_18051979
109,1,7,4,2,1,0.15,774484,775279,776867,PMRF_18051979
110,1,8,6,2,1,0.15,780717,781535,783883,PMRF_18051979
111,1,4,7,2,0,0.15,787316,788127,790333,PMRF_18051979
112,1,8,4,2,0,0.15,794083,794911,796499,PMRF_18051979
113,1,8,5,1,0,0.15,800532,800895,802732,PMRF_18051979
114,1,2,3,1,0,0.15,806715,807135,808732,PMRF_18051979
115,1,7,7,1,0,0.15,812699,813247,815182,PMRF_18051979
116,0,7,5,2,1,0.85,818365,818847,820698,PMRF_18051979
117,0,4,8,2,0,0.85,824415,824815,826465,PMRF_18051979
118,0,8,5,2,0,0.85,829948,830654,832314,PMRF_18051979
119,0,7,6,2,0,0.85,835481,835934,838114,PMRF_18051979
120,0,4,4,1,1,0.85,841847,842686,844214,PMRF_18051979
121,0,4,7,1,1,0.85,847397,848190,850147,PMRF_18051979
122,0,7,6,1,1,0.85,853380,854174,855930,PMRF_18051979
123,0,8,3,1,1,0.85,859613,861646,863830,PMRF_18051979
124,0,5,2,1,1,0.85,867880,868910,870879,PMRF_18051979
125,0,2,7,1,1,0.85,874346,875342,877413,PMRF_18051979
126,0,8,6,1,1,0.85,880862,881870,883579,PMRF_18051979
127,0,3,3,1,1,0.85,887045,887966,889962,PMRF_18051979
128,0,4,5,1,0,0.85,893145,894126,896412,PMRF_18051979
1,0,2,5,1,1,0.75,10349,10550,12566,PSAV_10041994
2,0,7,2,1,0,0.75,16182,18182,19949,PSAV_10041994
3,0,6,8,1,1,0.75,23482,25846,28332,PSAV_10041994
4,0,2,4,1,1,0.75,31781,33654,35415,PSAV_10041994
5,0,3,5,1,1,0.75,39348,40502,42514,PSAV_10041994
6,0,5,6,1,1,0.75,46264,47286,49731,PSAV_10041994
7,0,2,3,1,1,0.75,52881,54390,56747,PSAV_10041994
8,0,3,5,1,1,0.75,60530,61686,63630,PSAV_10041994
9,0,3,8,1,0,0.75,66797,67206,69130,PSAV_10041994
10,0,5,3,1,1,0.75,72763,74566,76330,PSAV_10041994
11,0,7,3,1,0,0.75,79663,80966,83029,PSAV_10041994
12,0,8,7,1,1,0.75,86929,88630,90446,PSAV_10041994
13,0,2,3,1,1,0.75,94179,95398,97395,PSAV_10041994
14,0,7,8,1,1,0.75,101045,102310,104545,PSAV_10041994
15,0,5,8,1,1,0.75,108562,109446,111295,PSAV_10041994
16,0,7,4,1,1,0.75,114878,115734,117945,PSAV_10041994
17,0,3,3,1,1,0.75,121544,122470,124778,PSAV_10041994
18,0,2,2,1,1,0.75,128694,129718,132044,PSAV_10041994
19,0,7,7,1,1,0.75,136027,136598,138610,PSAV_10041994
20,0,3,7,1,0,0.75,142243,143222,145510,PSAV_10041994
21,0,3,8,2,0,0.75,149410,153109,155426,PSAV_10041994
22,0,4,5,1,1,0.75,159159,160325,161909,PSAV_10041994
23,0,6,5,1,1,0.75,165276,166069,167959,PSAV_10041994
24,1,8,4,1,0,0.25,171676,172373,174825,PSAV_10041994
25,1,3,2,1,0,0.25,178275,178981,181092,PSAV_10041994
26,1,2,8,2,0,0.25,184958,185813,188208,PSAV_10041994
27,1,7,3,1,0,0.25,191675,192901,194725,PSAV_10041994
28,1,5,2,1,0,0.25,197891,199557,201891,PSAV_10041994
29,1,2,8,2,1,0.25,205807,206293,208191,PSAV_10041994
30,1,2,2,2,1,0.25,212241,212901,215124,PSAV_10041994
31,1,7,2,2,0,0.25,219107,220357,222790,PSAV_10041994
32,1,4,7,2,1,0.25,226390,227237,229623,PSAV_10041994
33,1,7,5,2,1,0.25,233040,233781,236306,PSAV_10041994
34,1,5,8,2,1,0.25,240323,240901,243239,PSAV_10041994
35,1,3,7,2,0,0.25,246656,247093,249172,PSAV_10041994
36,1,5,4,1,0,0.15,265338,267717,270171,PSAV_10041994
37,1,3,7,2,1,0.15,273455,274181,276121,PSAV_10041994
38,1,7,8,2,1,0.15,280188,280725,282888,PSAV_10041994
39,1,8,3,2,1,0.15,286754,287733,289371,PSAV_10041994
40,1,7,8,2,1,0.15,293354,294053,295787,PSAV_10041994
41,1,4,8,2,1,0.15,299787,300437,302670,PSAV_10041994
42,1,7,7,2,1,0.15,305970,306884,309353,PSAV_10041994
43,1,2,5,2,1,0.15,313103,314564,316936,PSAV_10041994
44,1,4,4,2,1,0.15,320686,321908,324069,PSAV_10041994
45,1,5,8,2,1,0.15,327152,327860,329836,PSAV_10041994
46,1,4,2,2,0,0.15,333652,334916,336635,PSAV_10041994
47,1,8,4,1,0,0.15,340302,342308,343985,PSAV_10041994
48,1,5,5,2,1,0.15,347835,348756,350618,PSAV_10041994
49,1,3,2,2,1,0.15,353835,355108,356768,PSAV_10041994
50,1,5,3,2,0,0.15,360434,361300,363451,PSAV_10041994
51,1,8,6,1,0,0.15,366917,368196,369784,PSAV_10041994
52,1,2,5,2,1,0.15,372967,373652,375834,PSAV_10041994
53,1,4,5,2,1,0.15,379767,380308,382233,PSAV_10041994
54,0,5,5,2,1,0.85,386050,386804,389183,PSAV_10041994
55,0,2,5,2,1,0.85,392949,393604,395583,PSAV_10041994
56,0,4,2,2,0,0.85,399533,400516,402282,PSAV_10041994
57,0,3,8,2,0,0.85,405866,406676,409015,PSAV_10041994
58,0,5,4,1,1,0.85,412865,413524,415065,PSAV_10041994
59,0,8,5,1,1,0.85,419032,419748,421965,PSAV_10041994
60,0,2,8,1,1,0.85,425631,426836,429165,PSAV_10041994
61,0,6,4,1,1,0.85,432231,433012,434614,PSAV_10041994
62,0,3,3,1,1,0.85,438431,438996,440714,PSAV_10041994
63,0,8,8,1,0,0.85,444231,445524,447947,PSAV_10041994
64,0,5,6,1,1,0.85,451264,451780,453664,PSAV_10041994
65,0,2,6,1,1,0.85,457097,457988,459613,PSAV_10041994
66,0,3,6,1,1,0.85,463080,464083,466080,PSAV_10041994
67,1,4,3,1,1,0.75,481296,483075,485329,PSAV_10041994
68,1,3,3,1,1,0.75,488662,490387,492629,PSAV_10041994
69,1,3,7,1,1,0.75,496662,497827,500045,PSAV_10041994
70,1,2,6,1,1,0.75,503795,505491,507495,PSAV_10041994
71,1,3,5,1,1,0.75,510644,511475,513028,PSAV_10041994
72,1,8,7,1,1,0.75,517078,518307,520094,PSAV_10041994
73,1,2,2,1,1,0.75,523494,524611,526277,PSAV_10041994
74,1,6,4,1,1,0.75,529644,531171,532877,PSAV_10041994
75,1,2,8,1,0,0.75,536477,537539,540060,PSAV_10041994
76,1,3,5,1,1,0.75,543493,544163,546226,PSAV_10041994
77,1,4,3,1,1,0.75,549876,550051,552409,PSAV_10041994
78,1,7,5,1,0,0.75,555959,556819,558859,PSAV_10041994
79,1,5,7,1,1,0.75,562326,563683,565276,PSAV_10041994
80,1,4,5,1,1,0.75,568725,568867,571092,PSAV_10041994
81,1,3,8,1,0,0.75,574875,575411,577108,PSAV_10041994
82,1,5,2,1,0,0.75,581042,581779,583425,PSAV_10041994
83,1,3,2,2,0,0.75,586925,587859,589758,PSAV_10041994
84,1,6,5,1,1,0.75,593074,594099,595974,PSAV_10041994
85,1,2,8,1,1,0.75,599607,600163,601791,PSAV_10041994
86,1,6,4,1,1,0.75,605057,606499,608307,PSAV_10041994
87,0,2,5,1,0,0.25,611774,613458,615723,PSAV_10041994
88,0,8,5,1,0,0.25,618907,619586,621706,PSAV_10041994
89,0,7,3,2,1,0.25,625223,625778,627856,PSAV_10041994
90,0,6,8,2,1,0.25,631056,631634,633273,PSAV_10041994
91,0,2,5,2,1,0.25,636756,637202,639122,PSAV_10041994
92,0,4,3,2,1,0.25,642422,643138,645522,PSAV_10041994
93,0,5,5,2,0,0.25,648705,649458,651422,PSAV_10041994
94,0,2,7,2,0,0.25,654588,654978,657355,PSAV_10041994
95,0,6,5,2,1,0.25,661221,661506,663721,PSAV_10041994
96,0,4,7,2,1,0.25,667471,668178,670304,PSAV_10041994
97,0,7,4,2,1,0.25,673738,674898,676837,PSAV_10041994
98,0,6,7,2,1,0.25,680604,681410,683720,PSAV_10041994
99,0,6,2,2,1,0.25,687254,687970,689720,PSAV_10041994
100,1,5,6,2,0,0.85,704236,705410,707436,PSAV_10041994
101,1,6,2,1,1,0.85,710786,711266,713236,PSAV_10041994
102,1,7,3,1,1,0.85,716552,717842,719736,PSAV_10041994
103,1,6,4,1,1,0.85,723602,724434,726319,PSAV_10041994
104,1,2,2,1,1,0.85,729502,730498,732835,PSAV_10041994
105,1,8,4,1,1,0.85,736352,737218,739001,PSAV_10041994
106,1,3,8,1,0,0.85,742268,743682,746218,PSAV_10041994
107,1,5,2,1,1,0.85,750034,750674,752918,PSAV_10041994
108,1,4,4,1,1,0.85,756084,756930,759401,PSAV_10041994
109,1,3,5,1,1,0.85,762517,764018,766484,PSAV_10041994
110,1,6,7,1,1,0.85,769883,770929,773017,PSAV_10041994
111,1,6,2,1,1,0.85,776517,777121,779083,PSAV_10041994
112,1,8,3,1,1,0.85,782450,783393,785499,PSAV_10041994
113,1,7,7,1,1,0.85,788966,789665,791816,PSAV_10041994
114,1,5,7,1,1,0.85,795066,796097,798082,PSAV_10041994
115,1,7,7,1,1,0.85,801682,802689,805199,PSAV_10041994
116,1,3,7,1,1,0.85,809115,810337,812032,PSAV_10041994
117,1,5,7,1,1,0.85,815765,816545,818415,PSAV_10041994
118,1,3,4,1,1,0.85,822065,823057,824581,PSAV_10041994
119,1,7,7,1,1,0.85,827914,828817,831014,PSAV_10041994
120,1,5,5,1,1,0.85,835031,836305,837931,PSAV_10041994
121,0,6,3,1,0,0.15,841814,842753,844647,PSAV_10041994
122,0,3,6,1,0,0.15,848413,849921,851697,PSAV_10041994
123,0,7,2,1,0,0.15,855613,856705,858980,PSAV_10041994
124,0,6,4,2,1,0.15,862396,863169,865163,PSAV_10041994
125,0,8,4,2,1,0.15,868613,869121,871046,PSAV_10041994
126,0,6,8,2,1,0.15,874529,875041,876746,PSAV_10041994
127,0,8,6,2,1,0.15,880545,881185,883595,PSAV_10041994
128,0,6,5,2,1,0.15,887029,887825,890245,PSAV_10041994
129,0,5,7,2,1,0.15,894012,894625,896511,PSAV_10041994
130,0,4,5,2,1,0.15,900011,900817,903178,PSAV_10041994
131,0,4,8,2,1,0.15,906761,907377,909261,PSAV_10041994
132,0,8,6,2,1,0.15,912944,913664,915811,PSAV_10041994
1,1,7,8,2,1,0.15,7982,10393,11949,RACB_16111990
2,1,8,5,2,1,0.15,15049,16809,19265,RACB_16111990
3,1,2,8,2,1,0.15,23265,24537,26082,RACB_16111990
4,1,5,6,2,1,0.15,29232,33257,35715,RACB_16111990
5,1,4,7,2,1,0.15,39664,41673,43681,RACB_16111990
6,1,3,5,2,1,0.15,47431,50137,52364,RACB_16111990
7,1,4,2,2,1,0.15,56380,58505,60930,RACB_16111990
8,1,4,6,2,1,0.15,64630,66585,68996,RACB_16111990
9,1,4,4,2,1,0.15,72096,73657,75363,RACB_16111990
10,1,5,2,2,1,0.15,79046,80457,82413,RACB_16111990
11,1,8,6,2,0,0.15,85746,88841,91195,RACB_16111990
12,1,8,4,1,0,0.15,94562,97017,98978,RACB_16111990
13,1,3,8,2,1,0.15,102995,106777,109061,RACB_16111990
14,1,6,8,2,1,0.15,112378,114504,116378,RACB_16111990
15,1,7,4,2,1,0.15,120094,121496,123761,RACB_16111990
16,1,3,7,2,1,0.15,127677,129928,131794,RACB_16111990
17,1,4,6,2,1,0.15,135044,136392,138177,RACB_16111990
18,1,5,7,2,1,0.15,141627,142792,145293,RACB_16111990
19,1,8,8,2,1,0.15,149060,150760,152559,RACB_16111990
20,0,5,5,2,0,0.85,156093,157992,159859,RACB_16111990
21,0,8,5,2,0,0.85,163892,166088,168259,RACB_16111990
22,0,7,3,1,1,0.85,171475,174216,175892,RACB_16111990
23,0,8,3,1,1,0.85,179592,180984,182958,RACB_16111990
24,0,4,8,1,1,0.85,186891,188680,191074,RACB_16111990
25,0,8,8,1,1,0.85,194741,196184,198207,RACB_16111990
26,0,4,8,1,1,0.85,202224,203704,205540,RACB_16111990
27,0,4,6,1,1,0.85,209207,210328,211940,RACB_16111990
28,0,3,6,1,1,0.85,215307,216504,218440,RACB_16111990
29,0,2,3,1,1,0.85,221823,223384,225606,RACB_16111990
30,0,4,7,1,1,0.85,229623,235112,237189,RACB_16111990
31,0,3,8,1,1,0.85,240889,242023,243872,RACB_16111990
32,1,3,8,2,0,0.85,258788,260967,263338,RACB_16111990
33,1,6,4,1,1,0.85,267404,269799,272121,RACB_16111990
34,1,5,3,1,1,0.85,276037,277191,278837,RACB_16111990
35,1,5,4,1,1,0.85,282487,284903,287353,RACB_16111990
36,1,8,3,1,1,0.85,291103,292519,294603,RACB_16111990
37,1,4,2,1,1,0.85,298336,299367,301003,RACB_16111990
38,1,7,6,1,1,0.85,304936,306439,308569,RACB_16111990
39,1,6,6,1,1,0.85,312419,313319,315652,RACB_16111990
40,1,3,2,1,1,0.85,319452,320679,322252,RACB_16111990
41,1,6,7,1,1,0.85,325302,328679,330568,RACB_16111990
42,1,8,7,1,1,0.85,334351,335239,337535,RACB_16111990
43,1,5,2,1,1,0.85,340634,342023,344034,RACB_16111990
44,1,8,7,1,1,0.85,347634,348983,351301,RACB_16111990
45,1,4,6,1,1,0.85,354867,355639,357900,RACB_16111990
46,1,4,3,1,1,0.85,361100,362150,364500,RACB_16111990
47,1,3,2,1,1,0.85,367983,369190,371083,RACB_16111990
48,1,3,7,1,1,0.85,374166,375574,377883,RACB_16111990
49,1,3,4,1,0,0.85,381099,382342,384799,RACB_16111990
50,0,3,2,2,1,0.15,388599,390086,392065,RACB_16111990
51,0,4,2,2,1,0.15,395332,395558,397282,RACB_16111990
52,0,6,6,2,1,0.15,400548,402310,404165,RACB_16111990
53,0,4,5,2,1,0.15,407315,408550,410398,RACB_16111990
54,0,3,4,2,1,0.15,413581,414838,416981,RACB_16111990
55,0,4,7,2,1,0.15,421031,422006,424397,RACB_16111990
56,0,7,7,2,1,0.15,427814,429206,431180,RACB_16111990
57,0,8,3,2,0,0.15,435164,436054,438163,RACB_16111990
58,0,8,8,1,0,0.15,441680,442550,444163,RACB_16111990
59,0,5,3,2,1,0.15,447763,448214,450496,RACB_16111990
60,0,3,6,2,1,0.15,453713,454470,456913,RACB_16111990
61,0,7,8,2,0,0.15,460879,462166,464046,RACB_16111990
62,0,8,8,1,0,0.15,467379,468630,470579,RACB_16111990
63,0,3,2,1,0,0.25,484461,486165,488011,RACB_16111990
64,0,6,4,2,0,0.25,491861,492389,494761,RACB_16111990
65,0,2,4,2,1,0.25,498544,501813,503894,RACB_16111990
66,0,2,5,2,1,0.25,507294,508165,509744,RACB_16111990
67,0,7,6,2,0,0.25,513777,514821,516577,RACB_16111990
68,0,7,5,1,0,0.25,519826,520213,521976,RACB_16111990
69,0,2,7,1,0,0.25,525209,526453,528643,RACB_16111990
70,0,4,2,2,1,0.25,532543,533029,535292,RACB_16111990
71,0,8,2,2,1,0.25,538376,539605,541842,RACB_16111990
72,0,3,2,2,1,0.25,545159,546677,549025,RACB_16111990
73,0,8,6,2,1,0.25,552725,553349,555641,RACB_16111990
74,0,4,3,2,0,0.25,559558,561253,563058,RACB_16111990
75,0,3,4,1,1,0.25,567074,567813,569758,RACB_16111990
76,0,8,7,1,0,0.25,573491,573941,575857,RACB_16111990
77,0,6,7,2,1,0.25,578924,579445,581090,RACB_16111990
78,0,4,2,2,1,0.25,584757,585781,588090,RACB_16111990
79,1,6,5,2,0,0.75,591790,592853,595240,RACB_16111990
80,1,5,6,1,1,0.75,599173,600276,602206,RACB_16111990
81,1,2,2,1,1,0.75,605523,606996,608856,RACB_16111990
82,1,7,8,1,0,0.75,612056,612644,614222,RACB_16111990
83,1,2,3,2,0,0.75,617672,618980,621072,RACB_16111990
84,1,5,3,1,0,0.75,624855,625188,627522,RACB_16111990
85,1,8,7,1,1,0.75,630821,636196,638471,RACB_16111990
86,1,6,5,1,1,0.75,641771,642180,644504,RACB_16111990
87,1,6,8,1,0,0.75,648521,649428,651004,RACB_16111990
88,1,2,3,2,1,0.75,655020,655860,657870,RACB_16111990
89,1,2,3,2,0,0.75,661587,661988,664137,RACB_16111990
90,1,8,2,2,0,0.75,667870,671140,673053,RACB_16111990
91,1,4,7,1,0,0.75,676603,677012,679203,RACB_16111990
92,1,2,6,2,1,0.75,682536,684132,686069,RACB_16111990
93,1,8,5,2,1,0.75,689985,690548,692452,RACB_16111990
94,0,4,8,1,1,0.75,707185,710500,712434,RACB_16111990
95,0,2,3,1,1,0.75,715634,716580,718651,RACB_16111990
96,0,6,4,1,1,0.75,721867,722147,724051,RACB_16111990
97,0,3,2,1,1,0.75,727667,728019,729700,RACB_16111990
98,0,7,7,1,1,0.75,733550,734691,737033,RACB_16111990
99,0,5,2,1,0,0.75,740567,740851,743166,RACB_16111990
100,0,8,7,2,0,0.75,747200,747555,749283,RACB_16111990
101,0,3,5,1,0,0.75,752716,753587,755249,RACB_16111990
102,0,8,3,2,0,0.75,758499,759107,761499,RACB_16111990
103,0,3,8,2,0,0.75,764982,765315,767449,RACB_16111990
104,0,8,3,1,0,0.75,770849,772419,774782,RACB_16111990
105,0,3,5,1,0,0.75,778165,783699,786098,RACB_16111990
106,0,7,5,1,1,0.75,789964,792323,794131,RACB_16111990
107,0,2,8,1,0,0.75,797697,797971,800297,RACB_16111990
108,0,7,8,2,0,0.75,803914,804243,806347,RACB_16111990
109,0,8,5,2,0,0.75,810263,811203,813680,RACB_16111990
110,1,8,7,1,0,0.25,817746,820371,822580,RACB_16111990
111,1,6,3,1,0,0.25,825763,833891,835662,RACB_16111990
112,1,8,6,2,1,0.25,839645,839954,841512,RACB_16111990
113,1,3,6,2,1,0.25,845329,845698,847395,RACB_16111990
114,1,3,3,2,1,0.25,850712,852546,854195,RACB_16111990
115,1,6,7,2,1,0.25,857295,858178,860328,RACB_16111990
116,1,2,4,2,0,0.25,863594,864978,866528,RACB_16111990
117,1,6,6,2,1,0.25,869744,869986,871977,RACB_16111990
118,1,5,2,1,1,0.25,875094,876978,878777,RACB_16111990
119,1,6,3,2,1,0.25,882444,883122,885010,RACB_16111990
120,1,2,7,1,1,0.25,889043,890322,892326,RACB_16111990
121,1,6,6,1,0,0.25,896360,896642,898576,RACB_16111990
1,1,4,3,1,1,0.85,5666,7219,9566,RAFV_10121984
2,1,2,4,1,0,0.85,12799,13860,16082,RAFV_10121984
3,1,4,5,2,1,0.85,19849,20597,22665,RAFV_10121984
4,1,5,8,2,0,0.85,25748,26582,28698,RAFV_10121984
5,1,4,5,1,0,0.85,31781,34423,36298,RAFV_10121984
6,1,8,4,2,1,0.85,40348,40952,43081,RAFV_10121984
7,1,5,7,2,1,0.85,46964,47882,49481,RAFV_10121984
8,1,3,6,2,0,0.85,53131,54747,56680,RAFV_10121984
9,1,7,4,2,1,0.85,60547,62060,63697,RAFV_10121984
10,1,6,3,2,0,0.85,67597,69421,71663,RAFV_10121984
11,1,8,4,2,0,0.85,74963,76222,78379,RAFV_10121984
12,1,4,7,1,1,0.85,82163,82767,84563,RAFV_10121984
13,1,5,4,1,1,0.85,87796,89264,91279,RAFV_10121984
14,1,2,7,1,0,0.85,95112,96801,98645,RAFV_10121984
15,1,4,8,1,1,0.85,102595,104370,106578,RAFV_10121984
16,1,5,4,1,1,0.85,109828,110867,112461,RAFV_10121984
17,0,5,2,1,0,0.15,116211,117204,119144,RAFV_10121984
18,0,7,3,2,1,0.15,122978,123589,125327,RAFV_10121984
19,0,6,7,2,0,0.15,128994,130038,132527,RAFV_10121984
20,0,5,5,1,0,0.15,136427,136775,139110,RAFV_10121984
21,0,3,7,2,1,0.15,142310,143432,145877,RAFV_10121984
22,0,6,5,2,1,0.15,149660,150473,152360,RAFV_10121984
23,0,7,7,2,1,0.15,156376,157338,159193,RAFV_10121984
24,0,7,8,2,0,0.15,162626,163691,166209,RAFV_10121984
25,0,6,3,2,1,0.15,169542,170605,172292,RAFV_10121984
26,0,5,8,2,1,0.15,176125,177342,179625,RAFV_10121984
27,0,8,2,2,1,0.15,182992,183999,185941,RAFV_10121984
28,0,6,3,2,1,0.15,189158,190256,192075,RAFV_10121984
29,0,3,3,2,1,0.15,195308,195552,197141,RAFV_10121984
30,0,2,5,2,1,0.15,201091,201777,203991,RAFV_10121984
31,1,3,2,1,0,0.25,214557,215683,217557,RAFV_10121984
32,1,5,4,2,0,0.25,221257,221636,223273,RAFV_10121984
33,1,6,2,1,0,0.25,227173,227685,229823,RAFV_10121984
34,1,3,8,2,1,0.25,233589,234182,235906,RAFV_10121984
35,1,5,3,2,1,0.25,239089,239767,241656,RAFV_10121984
36,1,4,7,2,1,0.25,244739,245624,247839,RAFV_10121984
37,1,3,6,2,1,0.25,251505,252633,254789,RAFV_10121984
38,1,3,5,2,1,0.25,257955,258842,260405,RAFV_10121984
39,1,7,8,2,0,0.25,263738,264827,266805,RAFV_10121984
40,1,8,8,1,1,0.25,270305,271020,273271,RAFV_10121984
41,1,2,5,1,0,0.25,276671,277373,279704,RAFV_10121984
42,1,3,6,2,0,0.25,283087,283710,286220,RAFV_10121984
43,1,7,4,1,1,0.25,289837,291071,292954,RAFV_10121984
44,1,3,3,1,0,0.25,296353,297904,300120,RAFV_10121984
45,1,2,8,2,1,0.25,304186,304865,306820,RAFV_10121984
46,1,8,5,2,0,0.25,310003,310722,313236,RAFV_10121984
47,1,6,8,2,0,0.25,317252,320068,321869,RAFV_10121984
48,0,5,6,1,1,0.75,325702,326213,328235,RAFV_10121984
49,0,4,8,1,1,0.75,331385,333174,335435,RAFV_10121984
50,0,2,2,1,1,0.75,338935,339735,341735,RAFV_10121984
51,0,8,6,1,1,0.75,345651,346344,348734,RAFV_10121984
52,0,8,6,1,1,0.75,352601,353449,355384,RAFV_10121984
53,0,7,4,1,0,0.75,358934,359946,362234,RAFV_10121984
54,0,7,8,1,1,0.75,365600,366379,368800,RAFV_10121984
55,0,7,4,1,1,0.75,372833,373724,376100,RAFV_10121984
56,0,5,4,1,1,0.75,379866,381085,383483,RAFV_10121984
57,0,6,7,1,1,0.75,387316,388590,390849,RAFV_10121984
58,0,3,8,1,1,0.75,394399,395439,396999,RAFV_10121984
59,0,6,3,1,1,0.75,400116,400960,402515,RAFV_10121984
60,0,3,2,1,1,0.25,418165,419555,421681,RAFV_10121984
61,0,3,3,1,1,0.25,425531,426356,427981,RAFV_10121984
62,0,4,3,1,0,0.25,431864,432341,434331,RAFV_10121984
63,0,2,5,1,0,0.25,437897,438390,440197,RAFV_10121984
64,0,4,2,2,1,0.25,443797,444455,446947,RAFV_10121984
65,0,7,6,2,0,0.25,450663,451624,453830,RAFV_10121984
66,0,4,3,1,0,0.25,457213,458857,460913,RAFV_10121984
67,0,2,8,2,1,0.25,464979,465690,467913,RAFV_10121984
68,0,3,6,2,1,0.25,471312,472219,474546,RAFV_10121984
69,0,4,3,2,1,0.25,477662,478652,480829,RAFV_10121984
70,0,5,5,2,1,0.25,484095,484781,487278,RAFV_10121984
71,0,2,3,2,1,0.25,490928,491950,493678,RAFV_10121984
72,0,4,7,2,0,0.25,497678,498287,500295,RAFV_10121984
73,0,5,7,2,1,0.25,503361,503856,506228,RAFV_10121984
74,0,3,7,2,1,0.25,509877,511025,512727,RAFV_10121984
75,0,3,8,2,1,0.25,515977,517202,518910,RAFV_10121984
76,0,4,8,2,1,0.25,522260,522883,524810,RAFV_10121984
77,1,4,3,2,0,0.75,527910,528708,531027,RAFV_10121984
78,1,4,4,2,0,0.75,534693,535221,537726,RAFV_10121984
79,1,3,8,2,0,0.75,541593,542774,545176,RAFV_10121984
80,1,6,2,1,1,0.75,549226,549655,552026,RAFV_10121984
81,1,3,8,1,1,0.75,555509,556632,559092,RAFV_10121984
82,1,8,2,1,0,0.75,562459,563337,565725,RAFV_10121984
83,1,5,2,1,1,0.75,569475,570298,572225,RAFV_10121984
84,1,8,6,1,0,0.75,575575,576363,578408,RAFV_10121984
85,1,4,8,2,0,0.75,581808,582332,584291,RAFV_10121984
86,1,2,6,1,1,0.75,588291,589549,591691,RAFV_10121984
87,1,6,7,1,1,0.75,595107,595806,597424,RAFV_10121984
88,1,4,6,1,1,0.75,600690,601647,604090,RAFV_10121984
89,1,8,4,1,1,0.75,607840,608944,610956,RAFV_10121984
90,1,2,4,1,1,0.75,614790,615793,617390,RAFV_10121984
91,1,2,2,2,1,0.15,632122,633556,635105,RAFV_10121984
92,1,5,2,2,1,0.15,638505,639509,641338,RAFV_10121984
93,1,5,3,2,1,0.15,644705,645542,647288,RAFV_10121984
94,1,7,8,2,0,0.15,651305,652055,653938,RAFV_10121984
95,1,6,2,2,0,0.15,657971,658680,660204,RAFV_10121984
96,1,6,4,2,1,0.15,663754,664793,667054,RAFV_10121984
97,1,6,5,2,0,0.15,670321,671658,673420,RAFV_10121984
98,1,3,6,2,1,0.15,676637,677851,679737,RAFV_10121984
99,1,6,2,2,1,0.15,683787,684492,686420,RAFV_10121984
100,1,8,6,2,1,0.15,690253,691037,693053,RAFV_10121984
101,1,7,8,2,1,0.15,696886,697726,699253,RAFV_10121984
102,1,5,8,2,1,0.15,702702,703519,705886,RAFV_10121984
103,1,4,7,2,1,0.15,708952,709824,712285,RAFV_10121984
104,1,6,4,2,1,0.15,715485,716113,718402,RAFV_10121984
105,1,6,2,2,1,0.15,721718,722210,724368,RAFV_10121984
106,1,2,7,2,1,0.15,727901,728547,730951,RAFV_10121984
107,1,3,4,2,1,0.15,734301,734868,736868,RAFV_10121984
108,0,3,8,2,0,0.85,740384,740997,743201,RAFV_10121984
109,0,3,2,2,0,0.85,746351,747046,749484,RAFV_10121984
110,0,7,2,2,0,0.85,753484,754039,755817,RAFV_10121984
111,0,8,2,2,1,0.85,759767,761176,763317,RAFV_10121984
112,0,7,3,2,0,0.85,766500,767049,769100,RAFV_10121984
113,0,5,3,2,1,0.85,772833,776282,778749,RAFV_10121984
114,0,3,7,2,0,0.85,782682,783563,785549,RAFV_10121984
115,0,5,3,2,0,0.85,789365,790317,792632,RAFV_10121984
116,0,8,6,1,1,0.85,795982,797438,799482,RAFV_10121984
117,0,6,4,1,1,0.85,802831,803999,806131,RAFV_10121984
118,0,6,7,1,1,0.85,809265,810560,812581,RAFV_10121984
119,0,6,8,1,0,0.85,816164,817025,819281,RAFV_10121984
120,0,4,7,1,1,0.85,823014,824034,825680,RAFV_10121984
1,1,3,6,2,0,0.85,5499,7495,9266,SAJC_22021972
2,1,8,4,1,1,0.85,12816,13991,16365,SAJC_22021972
3,1,8,6,1,0,0.85,19782,20375,22882,SAJC_22021972
4,1,8,8,2,0,0.85,26082,26791,28965,SAJC_22021972
5,1,2,7,1,1,0.85,32548,34247,35931,SAJC_22021972
6,1,6,6,1,1,0.85,39914,40743,43231,SAJC_22021972
7,1,7,7,1,1,0.85,46331,48022,50231,SAJC_22021972
8,1,2,7,1,1,0.85,54230,54806,57314,SAJC_22021972
9,1,2,6,1,1,0.85,60580,61398,63230,SAJC_22021972
10,1,3,7,1,1,0.85,66530,67302,68930,SAJC_22021972
11,1,8,6,1,1,0.85,72646,75350,76979,SAJC_22021972
12,1,4,6,1,1,0.85,80496,81222,83512,SAJC_22021972
13,1,2,5,1,0,0.85,86912,87478,89762,SAJC_22021972
14,1,2,3,2,0,0.85,93695,94470,96429,SAJC_22021972
15,1,8,3,2,0,0.85,100412,101830,103595,SAJC_22021972
16,1,2,4,1,1,0.85,107311,107750,109895,SAJC_22021972
17,1,2,4,1,1,0.85,113894,114806,116628,SAJC_22021972
18,1,6,6,1,1,0.85,119811,120630,122777,SAJC_22021972
19,1,2,6,1,1,0.85,126161,127030,129427,SAJC_22021972
20,1,6,3,1,1,0.85,133294,134390,136027,SAJC_22021972
21,0,2,8,1,0,0.15,139493,140166,142076,SAJC_22021972
22,0,5,6,2,1,0.15,145426,147286,148926,SAJC_22021972
23,0,3,8,2,1,0.15,152009,152614,154743,SAJC_22021972
24,0,4,4,2,1,0.15,158209,158806,161042,SAJC_22021972
25,0,7,7,2,0,0.15,164342,165557,167609,SAJC_22021972
26,0,5,4,1,1,0.15,170909,171637,173292,SAJC_22021972
27,0,7,4,1,0,0.15,177058,179253,181275,SAJC_22021972
28,0,4,4,2,1,0.15,184591,185333,187058,SAJC_22021972
29,0,7,8,2,1,0.15,190224,191349,193574,SAJC_22021972
30,0,2,6,2,0,0.15,196807,197621,199757,SAJC_22021972
31,0,3,2,1,0,0.15,203757,203893,205940,SAJC_22021972
32,0,6,5,2,1,0.15,209090,209621,211357,SAJC_22021972
33,0,5,6,2,1,0.15,215223,217685,219306,SAJC_22021972
34,1,2,3,1,0,0.15,230473,231957,234389,SAJC_22021972
35,1,2,8,2,0,0.15,237622,238021,239839,SAJC_22021972
36,1,6,5,1,1,0.15,243289,243813,245972,SAJC_22021972
37,1,7,6,1,0,0.15,249722,250277,252372,SAJC_22021972
38,1,2,6,1,0,0.15,255905,256821,258421,SAJC_22021972
39,1,4,5,1,0,0.15,261738,262469,264904,SAJC_22021972
40,1,6,3,2,1,0.15,268054,269733,271304,SAJC_22021972
41,1,4,6,2,1,0.15,275021,275685,277670,SAJC_22021972
42,1,2,3,2,1,0.15,281070,282500,285003,SAJC_22021972
43,1,7,2,2,1,0.15,288837,290580,292220,SAJC_22021972
44,1,4,5,2,1,0.15,295670,296052,298286,SAJC_22021972
45,1,3,3,2,1,0.15,302153,302884,304436,SAJC_22021972
46,1,8,6,2,0,0.15,307736,309492,311219,SAJC_22021972
47,1,6,6,1,0,0.15,315169,316804,318852,SAJC_22021972
48,1,2,7,2,0,0.15,321968,322580,324968,SAJC_22021972
49,1,4,6,1,0,0.15,328735,329220,330768,SAJC_22021972
50,1,7,3,2,1,0.15,334368,334964,337068,SAJC_22021972
51,1,3,6,2,1,0.15,340351,341748,343734,SAJC_22021972
52,1,5,7,2,1,0.15,346901,347508,349167,SAJC_22021972
53,1,8,7,2,0,0.15,352484,352900,355384,SAJC_22021972
54,1,8,4,1,0,0.15,359167,360676,362233,SAJC_22021972
55,1,5,4,2,1,0.15,365333,366548,368766,SAJC_22021972
56,0,7,4,2,0,0.85,372533,373892,375999,SAJC_22021972
57,0,3,2,1,1,0.85,379199,379780,381832,SAJC_22021972
58,0,7,3,2,0,0.85,385282,386932,389399,SAJC_22021972
59,0,4,5,1,1,0.85,392449,393956,396365,SAJC_22021972
60,0,2,5,1,0,0.85,399798,400659,402848,SAJC_22021972
61,0,3,2,1,1,0.85,406681,407459,409865,SAJC_22021972
62,0,2,5,2,0,0.85,413131,414595,416564,SAJC_22021972
63,0,2,3,1,1,0.85,420114,422179,424281,SAJC_22021972
64,0,7,2,1,0,0.85,427647,428195,430630,SAJC_22021972
65,0,4,4,2,0,0.85,433913,434707,436813,SAJC_22021972
66,0,7,6,1,1,0.85,440213,440611,442996,SAJC_22021972
67,0,8,6,1,1,0.85,446396,447331,449579,SAJC_22021972
68,1,3,7,1,0,0.25,461496,475923,478161,SAJC_22021972
69,1,4,3,2,1,0.25,482128,483155,484911,SAJC_22021972
70,1,8,8,2,1,0.25,488978,489619,491894,SAJC_22021972
71,1,8,8,2,0,0.25,495044,495747,497511,SAJC_22021972
72,1,7,6,1,0,0.25,501294,502915,504760,SAJC_22021972
73,1,8,6,2,1,0.25,508377,508771,511210,SAJC_22021972
74,1,3,3,1,0,0.25,515176,516819,518943,SAJC_22021972
75,1,3,8,2,1,0.25,522193,523506,525526,SAJC_22021972
76,1,8,7,1,0,0.25,528959,531026,533409,SAJC_22021972
77,1,4,2,2,1,0.25,536876,537538,539575,SAJC_22021972
78,1,2,7,2,1,0.25,543192,543858,545675,SAJC_22021972
79,1,3,3,2,1,0.25,548958,552434,554941,SAJC_22021972
80,1,7,6,1,0,0.25,558475,560498,562991,SAJC_22021972
81,1,7,6,2,1,0.25,566374,567634,569674,SAJC_22021972
82,1,7,2,1,0,0.25,573007,574882,577090,SAJC_22021972
83,1,3,7,2,0,0.25,580474,581602,584023,SAJC_22021972
84,1,8,2,1,0,0.25,587073,587810,589740,SAJC_22021972
85,1,7,3,2,1,0.25,592873,593202,595206,SAJC_22021972
86,1,8,8,1,1,0.25,598473,599906,602256,SAJC_22021972
87,0,6,4,1,1,0.75,605472,607282,609272,SAJC_22021972
88,0,2,8,1,1,0.75,613022,614050,616505,SAJC_22021972
89,0,7,5,2,0,0.75,620505,623442,625921,SAJC_22021972
90,0,4,5,2,0,0.75,629005,630225,632155,SAJC_22021972
91,0,4,5,1,1,0.75,635904,636305,638138,SAJC_22021972
92,0,3,2,1,1,0.75,641954,644225,646704,SAJC_22021972
93,0,4,7,1,1,0.75,650020,652801,654887,SAJC_22021972
94,0,5,3,1,1,0.75,658470,659137,661620,SAJC_22021972
95,0,7,2,1,1,0.75,664820,665505,667520,SAJC_22021972
96,0,5,6,1,1,0.75,671536,672513,674719,SAJC_22021972
97,0,8,7,1,1,0.75,678003,678497,680386,SAJC_22021972
98,0,5,4,1,1,0.75,683652,684257,686169,SAJC_22021972
99,0,4,4,1,1,0.75,689819,693201,695035,SAJC_22021972
100,0,8,5,2,1,0.25,707585,711953,713651,SAJC_22021972
101,0,3,6,2,1,0.25,717167,718177,719951,SAJC_22021972
102,0,5,4,2,0,0.25,723251,724753,727050,SAJC_22021972
103,0,4,3,1,1,0.25,730917,731345,733750,SAJC_22021972
104,0,7,4,1,0,0.25,737000,737537,739166,SAJC_22021972
105,0,3,3,2,1,0.25,742250,742609,744366,SAJC_22021972
106,0,8,3,1,0,0.25,747549,750753,753033,SAJC_22021972
107,0,6,8,1,0,0.25,757016,761328,763815,SAJC_22021972
108,0,8,8,2,1,0.25,767065,768768,771282,SAJC_22021972
109,0,4,2,1,0,0.25,775182,776048,778531,SAJC_22021972
110,0,3,6,2,1,0.25,781948,782368,784798,SAJC_22021972
111,0,4,4,2,0,0.25,788514,789312,791831,SAJC_22021972
112,0,7,6,1,0,0.25,794947,795136,796831,SAJC_22021972
113,0,5,6,2,1,0.25,800314,801232,802764,SAJC_22021972
114,0,2,6,2,1,0.25,806463,807328,808913,SAJC_22021972
115,0,4,3,2,1,0.25,812680,813664,815480,SAJC_22021972
116,0,2,8,2,1,0.25,818996,820384,822413,SAJC_22021972
117,0,4,2,2,0,0.25,825763,826368,828762,SAJC_22021972
118,1,7,7,1,1,0.75,832779,835936,837912,SAJC_22021972
119,1,8,7,1,1,0.75,841429,842976,844862,SAJC_22021972
120,1,5,5,1,0,0.75,848262,849296,851028,SAJC_22021972
121,1,8,5,2,0,0.75,854361,854720,856695,SAJC_22021972
122,1,4,3,1,0,0.75,859844,860528,862211,SAJC_22021972
123,1,7,3,2,0,0.75,866094,867856,870327,SAJC_22021972
124,1,2,6,1,1,0.75,873944,874815,876910,SAJC_22021972
125,1,4,6,1,1,0.75,880943,881999,884243,SAJC_22021972
126,1,6,8,2,0,0.75,888077,892223,894226,SAJC_22021972
127,1,5,6,1,1,0.75,897293,898351,900293,SAJC_22021972
128,1,4,3,1,1,0.75,903692,904879,906742,SAJC_22021972
129,1,7,5,1,1,0.75,910559,911487,913492,SAJC_22021972
130,1,3,8,1,1,0.75,917075,918063,920508,SAJC_22021972
131,1,3,5,2,0,0.75,924508,926063,928341,SAJC_22021972
132,1,4,5,1,1,0.75,931791,932447,934874,SAJC_22021972
133,1,7,6,1,0,0.75,938608,939407,941007,SAJC_22021972
134,1,4,4,2,0,0.75,944391,945743,947741,SAJC_22021972
1,1,4,4,2,1,0.75,10949,12460,14216,SFVB_26031991
2,1,4,6,1,1,0.75,17799,19276,20849,SFVB_26031991
3,1,3,2,1,0,0.75,23932,26636,29048,SFVB_26031991
4,1,8,5,2,0,0.75,33098,33740,36098,SFVB_26031991
5,1,2,6,2,1,0.75,39848,42236,44498,SFVB_26031991
6,1,6,2,2,0,0.75,48547,52204,54447,SFVB_26031991
7,1,5,5,1,0,0.75,58464,61500,63330,SFVB_26031991
8,1,5,4,1,1,0.75,67380,71404,73763,SFVB_26031991
9,1,3,8,2,1,0.75,77013,83020,85479,SFVB_26031991
10,1,3,3,2,0,0.75,89446,92988,94812,SFVB_26031991
11,1,8,5,1,1,0.75,98679,101436,103295,SFVB_26031991
12,1,7,7,1,1,0.75,106795,112508,114545,SFVB_26031991
13,1,8,2,2,0,0.75,118478,121804,124128,SFVB_26031991
14,1,7,3,1,1,0.75,127911,130236,132044,SFVB_26031991
15,1,2,7,2,1,0.75,135560,137692,139660,SFVB_26031991
16,1,2,5,1,0,0.75,143510,144732,146393,SFVB_26031991
17,1,3,7,1,1,0.75,150026,152955,154710,SFVB_26031991
18,1,4,5,2,0,0.75,158126,159883,161426,SFVB_26031991
19,1,5,5,1,1,0.75,164743,166939,169159,SFVB_26031991
20,0,2,8,1,1,0.25,172909,175227,177642,SFVB_26031991
21,0,6,4,1,0,0.25,180892,183691,186158,SFVB_26031991
22,0,7,2,1,0,0.25,189258,191211,193575,SFVB_26031991
23,0,7,2,2,1,0.25,196741,198443,200091,SFVB_26031991
24,0,5,8,2,1,0.25,203224,205131,207074,SFVB_26031991
25,0,4,5,1,0,0.25,210741,211707,213840,SFVB_26031991
26,0,8,3,2,1,0.25,217190,218379,220090,SFVB_26031991
27,0,3,8,2,1,0.25,223857,225643,227690,SFVB_26031991
28,0,3,2,1,0,0.25,231506,232539,234140,SFVB_26031991
29,0,8,8,2,0,0.25,237756,239019,241273,SFVB_26031991
30,0,8,5,2,1,0.25,245072,246891,248856,SFVB_26031991
31,0,8,5,2,1,0.25,252522,254427,256739,SFVB_26031991
32,0,5,3,1,1,0.25,260605,261643,263405,SFVB_26031991
33,0,6,8,2,1,0.25,266705,270779,272321,SFVB_26031991
34,0,2,7,1,0,0.25,276088,278091,280288,SFVB_26031991
35,1,6,6,1,1,0.85,292687,294299,296087,SFVB_26031991
36,1,2,2,1,0,0.85,299587,300474,302753,SFVB_26031991
37,1,7,8,1,1,0.85,306303,307594,309370,SFVB_26031991
38,1,6,2,1,0,0.85,313286,314682,316553,SFVB_26031991
39,1,2,7,2,1,0.85,319853,320826,322586,SFVB_26031991
40,1,5,5,2,0,0.85,326236,328458,330935,SFVB_26031991
41,1,2,6,1,1,0.85,334969,336106,337918,SFVB_26031991
42,1,7,8,1,1,0.85,341085,342778,344402,SFVB_26031991
43,1,8,8,2,0,0.85,348385,350218,351818,SFVB_26031991
44,1,4,5,1,1,0.85,355234,355802,358184,SFVB_26031991
45,1,6,4,1,1,0.85,361301,362506,364301,SFVB_26031991
46,1,3,8,1,0,0.85,367517,368746,370434,SFVB_26031991
47,1,4,5,2,0,0.85,373517,375386,377817,SFVB_26031991
48,1,4,4,1,1,0.85,381033,381578,383417,SFVB_26031991
49,1,6,8,1,1,0.85,387200,388282,390366,SFVB_26031991
50,1,8,8,1,1,0.85,394016,396234,397766,SFVB_26031991
51,1,6,2,2,1,0.85,400982,402298,403982,SFVB_26031991
52,1,2,2,1,1,0.85,407399,408394,410649,SFVB_26031991
53,1,7,7,1,1,0.85,413965,415162,416915,SFVB_26031991
54,0,4,8,1,0,0.15,420948,422522,424915,SFVB_26031991
55,0,4,4,1,1,0.15,428048,428442,430248,SFVB_26031991
56,0,4,4,1,1,0.15,433664,434810,437014,SFVB_26031991
57,0,3,4,1,0,0.15,440731,442794,444381,SFVB_26031991
58,0,3,4,2,1,0.15,447680,451049,452947,SFVB_26031991
59,0,3,5,1,0,0.15,456230,458153,459930,SFVB_26031991
60,0,3,2,2,1,0.15,463713,468809,471213,SFVB_26031991
61,0,6,5,2,1,0.15,475229,479865,482196,SFVB_26031991
62,0,5,6,1,1,0.15,485512,487097,489179,SFVB_26031991
63,0,3,2,2,1,0.15,492345,494313,496295,SFVB_26031991
64,0,8,4,1,0,0.15,499895,501001,502945,SFVB_26031991
65,0,7,7,2,1,0.15,506911,507609,510061,SFVB_26031991
66,0,2,8,2,0,0.15,513594,515129,517194,SFVB_26031991
67,0,2,5,2,1,0.15,520844,521737,524044,SFVB_26031991
68,0,5,7,1,0,0.15,527327,529353,531060,SFVB_26031991
69,1,5,2,2,0,0.15,545093,546041,547710,SFVB_26031991
70,1,3,2,1,0,0.15,551293,552921,554509,SFVB_26031991
71,1,6,7,2,1,0.15,558292,559145,561326,SFVB_26031991
72,1,7,5,1,0,0.15,565259,566249,568209,SFVB_26031991
73,1,5,6,2,0,0.15,572259,572921,575242,SFVB_26031991
74,1,7,8,2,0,0.15,578658,582665,584358,SFVB_26031991
75,1,3,5,1,0,0.15,588058,589065,591574,SFVB_26031991
76,1,2,7,1,0,0.15,595158,597273,599557,SFVB_26031991
77,1,3,6,2,1,0.15,603357,606120,607940,SFVB_26031991
78,1,7,7,2,1,0.15,611840,614824,617307,SFVB_26031991
79,1,2,5,1,0,0.15,621106,622584,624740,SFVB_26031991
80,1,5,4,2,1,0.15,628756,631016,632806,SFVB_26031991
81,1,7,4,1,1,0.15,636322,638776,641206,SFVB_26031991
82,1,4,4,2,1,0.15,644472,647384,649522,SFVB_26031991
83,1,4,3,2,1,0.15,652838,654488,656605,SFVB_26031991
84,1,3,8,1,0,0.15,660088,663304,665805,SFVB_26031991
85,0,6,7,2,0,0.85,669704,670936,672654,SFVB_26031991
86,0,4,8,2,1,0.85,676437,678936,680504,SFVB_26031991
87,0,6,4,1,1,0.85,684104,685544,687987,SFVB_26031991
88,0,7,7,2,0,0.85,691570,694088,695903,SFVB_26031991
89,0,3,7,2,0,0.85,699486,701064,702936,SFVB_26031991
90,0,3,5,1,1,0.85,706703,707192,709553,SFVB_26031991
91,0,6,5,1,0,0.85,713453,714216,716252,SFVB_26031991
92,0,7,6,1,1,0.85,720069,720952,723385,SFVB_26031991
93,0,3,5,1,1,0.85,726635,728680,730652,SFVB_26031991
94,0,7,4,2,0,0.85,734102,735208,736852,SFVB_26031991
95,0,4,3,1,1,0.85,740235,742008,743651,SFVB_26031991
96,0,5,3,2,0,0.85,746918,747960,750151,SFVB_26031991
97,0,4,3,1,0,0.85,753301,753784,755351,SFVB_26031991
98,0,3,6,1,1,0.85,759184,759655,761217,SFVB_26031991
99,0,8,2,1,1,0.85,764484,765559,767834,SFVB_26031991
100,0,4,4,2,0,0.75,783316,784199,786066,SFVB_26031991
101,0,3,2,2,0,0.75,790033,790967,793432,SFVB_26031991
102,0,7,5,1,1,0.75,797149,798023,799749,SFVB_26031991
103,0,6,4,1,0,0.75,803082,803799,805982,SFVB_26031991
104,0,6,2,1,1,0.75,809565,811511,813165,SFVB_26031991
105,0,2,4,1,1,0.75,816515,818023,820148,SFVB_26031991
106,0,2,5,1,1,0.75,823631,825271,827231,SFVB_26031991
107,0,7,6,2,0,0.75,831048,832231,833831,SFVB_26031991
108,0,4,2,2,0,0.75,837164,837767,839764,SFVB_26031991
109,0,8,3,2,0,0.75,842847,843351,845630,SFVB_26031991
110,0,6,6,1,0,0.75,848997,850695,852613,SFVB_26031991
111,0,2,7,1,0,0.75,856363,857239,858863,SFVB_26031991
112,0,5,3,2,1,0.75,862930,864903,866546,SFVB_26031991
113,0,8,8,2,0,0.75,869629,870775,872379,SFVB_26031991
114,0,2,2,2,1,0.75,875562,877831,879562,SFVB_26031991
115,0,3,3,2,0,0.75,883262,884423,886712,SFVB_26031991
116,0,7,3,1,0,0.75,890395,891047,893128,SFVB_26031991
117,0,6,8,2,0,0.75,897095,897911,899661,SFVB_26031991
118,1,5,5,1,0,0.25,903544,905223,907544,SFVB_26031991
119,1,6,4,2,1,0.25,911444,915366,917294,SFVB_26031991
120,1,6,8,2,1,0.25,920610,921734,923410,SFVB_26031991
121,1,8,2,2,0,0.25,927043,928486,930877,SFVB_26031991
122,1,8,5,1,1,0.25,934310,935574,937510,SFVB_26031991
123,1,3,6,2,1,0.25,940593,941446,943076,SFVB_26031991
124,1,3,4,2,1,0.25,946926,947718,949243,SFVB_26031991
125,1,2,3,1,0,0.25,952409,953062,955059,SFVB_26031991
126,1,6,2,2,1,0.25,958742,959270,961725,SFVB_26031991
127,1,8,5,1,1,0.25,965159,965974,968442,SFVB_26031991
128,1,8,2,2,1,0.25,971575,973062,974858,SFVB_26031991
129,1,2,7,2,1,0.25,978041,979846,981608,SFVB_26031991
130,1,6,4,1,0,0.25,985091,987446,989358,SFVB_26031991
131,1,3,5,2,1,0.25,993407,993878,995607,SFVB_26031991
132,1,6,6,1,1,0.25,999340,1001478,1003290,SFVB_26031991
133,1,6,7,2,0,0.25,1006673,1007206,1008757,SFVB_26031991
134,1,4,2,2,1,0.25,1012140,1012870,1015240,SFVB_26031991
1,1,4,8,1,0,0.25,7166,7919,9866,SNCS_22121989
2,1,7,4,1,0,0.25,12982,14207,15932,SNCS_22121989
3,1,2,5,2,0,0.25,19599,20495,22599,SNCS_22121989
4,1,6,3,1,0,0.25,25698,26527,28415,SNCS_22121989
5,1,4,4,2,1,0.25,32048,33551,35231,SNCS_22121989
6,1,2,2,1,1,0.25,38631,39839,42181,SNCS_22121989
7,1,3,2,2,0,0.25,45264,46207,47747,SNCS_22121989
8,1,7,4,2,1,0.25,51064,52623,54181,SNCS_22121989
9,1,7,4,2,1,0.25,58080,59375,61280,SNCS_22121989
10,1,4,8,1,0,0.25,64863,65711,68230,SNCS_22121989
11,1,6,6,1,1,0.25,71896,74111,76096,SNCS_22121989
12,1,4,7,2,1,0.25,80013,81967,83879,SNCS_22121989
13,1,4,4,2,1,0.25,87046,89103,90929,SNCS_22121989
14,1,5,8,1,1,0.25,94312,94879,96829,SNCS_22121989
15,1,3,8,2,1,0.25,100162,101615,103729,SNCS_22121989
16,1,7,3,2,0,0.25,107512,108734,110728,SNCS_22121989
17,1,2,5,1,0,0.25,114278,115550,117228,SNCS_22121989
18,1,6,6,1,1,0.25,121028,123742,125378,SNCS_22121989
19,1,8,2,2,1,0.25,129211,130862,133361,SNCS_22121989
20,1,2,8,1,0,0.25,136860,137710,139660,SNCS_22121989
21,1,5,5,2,1,0.25,143410,144814,146643,SNCS_22121989
22,0,2,7,2,0,0.75,150027,151262,153160,SNCS_22121989
23,0,7,7,1,0,0.75,156660,158430,160793,SNCS_22121989
24,0,3,8,1,1,0.75,164859,165726,168042,SNCS_22121989
25,0,5,3,2,0,0.75,171926,172734,174609,SNCS_22121989
26,0,6,2,1,1,0.75,177675,178926,180742,SNCS_22121989
27,0,6,7,1,0,0.75,184325,186366,188642,SNCS_22121989
28,0,8,2,2,0,0.75,192591,193294,194975,SNCS_22121989
29,0,3,4,2,1,0.75,198675,199614,201574,SNCS_22121989
30,0,8,5,1,0,0.75,204841,205694,207341,SNCS_22121989
31,0,4,4,2,0,0.75,210707,212046,213757,SNCS_22121989
32,0,7,7,1,1,0.75,217007,218110,220257,SNCS_22121989
33,0,3,5,1,1,0.75,224123,225246,226923,SNCS_22121989
34,0,3,2,2,1,0.75,230690,232430,234223,SNCS_22121989
35,0,3,8,2,1,0.75,237990,239422,241156,SNCS_22121989
36,0,3,4,2,0,0.85,254372,256173,258305,SNCS_22121989
37,0,4,6,2,0,0.85,262372,263597,265955,SNCS_22121989
38,0,2,5,1,0,0.85,269138,270157,271738,SNCS_22121989
39,0,7,8,2,0,0.85,275371,276269,278038,SNCS_22121989
40,0,3,3,1,0,0.85,281504,283325,285621,SNCS_22121989
41,0,2,6,2,0,0.85,289254,290045,292037,SNCS_22121989
42,0,7,6,2,0,0.85,295170,296381,298454,SNCS_22121989
43,0,2,7,1,1,0.85,302337,304349,306687,SNCS_22121989
44,0,5,7,1,1,0.85,310220,311213,313486,SNCS_22121989
45,0,8,6,1,1,0.85,316686,317757,319653,SNCS_22121989
46,0,4,3,1,1,0.85,323003,324941,327186,SNCS_22121989
47,0,5,3,2,0,0.85,331052,332541,334369,SNCS_22121989
48,0,5,5,2,0,0.85,337602,338781,340719,SNCS_22121989
49,0,4,6,1,0,0.85,343902,344637,346552,SNCS_22121989
50,0,7,4,2,0,0.85,349985,350557,353001,SNCS_22121989
51,0,6,7,2,1,0.85,356268,357325,359368,SNCS_22121989
52,0,8,3,2,0,0.85,363318,363965,366434,SNCS_22121989
53,1,5,6,1,0,0.15,370134,371197,373384,SNCS_22121989
54,1,3,5,2,1,0.15,376767,377981,380417,SNCS_22121989
55,1,2,6,2,1,0.15,383483,384685,386983,SNCS_22121989
56,1,4,6,2,1,0.15,390483,391149,393066,SNCS_22121989
57,1,2,5,2,1,0.15,397083,397548,399916,SNCS_22121989
58,1,5,7,2,0,0.15,403083,403820,405599,SNCS_22121989
59,1,3,7,1,1,0.15,409016,410316,412182,SNCS_22121989
60,1,6,8,2,1,0.15,416165,416732,418315,SNCS_22121989
61,1,3,4,1,0,0.15,421598,422860,424598,SNCS_22121989
62,1,3,5,2,0,0.15,427815,428476,430865,SNCS_22121989
63,1,7,5,2,1,0.15,434281,435420,437598,SNCS_22121989
64,1,4,8,2,0,0.15,441581,443116,445564,SNCS_22121989
65,1,6,3,1,0,0.15,448664,450044,451597,SNCS_22121989
66,0,3,4,1,0,0.25,464230,467628,469213,SNCS_22121989
67,0,4,2,2,1,0.25,473330,474156,476279,SNCS_22121989
68,0,5,4,2,1,0.25,479396,480556,482413,SNCS_22121989
69,0,4,7,2,1,0.25,485712,486540,488996,SNCS_22121989
70,0,4,7,1,0,0.25,492612,493548,495562,SNCS_22121989
71,0,7,5,2,1,0.25,498762,499404,501028,SNCS_22121989
72,0,3,2,2,1,0.25,504912,505564,507328,SNCS_22121989
73,0,2,8,2,1,0.25,511045,512108,514361,SNCS_22121989
74,0,2,5,2,0,0.25,517561,518188,520644,SNCS_22121989
75,0,5,3,1,0,0.25,523828,526396,528344,SNCS_22121989
76,0,3,7,2,1,0.25,531644,532492,534744,SNCS_22121989
77,0,2,5,2,1,0.25,538727,539756,541493,SNCS_22121989
78,0,2,5,1,0,0.25,545210,545979,548126,SNCS_22121989
79,0,4,7,2,1,0.25,551793,552779,554393,SNCS_22121989
80,0,5,6,2,0,0.25,558093,559324,561476,SNCS_22121989
81,0,3,2,1,0,0.25,565476,566379,568726,SNCS_22121989
82,1,8,5,1,1,0.75,572759,574299,576809,SNCS_22121989
83,1,3,6,2,0,0.75,580575,581675,583492,SNCS_22121989
84,1,5,4,1,1,0.75,587458,588155,590591,SNCS_22121989
85,1,8,4,1,1,0.75,594025,595835,598224,SNCS_22121989
86,1,6,8,2,0,0.75,601924,603307,605791,SNCS_22121989
87,1,6,5,1,1,0.75,609024,610139,612457,SNCS_22121989
88,1,8,7,2,1,0.75,616440,617291,619390,SNCS_22121989
89,1,6,2,2,0,0.75,622907,624395,626690,SNCS_22121989
90,1,7,3,1,1,0.75,629956,631355,633573,SNCS_22121989
91,1,5,6,1,1,0.75,637389,638155,640339,SNCS_22121989
92,1,7,7,2,0,0.75,644239,646059,648356,SNCS_22121989
93,1,5,2,1,1,0.75,651989,652811,655122,SNCS_22121989
94,0,4,6,1,1,0.15,669371,670923,673105,SNCS_22121989
95,0,8,8,2,1,0.15,677021,677931,680354,SNCS_22121989
96,0,7,4,2,1,0.15,683504,684683,686654,SNCS_22121989
97,0,5,3,1,0,0.15,690004,690763,692437,SNCS_22121989
98,0,8,4,1,0,0.15,695620,697354,699370,SNCS_22121989
99,0,5,6,2,1,0.15,702437,703402,705303,SNCS_22121989
100,0,2,2,2,1,0.15,709336,712074,713836,SNCS_22121989
101,0,5,8,2,1,0.15,717519,718394,720069,SNCS_22121989
102,0,5,5,1,0,0.15,723869,725082,726852,SNCS_22121989
103,0,3,5,1,0,0.15,730136,731754,733952,SNCS_22121989
104,0,4,6,2,1,0.15,737469,737994,739668,SNCS_22121989
105,0,8,4,2,1,0.15,742752,743578,746018,SNCS_22121989
106,0,5,4,2,1,0.15,749885,750650,752768,SNCS_22121989
107,0,4,4,2,0,0.15,756518,758394,760801,SNCS_22121989
108,0,2,3,1,0,0.15,764301,765098,767001,SNCS_22121989
109,0,4,7,2,0,0.15,770667,772090,774584,SNCS_22121989
110,1,3,5,1,1,0.85,778017,779562,781617,SNCS_22121989
111,1,2,4,2,0,0.85,785133,787498,789950,SNCS_22121989
112,1,2,3,1,1,0.85,793566,794314,796499,SNCS_22121989
113,1,2,5,1,1,0.85,799866,800554,802249,SNCS_22121989
114,1,5,8,2,1,0.85,805866,808394,810465,SNCS_22121989
115,1,8,2,1,1,0.85,814349,815578,817832,SNCS_22121989
116,1,5,2,2,0,0.85,821015,821690,823882,SNCS_22121989
117,1,7,5,2,0,0.85,827715,828778,830798,SNCS_22121989
118,1,4,8,1,1,0.85,833898,834906,836714,SNCS_22121989
119,1,7,6,2,0,0.85,840631,843321,844881,SNCS_22121989
120,1,4,6,1,1,0.85,848514,849209,850897,SNCS_22121989
121,1,5,5,1,0,0.85,854714,855897,858330,SNCS_22121989
1,1,5,2,1,1,0.75,3966,4842,6649,S_NW_07031996
2,1,5,7,1,1,0.75,9916,10682,12849,S_NW_07031996
3,1,8,4,1,1,0.75,16332,16794,19282,S_NW_07031996
4,1,7,7,1,1,0.75,23015,23386,25748,S_NW_07031996
5,1,4,6,1,0,0.75,29548,30058,31915,S_NW_07031996
6,1,5,3,1,0,0.75,35015,35354,37765,S_NW_07031996
7,1,2,8,2,1,0.75,41048,41722,43748,S_NW_07031996
8,1,5,6,2,0,0.75,47347,48138,50131,S_NW_07031996
9,1,8,2,1,0,0.75,53281,53978,56380,S_NW_07031996
10,1,2,3,1,1,0.75,59697,60042,62480,S_NW_07031996
11,1,3,3,1,1,0.75,66380,67002,69263,S_NW_07031996
12,1,6,2,1,0,0.75,73146,73466,75196,S_NW_07031996
13,1,2,5,1,1,0.75,78613,79514,82013,S_NW_07031996
14,1,8,4,1,1,0.75,85813,86506,88579,S_NW_07031996
15,1,2,2,1,1,0.75,91946,92666,94479,S_NW_07031996
16,1,5,5,1,1,0.75,98412,99242,101678,S_NW_07031996
17,1,7,7,1,1,0.75,105362,105978,108145,S_NW_07031996
18,1,7,4,1,1,0.75,111495,112186,114445,S_NW_07031996
19,1,8,3,1,0,0.75,117578,117882,119661,S_NW_07031996
20,0,5,7,1,0,0.25,123411,123786,125777,S_NW_07031996
21,0,2,2,1,1,0.25,128961,129673,131227,S_NW_07031996
22,0,2,6,1,0,0.25,135177,136153,138527,S_NW_07031996
23,0,2,6,2,1,0.25,142127,142601,144910,S_NW_07031996
24,0,8,5,2,1,0.25,148610,149721,151426,S_NW_07031996
25,0,5,3,1,0,0.25,154743,155737,157943,S_NW_07031996
26,0,7,2,2,1,0.25,161726,162361,164326,S_NW_07031996
27,0,6,4,1,0,0.25,167642,168793,171042,S_NW_07031996
28,0,4,4,2,1,0.25,174125,174409,176775,S_NW_07031996
29,0,3,2,2,0,0.25,180558,181049,182775,S_NW_07031996
30,0,4,7,2,1,0.25,185858,186329,188841,S_NW_07031996
31,0,6,8,2,1,0.25,192625,193257,194908,S_NW_07031996
32,0,8,2,2,1,0.25,198008,198777,201024,S_NW_07031996
33,0,6,5,2,1,0.25,205057,205673,207491,S_NW_07031996
34,0,6,4,1,1,0.85,220857,221657,223990,S_NW_07031996
35,0,3,8,2,0,0.85,227406,227865,230256,S_NW_07031996
36,0,3,5,1,1,0.85,233573,234313,236306,S_NW_07031996
37,0,5,7,1,1,0.85,239839,240185,242039,S_NW_07031996
38,0,6,6,1,0,0.85,245972,246441,248022,S_NW_07031996
39,0,7,2,1,1,0.85,251805,252377,254239,S_NW_07031996
40,0,7,2,1,1,0.85,257988,258440,260038,S_NW_07031996
41,0,2,8,1,1,0.85,264055,264840,266405,S_NW_07031996
42,0,3,6,1,1,0.85,270255,272376,274538,S_NW_07031996
43,0,7,8,1,1,0.85,278138,278648,281154,S_NW_07031996
44,0,8,7,1,1,0.85,285121,286536,288987,S_NW_07031996
45,0,4,7,1,1,0.85,292470,293032,295087,S_NW_07031996
46,0,3,3,1,0,0.85,298470,299112,301403,S_NW_07031996
47,0,6,2,1,1,0.85,304970,305512,307136,S_NW_07031996
48,0,3,4,2,0,0.85,311036,312056,313719,S_NW_07031996
49,0,4,2,1,1,0.85,317169,318280,320102,S_NW_07031996
50,0,2,8,1,1,0.85,323586,324088,326085,S_NW_07031996
51,1,2,5,1,0,0.15,329385,330792,333218,S_NW_07031996
52,1,3,5,1,0,0.15,336352,337512,339468,S_NW_07031996
53,1,2,3,2,1,0.15,343001,343320,344935,S_NW_07031996
54,1,3,2,2,1,0.15,348051,348552,350418,S_NW_07031996
55,1,3,8,2,1,0.15,353701,354152,355851,S_NW_07031996
56,1,5,2,2,1,0.15,359384,359800,361817,S_NW_07031996
57,1,7,8,2,1,0.15,365700,366168,368317,S_NW_07031996
58,1,2,3,2,1,0.15,372300,372760,375000,S_NW_07031996
59,1,2,8,2,1,0.15,378350,378920,381166,S_NW_07031996
60,1,7,8,2,1,0.15,385016,385672,387799,S_NW_07031996
61,1,5,8,2,1,0.15,391416,392088,394383,S_NW_07031996
62,1,6,2,2,1,0.15,397866,398856,401349,S_NW_07031996
63,1,2,4,2,1,0.15,405165,405703,408099,S_NW_07031996
64,0,5,2,2,0,0.75,419131,419751,421331,S_NW_07031996
65,0,2,2,1,1,0.75,424465,424887,427248,S_NW_07031996
66,0,7,5,1,0,0.75,431298,431799,433714,S_NW_07031996
67,0,5,4,1,1,0.75,436831,437223,439631,S_NW_07031996
68,0,8,3,1,1,0.75,442964,443415,445064,S_NW_07031996
69,0,4,2,1,0,0.75,448114,448695,450930,S_NW_07031996
70,0,7,8,2,0,0.75,454380,455527,457763,S_NW_07031996
71,0,5,8,1,0,0.75,461413,461863,463780,S_NW_07031996
72,0,5,2,1,1,0.75,467229,467687,470029,S_NW_07031996
73,0,8,2,1,1,0.75,473329,473799,475512,S_NW_07031996
74,0,6,3,1,1,0.75,478579,479191,480845,S_NW_07031996
75,0,8,8,1,1,0.75,484062,484999,487495,S_NW_07031996
76,0,8,2,1,0,0.75,491478,492023,494278,S_NW_07031996
77,0,7,3,1,1,0.75,497861,498615,500528,S_NW_07031996
78,0,6,8,1,0,0.75,503744,505735,507928,S_NW_07031996
79,0,2,7,2,0,0.75,511627,512679,514344,S_NW_07031996
80,0,8,7,1,1,0.75,518327,518935,521110,S_NW_07031996
81,1,5,8,1,0,0.25,524694,526311,528593,S_NW_07031996
82,1,5,4,1,0,0.25,532210,532742,534410,S_NW_07031996
83,1,2,7,2,0,0.25,538226,538598,540809,S_NW_07031996
84,1,3,8,2,1,0.25,544643,545062,547259,S_NW_07031996
85,1,2,8,2,1,0.25,551009,552230,553909,S_NW_07031996
86,1,5,5,2,1,0.25,557325,557814,559675,S_NW_07031996
87,1,5,2,2,1,0.25,563375,563974,566408,S_NW_07031996
88,1,8,3,2,0,0.25,570408,570966,573308,S_NW_07031996
89,1,7,5,2,1,0.25,577275,578902,581391,S_NW_07031996
90,1,5,4,2,0,0.25,584941,586038,587974,S_NW_07031996
91,1,2,5,2,1,0.25,591857,592678,594607,S_NW_07031996
92,1,5,5,2,0,0.25,598524,599398,600974,S_NW_07031996
93,1,2,5,2,0,0.85,610973,611110,612790,S_NW_07031996
94,1,2,8,2,0,0.85,616173,616598,618923,S_NW_07031996
95,1,5,8,1,1,0.85,622139,622630,624723,S_NW_07031996
96,1,4,5,1,1,0.85,628739,629654,631356,S_NW_07031996
97,1,7,2,1,1,0.85,635172,635782,637422,S_NW_07031996
98,1,5,6,1,1,0.85,641088,641830,644255,S_NW_07031996
99,1,4,5,1,1,0.85,647588,649974,652421,S_NW_07031996
100,1,2,4,1,0,0.85,655655,656390,658338,S_NW_07031996
101,1,5,5,1,1,0.85,662271,662822,664521,S_NW_07031996
102,1,8,8,1,1,0.85,667987,668693,670554,S_NW_07031996
103,1,3,5,1,1,0.85,673787,674741,676470,S_NW_07031996
104,1,8,4,1,1,0.85,680003,681157,683087,S_NW_07031996
105,1,6,8,1,1,0.85,686753,687525,689920,S_NW_07031996
106,1,8,7,1,1,0.85,693720,694517,696119,S_NW_07031996
107,1,8,8,1,1,0.85,700053,700677,702886,S_NW_07031996
108,1,2,4,1,1,0.85,706852,707813,709386,S_NW_07031996
109,0,4,6,1,0,0.15,712585,713333,715335,S_NW_07031996
110,0,3,4,1,0,0.15,719368,720309,721968,S_NW_07031996
111,0,5,8,2,1,0.15,725235,725877,727585,S_NW_07031996
112,0,4,3,2,1,0.15,731085,731845,733684,S_NW_07031996
113,0,6,7,2,1,0.15,737651,738277,740418,S_NW_07031996
114,0,3,2,2,1,0.15,744401,744965,746901,S_NW_07031996
115,0,4,4,2,1,0.15,750367,750821,752867,S_NW_07031996
116,0,4,5,2,1,0.15,756533,757109,758900,S_NW_07031996
117,0,6,6,2,1,0.15,762133,762789,764700,S_NW_07031996
118,0,7,7,2,1,0.15,768133,768789,770850,S_NW_07031996
119,0,6,6,2,0,0.15,774549,775173,777166,S_NW_07031996
120,0,8,7,2,1,0.15,781199,781989,784032,S_NW_07031996
121,0,5,2,2,1,0.15,787865,789141,790915,S_NW_07031996
122,0,3,8,2,1,0.15,794882,795941,798198,S_NW_07031996
1,0,5,8,2,1,0.15,6383,7593,9366,S_WL_25051979
2,0,6,8,2,1,0.15,12816,14185,16599,S_WL_25051979
3,0,8,6,1,0,0.15,20215,21497,23799,S_WL_25051979
4,0,7,4,2,1,0.15,27415,29385,30982,S_WL_25051979
5,0,4,7,1,0,0.15,34665,36121,38215,S_WL_25051979
6,0,2,7,2,1,0.15,41631,43737,46231,S_WL_25051979
7,0,6,2,1,0,0.15,49981,52361,54764,S_WL_25051979
8,0,8,6,2,1,0.15,58030,60873,63280,S_WL_25051979
9,0,5,7,2,1,0.15,66430,68233,70530,S_WL_25051979
10,0,2,5,1,0,0.15,73630,75129,77280,S_WL_25051979
11,0,4,2,1,0,0.15,81146,83113,84746,S_WL_25051979
12,0,5,8,2,1,0.15,88046,89449,91579,S_WL_25051979
13,0,4,2,2,1,0.15,95029,97833,99945,S_WL_25051979
14,0,8,4,1,0,0.15,103779,105816,107495,S_WL_25051979
15,0,2,7,2,1,0.15,110945,114536,117028,S_WL_25051979
16,0,2,5,2,1,0.15,120628,123304,125261,S_WL_25051979
17,1,4,2,2,0,0.85,129011,130936,132477,S_WL_25051979
18,1,8,4,1,0,0.85,136494,139000,140877,S_WL_25051979
19,1,3,8,2,1,0.85,144260,146264,148343,S_WL_25051979
20,1,3,8,2,1,0.85,151493,153992,155726,S_WL_25051979
21,1,4,5,1,1,0.85,159010,161016,163243,S_WL_25051979
22,1,5,8,2,0,0.85,166359,168200,170309,S_WL_25051979
23,1,6,2,2,0,0.85,173959,177688,179492,S_WL_25051979
24,1,6,3,1,1,0.85,183042,184184,185808,S_WL_25051979
25,1,5,4,2,0,0.85,189708,190936,192508,S_WL_25051979
26,1,6,5,1,1,0.85,195775,198712,200791,S_WL_25051979
27,1,2,3,2,0,0.85,204058,207416,209291,S_WL_25051979
28,1,3,7,2,1,0.85,212607,215592,217824,S_WL_25051979
29,1,2,4,2,0,0.85,221557,223224,225040,S_WL_25051979
30,1,2,4,1,1,0.85,228307,229624,231740,S_WL_25051979
31,1,3,5,2,0,0.85,235090,238376,240239,S_WL_25051979
32,1,3,8,2,0,0.85,244106,246056,248222,S_WL_25051979
33,1,8,5,1,1,0.85,251606,253671,255506,S_WL_25051979
34,1,3,6,2,0,0.85,258989,262743,264655,S_WL_25051979
35,0,3,3,1,1,0.75,276738,279207,281421,S_WL_25051979
36,0,6,7,1,0,0.75,285304,288343,289954,S_WL_25051979
37,0,6,3,2,0,0.75,293637,296663,298654,S_WL_25051979
38,0,7,6,2,0,0.75,302120,305095,307403,S_WL_25051979
39,0,5,5,2,0,0.75,310670,313047,314786,S_WL_25051979
40,0,3,4,1,1,0.75,318520,320583,322703,S_WL_25051979
41,0,6,2,2,0,0.75,326403,327991,329986,S_WL_25051979
42,0,2,4,1,1,0.75,333452,335639,337535,S_WL_25051979
43,0,6,4,2,0,0.75,341519,343143,345002,S_WL_25051979
44,0,6,3,1,1,0.75,348402,350311,352635,S_WL_25051979
45,0,8,6,1,1,0.75,356151,357927,360101,S_WL_25051979
46,0,3,8,2,0,0.75,363784,365335,366934,S_WL_25051979
47,0,5,8,2,0,0.75,370367,372135,374317,S_WL_25051979
48,0,6,6,1,1,0.75,378250,380407,382050,S_WL_25051979
49,0,5,4,2,0,0.75,386017,387783,390283,S_WL_25051979
50,0,5,3,1,1,0.75,393650,395015,396700,S_WL_25051979
51,1,4,2,1,0,0.25,399999,402230,404333,S_WL_25051979
52,1,3,5,2,0,0.25,407649,410694,412432,S_WL_25051979
53,1,5,2,2,1,0.25,415749,417750,419999,S_WL_25051979
54,1,2,2,1,0,0.25,424032,426182,428332,S_WL_25051979
55,1,3,3,1,0,0.25,431648,433702,435881,S_WL_25051979
56,1,3,2,2,1,0.25,439398,440838,443014,S_WL_25051979
57,1,7,8,1,0,0.25,446731,447702,449581,S_WL_25051979
58,1,8,6,1,0,0.25,453247,454518,456697,S_WL_25051979
59,1,3,5,2,1,0.25,460664,463398,465147,S_WL_25051979
60,1,5,6,1,0,0.25,469047,470694,472780,S_WL_25051979
61,1,6,7,2,1,0.25,475996,476854,478780,S_WL_25051979
62,1,3,3,2,1,0.25,482729,483878,485663,S_WL_25051979
63,1,4,6,2,1,0.15,497795,500022,502479,S_WL_25051979
64,1,7,2,1,0,0.15,506278,508102,509695,S_WL_25051979
65,1,3,2,1,0,0.15,513545,516262,518444,S_WL_25051979
66,1,4,7,2,1,0.15,521528,523094,524761,S_WL_25051979
67,1,2,4,1,0,0.15,528727,531878,534394,S_WL_25051979
68,1,3,6,2,1,0.15,537627,540422,541960,S_WL_25051979
69,1,5,8,2,1,0.15,545360,548838,550393,S_WL_25051979
70,1,5,8,2,1,0.15,554360,556421,558176,S_WL_25051979
71,1,2,2,1,0,0.15,561309,565669,567442,S_WL_25051979
72,1,3,2,2,1,0.15,571526,575013,577442,S_WL_25051979
73,1,7,5,2,1,0.15,580709,585429,587458,S_WL_25051979
74,1,2,5,1,0,0.15,590891,592453,594125,S_WL_25051979
75,1,3,6,2,1,0.15,597358,598981,601291,S_WL_25051979
76,1,2,4,1,0,0.15,604408,607141,608841,S_WL_25051979
77,1,3,6,2,1,0.15,612857,614757,616957,S_WL_25051979
78,1,7,3,2,1,0.15,620207,621909,623873,S_WL_25051979
79,1,5,3,2,1,0.15,627440,629237,631373,S_WL_25051979
80,1,8,4,1,0,0.15,634656,637333,639656,S_WL_25051979
81,1,2,5,2,1,0.15,642839,643781,646206,S_WL_25051979
82,1,7,3,2,1,0.15,649506,651397,653456,S_WL_25051979
83,0,4,6,1,1,0.85,656922,659269,661672,S_WL_25051979
84,0,8,2,2,0,0.85,665122,667397,669022,S_WL_25051979
85,0,5,4,2,0,0.85,672921,674245,675955,S_WL_25051979
86,0,2,8,1,1,0.85,679188,682213,684204,S_WL_25051979
87,0,6,8,1,0,0.85,687504,691029,693121,S_WL_25051979
88,0,2,6,2,0,0.85,697170,698388,700820,S_WL_25051979
89,0,7,8,1,0,0.85,704753,706388,708203,S_WL_25051979
90,0,8,2,1,0,0.85,712086,714180,715836,S_WL_25051979
91,0,6,5,1,0,0.85,719369,721236,723586,S_WL_25051979
92,0,7,5,2,0,0.85,727469,729044,731402,S_WL_25051979
93,0,3,2,1,1,0.85,735452,736532,738469,S_WL_25051979
94,0,7,7,1,1,0.85,742502,744308,746052,S_WL_25051979
95,0,6,8,1,1,0.85,749235,750932,753451,S_WL_25051979
96,0,5,7,2,0,0.85,757468,759044,761034,S_WL_25051979
97,1,7,2,1,1,0.75,777467,778372,780234,S_WL_25051979
98,1,4,7,3,0,0.75,783467,785860,787733,S_WL_25051979
99,1,2,3,1,0,0.75,791283,793172,795233,S_WL_25051979
100,1,6,3,1,1,0.75,798599,799620,801883,S_WL_25051979
101,1,6,3,1,0,0.75,805516,806900,809416,S_WL_25051979
102,1,4,7,3,0,0.75,813065,816692,819199,S_WL_25051979
103,1,3,2,1,1,0.75,823132,824948,827298,S_WL_25051979
104,1,7,5,2,0,0.75,830765,833732,835415,S_WL_25051979
105,1,5,4,1,1,0.75,838781,839939,842331,S_WL_25051979
106,1,3,5,2,1,0.75,845731,846836,848364,S_WL_25051979
107,1,8,6,2,1,0.75,851714,853427,854997,S_WL_25051979
108,1,2,3,2,0,0.75,858647,861411,863430,S_WL_25051979
109,1,7,6,1,1,0.75,866963,868019,869580,S_WL_25051979
110,1,2,7,2,0,0.75,873613,875763,878279,S_WL_25051979
111,1,8,4,1,0,0.75,881629,883747,885512,S_WL_25051979
112,1,8,5,2,0,0.75,889479,890739,892462,S_WL_25051979
113,0,4,5,2,0,0.25,896495,898003,899845,S_WL_25051979
114,0,4,6,2,1,0.25,903262,905075,907395,S_WL_25051979
115,0,4,3,1,1,0.25,910495,912947,915111,S_WL_25051979
116,0,6,6,1,1,0.25,918328,920403,922194,S_WL_25051979
117,0,6,7,3,1,0.25,925827,927331,929277,S_WL_25051979
118,0,7,3,1,0,0.25,933360,934739,936594,S_WL_25051979
119,0,2,2,2,1,0.25,940160,940915,943027,S_WL_25051979
120,0,4,8,2,1,0.25,946693,948323,950776,S_WL_25051979
121,0,5,8,2,0,0.25,954260,955603,957309,S_WL_25051979
122,0,2,5,1,0,0.25,960626,962515,964609,S_WL_25051979
123,0,2,7,2,1,0.25,967709,968451,970576,S_WL_25051979
124,0,8,6,2,1,0.25,974625,976355,978742,S_WL_25051979
125,0,7,7,1,0,0.25,981825,983186,985158,S_WL_25051979
126,0,4,5,2,1,0.25,988458,989155,991141,S_WL_25051979
127,0,5,7,1,0,0.25,994225,996354,997991,S_WL_25051979
1,0,6,4,2,1,0.25,6349,8992,10532,TPAO_16051980
2,0,5,5,2,1,0.25,13716,14896,17249,TPAO_16051980
3,0,3,8,2,1,0.25,20749,21584,23499,TPAO_16051980
4,0,5,7,1,0,0.25,26582,27200,29148,TPAO_16051980
5,0,8,2,2,1,0.25,32748,37952,40448,TPAO_16051980
6,0,6,2,1,0,0.25,44431,44560,46581,TPAO_16051980
7,0,6,3,2,1,0.25,49797,51616,53397,TPAO_16051980
8,0,2,5,2,0,0.25,56497,56672,58780,TPAO_16051980
9,0,6,3,2,1,0.25,62397,62896,64697,TPAO_16051980
10,0,6,8,1,0,0.25,68363,69904,71846,TPAO_16051980
11,0,6,3,1,0,0.25,75463,76672,78896,TPAO_16051980
12,0,2,3,2,1,0.25,82496,82624,84513,TPAO_16051980
13,0,3,8,2,1,0.25,88346,88608,90362,TPAO_16051980
14,0,5,8,1,0,0.25,94112,94384,96362,TPAO_16051980
15,0,4,8,2,0,0.25,99579,102416,104645,TPAO_16051980
16,0,3,2,2,1,0.25,107878,109184,111045,TPAO_16051980
17,0,2,8,2,0,0.25,114378,116096,118328,TPAO_16051980
18,1,7,3,2,0,0.75,121478,126015,127977,TPAO_16051980
19,1,8,3,2,0,0.75,131344,132799,135077,TPAO_16051980
20,1,4,3,1,1,0.75,138710,141695,144060,TPAO_16051980
21,1,5,6,1,1,0.75,148043,148719,150443,TPAO_16051980
22,1,7,3,1,0,0.75,154060,155039,157026,TPAO_16051980
23,1,4,4,1,1,0.75,160693,161167,163193,TPAO_16051980
24,1,4,8,1,1,0.75,166276,167775,169792,TPAO_16051980
25,1,7,2,1,0,0.75,173725,174495,176742,TPAO_16051980
26,1,2,8,2,1,0.75,180492,182015,184208,TPAO_16051980
27,1,2,3,2,0,0.75,187642,188927,190941,TPAO_16051980
28,1,4,8,2,0,0.75,194875,195087,196941,TPAO_16051980
29,1,2,4,1,1,0.75,200491,200559,202108,TPAO_16051980
30,1,4,3,1,0,0.75,205224,212015,213974,TPAO_16051980
31,0,2,3,2,1,0.85,227840,230335,231890,TPAO_16051980
32,0,4,8,2,0,0.85,235573,236191,238556,TPAO_16051980
33,0,5,4,2,0,0.85,242339,242719,244339,TPAO_16051980
34,0,2,2,1,0,0.85,247622,248959,251272,TPAO_16051980
35,0,2,4,1,1,0.85,254355,254799,256655,TPAO_16051980
36,0,5,7,1,1,0.85,259755,260479,262538,TPAO_16051980
37,0,2,7,1,1,0.85,266505,267023,268738,TPAO_16051980
38,0,6,7,1,1,0.85,272671,272846,275171,TPAO_16051980
39,0,3,6,1,1,0.85,278621,278750,281138,TPAO_16051980
40,0,5,8,1,1,0.85,284954,285390,287104,TPAO_16051980
41,0,7,5,2,0,0.85,290521,290798,293037,TPAO_16051980
42,0,6,6,1,1,0.85,296654,296718,298587,TPAO_16051980
43,0,5,7,1,1,0.85,301637,301918,303903,TPAO_16051980
44,0,6,8,1,1,0.85,306937,307646,309370,TPAO_16051980
45,0,6,8,1,1,0.85,313203,313774,315953,TPAO_16051980
46,0,2,4,1,1,0.85,319769,320302,321936,TPAO_16051980
47,0,5,4,1,1,0.85,325319,325566,327802,TPAO_16051980
48,1,7,5,1,0,0.15,331402,332510,334519,TPAO_16051980
49,1,5,6,1,0,0.15,337669,337726,339868,TPAO_16051980
50,1,8,3,2,1,0.15,343052,344974,346518,TPAO_16051980
51,1,8,7,2,1,0.15,350351,350510,353018,TPAO_16051980
52,1,5,8,2,1,0.15,356301,357102,358668,TPAO_16051980
53,1,6,7,2,1,0.15,362134,362990,365084,TPAO_16051980
54,1,3,7,2,1,0.15,368184,368718,370984,TPAO_16051980
55,1,8,5,2,1,0.15,374817,375598,377417,TPAO_16051980
56,1,8,4,2,1,0.15,380550,380798,382550,TPAO_16051980
57,1,7,4,2,0,0.15,385733,386894,388466,TPAO_16051980
58,1,3,5,2,1,0.15,391550,391902,393450,TPAO_16051980
59,1,3,8,2,1,0.15,397216,397422,399333,TPAO_16051980
60,1,4,5,1,1,0.85,411482,413101,415165,TPAO_16051980
61,1,5,7,1,1,0.85,418365,421405,423165,TPAO_16051980
62,1,3,5,1,1,0.85,426548,428685,430298,TPAO_16051980
63,1,4,6,1,1,0.85,433731,435901,437831,TPAO_16051980
64,1,3,2,1,1,0.85,441881,441885,444314,TPAO_16051980
65,1,5,7,1,1,0.85,448114,448605,451030,TPAO_16051980
66,1,4,8,1,1,0.85,454697,454733,457047,TPAO_16051980
67,1,4,5,1,1,0.85,460330,460909,462763,TPAO_16051980
68,1,4,6,1,1,0.85,466246,467517,469946,TPAO_16051980
69,1,3,6,1,1,0.85,473163,473405,475429,TPAO_16051980
70,1,4,7,1,1,0.85,478779,481613,483596,TPAO_16051980
71,1,7,4,1,0,0.85,486712,487325,488962,TPAO_16051980
72,1,4,4,1,1,0.85,492479,492973,495412,TPAO_16051980
73,1,3,3,1,1,0.85,499178,499165,501162,TPAO_16051980
74,1,8,2,1,1,0.85,504211,504861,506511,TPAO_16051980
75,1,5,8,1,1,0.85,510128,510637,513011,TPAO_16051980
76,1,8,2,1,1,0.85,516394,516813,518578,TPAO_16051980
77,0,3,7,1,0,0.15,522161,522285,524777,TPAO_16051980
78,0,2,5,1,0,0.15,528377,528509,530427,TPAO_16051980
79,0,4,5,2,1,0.15,534310,535501,537527,TPAO_16051980
80,0,3,2,2,0,0.15,540743,541309,543160,TPAO_16051980
81,0,7,5,2,0,0.15,546660,548029,550476,TPAO_16051980
82,0,4,2,1,0,0.15,553676,553901,556259,TPAO_16051980
83,0,6,3,1,1,0.15,559909,561292,562992,TPAO_16051980
84,0,5,8,1,1,0.15,566942,567244,569259,TPAO_16051980
85,0,2,7,1,0,0.15,572725,573628,576108,TPAO_16051980
86,0,2,8,1,0,0.15,579625,580796,582442,TPAO_16051980
87,0,3,2,1,0,0.15,585541,586588,588841,TPAO_16051980
88,0,6,8,2,1,0.15,592241,592460,594774,TPAO_16051980
89,0,8,7,2,0,0.75,606957,610572,612607,TPAO_16051980
90,0,3,8,2,0,0.75,615957,617452,619340,TPAO_16051980
91,0,3,4,2,0,0.75,623206,623916,626023,TPAO_16051980
92,0,7,5,1,1,0.75,629090,630348,632573,TPAO_16051980
93,0,6,7,1,1,0.75,636356,637308,639222,TPAO_16051980
94,0,2,8,1,0,0.75,642322,642332,644072,TPAO_16051980
95,0,7,6,1,1,0.75,647789,647868,650005,TPAO_16051980
96,0,3,2,1,1,0.75,653505,654780,656522,TPAO_16051980
97,0,8,2,1,1,0.75,660022,661660,664021,TPAO_16051980
98,0,8,4,1,1,0.75,667055,667852,670238,TPAO_16051980
99,0,2,8,1,1,0.75,673304,673772,675821,TPAO_16051980
100,0,6,3,1,1,0.75,678887,679980,681921,TPAO_16051980
101,0,5,2,1,1,0.75,685870,687404,689054,TPAO_16051980
102,0,6,3,1,1,0.75,692570,693452,695003,TPAO_16051980
103,0,8,7,1,1,0.75,698370,700220,701820,TPAO_16051980
104,0,3,5,1,1,0.75,705686,706300,708036,TPAO_16051980
105,0,6,3,1,1,0.75,711419,711963,714253,TPAO_16051980
106,0,5,4,1,0,0.75,717586,718395,720536,TPAO_16051980
107,0,4,8,1,1,0.75,724069,725339,727335,TPAO_16051980
108,0,6,2,1,1,0.75,730602,731435,733718,TPAO_16051980
109,1,8,2,1,1,0.25,737135,737883,739952,TPAO_16051980
110,1,3,8,1,1,0.25,743368,745099,746885,TPAO_16051980
111,1,4,5,1,0,0.25,750668,750763,752418,TPAO_16051980
112,1,3,8,1,0,0.25,756168,756171,758434,TPAO_16051980
113,1,2,8,2,0,0.25,762217,763611,765717,TPAO_16051980
114,1,4,2,2,1,0.25,769067,769771,771817,TPAO_16051980
115,1,3,5,2,1,0.25,775567,775979,778350,TPAO_16051980
116,1,4,7,2,1,0.25,781816,782091,784333,TPAO_16051980
117,1,7,5,2,0,0.25,787500,788043,790483,TPAO_16051980
118,1,5,2,2,0,0.25,794166,794235,796349,TPAO_16051980
119,1,3,2,2,1,0.25,800382,800491,802182,TPAO_16051980
120,1,6,7,2,0,0.25,805682,807291,809332,TPAO_16051980
121,1,4,6,1,0,0.25,813198,813963,815765,TPAO_16051980
122,1,5,2,1,0,0.25,819681,820427,822898,TPAO_16051980
123,1,8,6,1,1,0.25,826881,827147,829248,TPAO_16051980
1,0,3,4,2,0,0.85,6066,7408,9249,VCCA_28091993
2,0,3,3,1,1,0.85,13266,14192,16332,VCCA_28091993
3,0,2,8,1,0,0.85,19532,20720,22732,VCCA_28091993
4,0,6,6,2,0,0.85,26165,27264,28798,VCCA_28091993
5,0,3,3,2,0,0.85,32398,35936,37798,VCCA_28091993
6,0,5,5,1,1,0.85,41381,41872,43831,VCCA_28091993
7,0,8,5,1,1,0.85,47731,51840,54064,VCCA_28091993
8,0,3,4,1,1,0.85,57280,61296,63363,VCCA_28091993
9,0,6,2,1,1,0.85,66913,68368,69963,VCCA_28091993
10,0,6,6,1,1,0.85,73846,74927,77313,VCCA_28091993
11,0,3,6,1,1,0.85,80379,82287,84229,VCCA_28091993
12,0,6,7,1,1,0.85,87879,90991,92846,VCCA_28091993
13,0,8,8,1,0,0.85,96612,99023,101512,VCCA_28091993
14,0,8,2,2,0,0.85,104912,107199,108845,VCCA_28091993
15,0,3,8,2,0,0.85,112928,113615,116128,VCCA_28091993
16,0,3,7,1,1,0.85,119528,120031,122244,VCCA_28091993
17,0,2,6,1,0,0.85,125677,125871,128394,VCCA_28091993
18,1,2,2,2,1,0.15,131894,135999,138244,VCCA_28091993
19,1,3,6,2,1,0.15,141777,144927,146993,VCCA_28091993
20,1,7,7,2,1,0.15,150110,151167,153426,VCCA_28091993
21,1,4,8,2,1,0.15,157343,159263,161076,VCCA_28091993
22,1,8,5,2,1,0.15,165092,166399,168409,VCCA_28091993
23,1,2,4,2,1,0.15,171809,174431,176759,VCCA_28091993
24,1,5,2,2,0,0.15,180742,181967,183708,VCCA_28091993
25,1,6,5,2,1,0.15,187291,189231,190958,VCCA_28091993
26,1,6,7,2,1,0.15,194241,196287,197891,VCCA_28091993
27,1,2,7,2,1,0.15,201191,204143,206257,VCCA_28091993
28,1,3,7,2,1,0.15,209790,211950,213824,VCCA_28091993
29,1,2,2,2,1,0.15,217573,218878,220940,VCCA_28091993
30,1,2,7,1,1,0.85,236056,242046,243906,VCCA_28091993
31,1,3,3,1,1,0.85,247389,248494,250089,VCCA_28091993
32,1,4,7,1,1,0.85,253189,253966,255522,VCCA_28091993
33,1,2,3,1,1,0.85,259438,260318,262305,VCCA_28091993
34,1,2,4,1,1,0.85,266171,266830,269221,VCCA_28091993
35,1,4,4,1,1,0.85,272471,273790,275988,VCCA_28091993
36,1,7,3,1,1,0.85,279587,282078,284454,VCCA_28091993
37,1,3,7,1,0,0.85,288270,289246,291570,VCCA_28091993
38,1,3,5,1,0,0.85,294803,297886,299670,VCCA_28091993
39,1,5,8,2,1,0.85,303636,305774,307420,VCCA_28091993
40,1,3,8,2,0,0.85,310586,311758,313669,VCCA_28091993
41,1,5,8,2,0,0.85,317136,320798,322386,VCCA_28091993
42,1,6,4,1,1,0.85,325669,326190,328035,VCCA_28091993
43,1,4,6,1,1,0.85,331769,332414,334202,VCCA_28091993
44,1,5,7,1,1,0.85,338268,339181,341651,VCCA_28091993
45,1,7,8,1,1,0.85,345335,347085,348618,VCCA_28091993
46,1,8,3,1,1,0.85,351934,353629,355234,VCCA_28091993
47,0,8,2,1,0,0.15,358684,359629,361617,VCCA_28091993
48,0,8,2,2,1,0.15,365634,367645,369850,VCCA_28091993
49,0,4,7,2,1,0.15,373333,374045,375950,VCCA_28091993
50,0,7,5,2,0,0.15,379916,382477,384300,VCCA_28091993
51,0,3,6,1,0,0.15,388016,389069,391249,VCCA_28091993
52,0,5,2,1,0,0.15,394799,395373,397732,VCCA_28091993
53,0,5,3,2,1,0.15,401315,401773,404032,VCCA_28091993
54,0,2,3,2,1,0.15,408099,408957,411032,VCCA_28091993
55,0,7,3,2,1,0.15,414132,414893,416948,VCCA_28091993
56,0,2,8,2,0,0.15,420848,421757,424014,VCCA_28091993
57,0,6,5,1,0,0.15,427781,430621,432647,VCCA_28091993
58,0,4,4,1,0,0.15,436031,438973,440530,VCCA_28091993
59,0,7,5,2,0,0.15,443730,444781,446764,VCCA_28091993
60,0,3,5,1,0,0.15,449963,450733,452397,VCCA_28091993
61,0,7,5,2,0,0.25,468079,469613,471729,VCCA_28091993
62,0,7,8,1,0,0.25,475762,476396,478295,VCCA_28091993
63,0,7,2,1,0,0.25,482079,484252,486562,VCCA_28091993
64,0,2,7,2,1,0.25,489862,492124,494411,VCCA_28091993
65,0,5,2,2,1,0.25,497611,498172,500411,VCCA_28091993
66,0,4,3,2,1,0.25,503978,504524,506928,VCCA_28091993
67,0,7,7,2,1,0.25,510027,510812,512744,VCCA_28091993
68,0,3,8,2,1,0.25,515911,516988,519494,VCCA_28091993
69,0,2,3,2,1,0.25,523027,523852,526293,VCCA_28091993
70,0,7,7,2,1,0.25,529927,532508,534326,VCCA_28091993
71,0,2,3,2,1,0.25,537626,538668,540476,VCCA_28091993
72,0,6,8,2,0,0.25,544076,546892,548726,VCCA_28091993
73,0,5,8,1,0,0.25,552642,555084,557142,VCCA_28091993
74,0,8,8,2,1,0.25,560259,562124,564442,VCCA_28091993
75,0,2,3,2,1,0.25,568058,568956,570592,VCCA_28091993
76,0,2,4,2,0,0.25,574125,575180,577208,VCCA_28091993
77,0,7,8,2,1,0.25,580924,581980,584108,VCCA_28091993
78,0,4,6,2,1,0.25,587991,589356,590907,VCCA_28091993
79,0,4,7,2,1,0.25,594424,595340,597257,VCCA_28091993
80,1,2,7,2,0,0.75,600607,601451,603040,VCCA_28091993
81,1,8,8,2,1,0.75,607090,607083,609206,VCCA_28091993
82,1,7,2,2,0,0.75,612990,613915,616206,VCCA_28091993
83,1,6,6,2,0,0.75,619639,623243,624972,VCCA_28091993
84,1,5,7,1,1,0.75,628056,628747,630855,VCCA_28091993
85,1,5,8,1,0,0.75,634889,636395,638105,VCCA_28091993
86,1,5,4,2,0,0.75,641538,642827,644405,VCCA_28091993
87,1,2,7,1,1,0.75,648271,652475,654021,VCCA_28091993
88,1,4,4,1,1,0.75,658071,659019,660988,VCCA_28091993
89,1,7,6,1,1,0.75,664704,665819,667437,VCCA_28091993
90,1,8,6,1,1,0.75,670604,671115,672754,VCCA_28091993
91,1,5,8,1,1,0.75,676404,677179,679487,VCCA_28091993
92,0,5,6,2,0,0.75,694419,707195,709202,VCCA_28091993
93,0,8,3,1,1,0.75,713169,714123,716185,VCCA_28091993
94,0,5,6,1,1,0.75,719935,720923,723018,VCCA_28091993
95,0,2,7,1,1,0.75,726201,729946,732268,VCCA_28091993
96,0,4,3,1,1,0.75,735368,737546,739884,VCCA_28091993
97,0,8,8,1,1,0.75,743367,744330,746667,VCCA_28091993
98,0,5,6,1,1,0.75,750150,751546,753600,VCCA_28091993
99,0,4,7,1,1,0.75,757350,757802,759883,VCCA_28091993
100,0,7,3,1,0,0.75,763133,764954,766966,VCCA_28091993
101,0,5,4,1,0,0.75,770166,771882,774316,VCCA_28091993
102,0,5,6,2,0,0.75,778033,781210,782799,VCCA_28091993
103,0,8,6,2,0,0.75,786599,788074,790132,VCCA_28091993
104,0,4,7,1,1,0.75,794032,794842,796932,VCCA_28091993
105,0,3,7,1,0,0.75,800348,803418,804948,VCCA_28091993
106,0,7,7,2,0,0.75,808531,809882,812098,VCCA_28091993
107,0,7,3,1,1,0.75,815798,817306,819664,VCCA_28091993
108,0,4,7,1,0,0.75,823247,824298,826314,VCCA_28091993
109,0,4,6,2,0,0.75,829947,831434,833313,VCCA_28091993
110,0,6,4,1,1,0.75,837113,838954,840763,VCCA_28091993
111,0,2,4,1,1,0.75,843896,846442,848313,VCCA_28091993
112,1,2,3,1,0,0.25,852163,853626,856096,VCCA_28091993
113,1,7,2,1,0,0.25,859212,859594,861829,VCCA_28091993
114,1,4,8,2,0,0.25,865312,865882,867779,VCCA_28091993
115,1,6,8,2,1,0.25,871612,873449,875678,VCCA_28091993
116,1,2,6,2,0,0.25,879445,880201,882378,VCCA_28091993
117,1,3,7,1,0,0.25,885678,887065,888861,VCCA_28091993
118,1,4,2,2,1,0.25,892711,893145,895644,VCCA_28091993
119,1,7,3,2,1,0.25,899027,899705,901911,VCCA_28091993
120,1,4,4,2,1,0.25,905060,905785,907527,VCCA_28091993
121,1,8,7,2,1,0.25,911160,911801,914160,VCCA_28091993
122,1,7,4,2,1,0.25,917460,918121,919776,VCCA_28091993
123,1,3,4,2,1,0.25,923676,926793,928409,VCCA_28091993
124,1,3,5,2,0,0.25,931626,933289,934842,VCCA_28091993
125,1,3,6,2,0,0.25,938542,942937,944909,VCCA_28091993
126,1,2,6,2,1,0.25,948625,949785,952075,VCCA_28091993
1,0,5,3,1,0,0.15,3016,4175,6266,VCVS_06101984
2,0,8,4,1,0,0.15,9999,10991,12782,VCVS_06101984
3,0,6,2,1,1,0.15,16865,19455,21182,VCVS_06101984
4,0,6,6,2,0,0.15,24332,26110,28232,VCVS_06101984
5,0,4,8,1,0,0.15,31398,32158,34348,VCVS_06101984
6,0,8,8,2,0,0.15,38081,41534,43431,VCVS_06101984
7,0,7,5,1,0,0.15,47031,47678,49781,VCVS_06101984
8,0,3,3,1,1,0.15,53814,55262,57664,VCVS_06101984
9,0,3,2,1,0,0.15,61664,62494,64830,VCVS_06101984
10,0,2,8,1,0,0.15,68163,71182,72946,VCVS_06101984
11,0,4,3,2,1,0.15,76980,77710,79613,VCVS_06101984
12,0,4,6,2,1,0.15,83479,84142,86229,VCVS_06101984
13,0,3,6,2,1,0.15,89396,90526,92079,VCVS_06101984
14,0,3,8,2,1,0.15,95779,96670,98845,VCVS_06101984
15,0,8,6,2,1,0.15,102445,102990,105095,VCVS_06101984
16,0,4,8,2,1,0.15,108745,109342,111078,VCVS_06101984
17,1,7,3,2,0,0.85,114478,117822,119695,VCVS_06101984
18,1,3,7,2,0,0.85,123061,123470,125011,VCVS_06101984
19,1,4,5,2,0,0.85,128194,132014,134094,VCVS_06101984
20,1,4,5,2,0,0.85,137710,138494,140177,VCVS_06101984
21,1,8,7,1,1,0.85,144227,144622,146410,VCVS_06101984
22,1,4,8,1,0,0.85,149477,150062,151727,VCVS_06101984
23,1,2,7,1,1,0.85,155610,156654,158960,VCVS_06101984
24,1,7,3,1,1,0.85,162043,162846,164893,VCVS_06101984
25,1,5,5,1,1,0.85,168626,169214,171342,VCVS_06101984
26,1,8,6,1,1,0.85,175176,175629,177492,VCVS_06101984
27,1,2,7,1,1,0.85,180659,182797,184875,VCVS_06101984
28,1,5,5,2,0,0.85,188958,190733,192391,VCVS_06101984
29,1,2,4,1,0,0.85,196408,198909,200591,VCVS_06101984
30,1,8,2,1,1,0.75,209757,211997,214341,VCVS_06101984
31,1,5,8,1,1,0.75,218357,219533,221157,VCVS_06101984
32,1,8,7,1,0,0.75,224307,225389,226940,VCVS_06101984
33,1,8,4,1,1,0.75,230140,231821,233940,VCVS_06101984
34,1,7,6,1,1,0.75,237090,237629,239889,VCVS_06101984
35,1,3,5,1,1,0.75,243389,244781,247206,VCVS_06101984
36,1,6,3,1,0,0.75,250972,251677,253339,VCVS_06101984
37,1,5,7,2,1,0.75,256805,257325,259589,VCVS_06101984
38,1,7,6,1,1,0.75,263488,264733,266422,VCVS_06101984
39,1,3,7,1,0,0.75,270072,273325,275438,VCVS_06101984
40,1,5,2,1,0,0.75,279421,282733,284854,VCVS_06101984
41,1,3,3,1,1,0.75,288404,288925,291154,VCVS_06101984
42,1,3,6,2,0,0.75,295120,299149,301270,VCVS_06101984
43,1,6,4,1,1,0.75,305237,306957,308953,VCVS_06101984
44,1,2,5,1,1,0.75,312320,312940,315186,VCVS_06101984
45,1,8,4,1,1,0.75,318986,320124,322086,VCVS_06101984
46,1,6,7,2,0,0.75,325803,326908,328836,VCVS_06101984
47,1,6,3,1,1,0.75,332352,332972,334585,VCVS_06101984
48,1,2,3,1,1,0.75,337702,338924,341269,VCVS_06101984
49,1,8,6,1,0,0.75,344835,345564,347868,VCVS_06101984
50,0,4,7,2,1,0.25,351051,354828,356468,VCVS_06101984
51,0,6,5,2,1,0.25,360534,363164,364984,VCVS_06101984
52,0,2,7,1,0,0.25,368851,369660,371601,VCVS_06101984
53,0,2,3,1,0,0.25,374917,375436,377017,VCVS_06101984
54,0,5,2,1,1,0.25,380434,381388,383033,VCVS_06101984
55,0,8,6,1,0,0.25,386150,386572,388250,VCVS_06101984
56,0,8,4,2,1,0.25,391983,392652,394750,VCVS_06101984
57,0,4,3,2,1,0.25,398316,398908,401399,VCVS_06101984
58,0,4,6,2,1,0.25,405199,406124,407832,VCVS_06101984
59,0,4,8,2,1,0.25,411299,416988,419315,VCVS_06101984
60,0,2,5,1,0,0.25,423048,424156,426465,VCVS_06101984
61,0,4,2,1,0,0.25,430381,431404,433765,VCVS_06101984
62,0,6,8,2,1,0.85,443481,445388,447464,VCVS_06101984
63,0,8,7,2,0,0.85,451397,452396,454564,VCVS_06101984
64,0,2,3,2,0,0.85,457747,458603,460347,VCVS_06101984
65,0,2,4,2,0,0.85,464163,464683,467030,VCVS_06101984
66,0,8,7,1,1,0.85,471080,471579,473896,VCVS_06101984
67,0,4,5,1,1,0.85,477096,477851,480029,VCVS_06101984
68,0,6,7,1,1,0.85,483979,484411,486529,VCVS_06101984
69,0,7,6,1,1,0.85,490296,491275,493529,VCVS_06101984
70,0,4,3,1,1,0.85,497012,497995,500395,VCVS_06101984
71,0,6,6,1,1,0.85,504012,504571,506712,VCVS_06101984
72,0,7,5,1,1,0.85,510195,510843,512561,VCVS_06101984
73,0,2,6,2,0,0.85,516111,518219,519978,VCVS_06101984
74,0,5,6,2,0,0.85,523278,523947,525994,VCVS_06101984
75,0,4,6,1,1,0.85,529994,531547,533344,VCVS_06101984
76,0,3,5,1,1,0.85,537010,537803,539444,VCVS_06101984
77,0,3,8,1,1,0.85,542877,543467,545943,VCVS_06101984
78,0,4,8,1,0,0.85,549526,550555,552610,VCVS_06101984
79,1,4,5,2,1,0.15,555693,555963,557876,VCVS_06101984
80,1,5,8,1,0,0.15,561009,562699,565009,VCVS_06101984
81,1,3,3,1,0,0.15,568492,570987,573475,VCVS_06101984
82,1,8,8,2,1,0.15,576692,577163,579159,VCVS_06101984
83,1,3,7,2,0,0.15,582992,583419,585875,VCVS_06101984
84,1,8,8,1,0,0.15,589008,590619,592708,VCVS_06101984
85,1,4,2,2,1,0.15,595924,596762,599058,VCVS_06101984
86,1,5,6,2,1,0.15,602608,604714,606441,VCVS_06101984
87,1,4,2,2,1,0.15,610474,611354,613107,VCVS_06101984
88,1,6,5,2,0,0.15,616424,618538,620207,VCVS_06101984
89,1,4,3,1,0,0.15,624040,624650,627090,VCVS_06101984
90,1,8,3,2,0,0.15,630273,632026,634156,VCVS_06101984
91,0,3,7,2,0,0.75,648472,650010,652455,VCVS_06101984
92,0,3,6,2,0,0.75,656355,656906,658988,VCVS_06101984
93,0,7,3,3,0,0.75,662588,664058,666221,VCVS_06101984
94,0,8,6,1,1,0.75,669638,669978,671588,VCVS_06101984
95,0,7,4,1,0,0.75,675004,675658,678071,VCVS_06101984
96,0,5,6,1,1,0.75,681621,681946,683771,VCVS_06101984
97,0,8,8,1,1,0.75,687271,688394,689937,VCVS_06101984
98,0,5,6,1,1,0.75,693587,695178,696920,VCVS_06101984
99,0,3,7,1,1,0.75,700320,701370,703220,VCVS_06101984
100,0,8,4,2,1,0.75,707186,712058,713836,VCVS_06101984
101,0,6,8,1,1,0.75,716936,717498,719119,VCVS_06101984
102,0,8,3,1,0,0.75,722636,724186,726436,VCVS_06101984
103,0,4,7,1,1,0.75,730235,732682,734619,VCVS_06101984
104,0,3,3,1,1,0.75,737718,740090,742518,VCVS_06101984
105,0,6,8,1,0,0.75,745935,746857,749168,VCVS_06101984
106,0,5,8,2,1,0.75,752401,753065,754984,VCVS_06101984
107,0,8,4,2,0,0.75,758468,759081,760984,VCVS_06101984
108,1,7,6,1,1,0.25,764767,767465,769450,VCVS_06101984
109,1,5,4,1,0,0.25,773200,773833,776117,VCVS_06101984
110,1,3,7,2,0,0.25,779867,780681,783100,VCVS_06101984
111,1,2,6,1,0,0.25,787050,788521,790583,VCVS_06101984
112,1,3,6,2,0,0.25,794516,795401,796949,VCVS_06101984
113,1,8,3,1,0,0.25,800849,801497,803832,VCVS_06101984
114,1,5,8,1,0,0.25,807216,807769,809632,VCVS_06101984
115,1,6,7,2,1,0.25,813565,813993,815715,VCVS_06101984
116,1,3,6,2,0,0.25,818815,819609,821865,VCVS_06101984
117,1,6,5,2,1,0.25,825148,826761,828431,VCVS_06101984
118,1,4,6,2,1,0.25,831948,833081,835348,VCVS_06101984
119,1,2,5,2,1,0.25,839298,841401,843347,VCVS_06101984
120,1,6,2,2,0,0.25,846647,847097,848730,VCVS_06101984
121,1,7,5,1,0,0.25,852714,853017,855197,VCVS_06101984
1,0,8,2,1,0,0.15,7932,9061,10916,VDGA_07101991
2,0,4,2,1,0,0.15,14749,15397,17082,VDGA_07101991
3,0,5,7,2,1,0.15,20415,21093,22715,VDGA_07101991
4,0,3,8,2,1,0.15,26265,26821,28798,VDGA_07101991
5,0,4,4,2,0,0.15,32631,33829,36365,VDGA_07101991
6,0,5,8,2,1,0.15,39748,40309,42031,VDGA_07101991
7,0,3,6,2,1,0.15,45448,46277,48214,VDGA_07101991
8,0,2,7,2,1,0.15,51697,52341,54181,VDGA_07101991
9,0,3,4,2,1,0.15,57797,58581,60597,VDGA_07101991
10,0,6,2,2,0,0.15,63930,64836,67213,VDGA_07101991
11,0,8,3,1,0,0.15,71080,71749,74063,VDGA_07101991
12,0,2,4,2,0,0.15,77396,78100,80113,VDGA_07101991
13,0,3,4,2,0,0.15,84079,84660,87062,VDGA_07101991
14,0,3,3,1,1,0.15,90279,91460,93912,VDGA_07101991
15,0,7,5,1,0,0.15,97645,98356,99979,VDGA_07101991
16,0,4,2,1,0,0.15,103095,103620,105612,VDGA_07101991
17,1,3,4,2,0,0.85,109695,110308,112678,VDGA_07101991
18,1,4,6,2,0,0.85,116178,116644,118228,VDGA_07101991
19,1,3,4,2,0,0.85,121511,122724,124511,VDGA_07101991
20,1,3,7,1,1,0.85,128161,128804,131161,VDGA_07101991
21,1,5,6,1,1,0.85,135027,135444,137810,VDGA_07101991
22,1,6,8,1,1,0.85,141327,142100,143893,VDGA_07101991
23,1,2,7,1,1,0.85,147293,148532,150193,VDGA_07101991
24,1,6,4,1,1,0.85,153926,155204,157193,VDGA_07101991
25,1,4,8,2,0,0.85,160393,162356,164009,VDGA_07101991
26,1,3,6,1,1,0.85,167859,169428,171826,VDGA_07101991
27,1,5,4,1,1,0.85,174992,176324,178075,VDGA_07101991
28,1,4,2,1,1,0.85,181725,182612,184308,VDGA_07101991
29,1,8,7,1,1,0.85,188192,189348,191091,VDGA_07101991
30,1,4,8,2,0,0.85,194675,196164,198041,VDGA_07101991
31,0,8,4,1,0,0.25,212307,213940,216124,VDGA_07101991
32,0,4,3,1,0,0.25,219690,220404,222373,VDGA_07101991
33,0,6,8,2,1,0.25,225857,226419,228906,VDGA_07101991
34,0,5,4,2,1,0.25,232306,233571,235873,VDGA_07101991
35,0,4,6,2,0,0.25,239206,240275,242606,VDGA_07101991
36,0,3,3,2,1,0.25,245889,247555,249506,VDGA_07101991
37,0,2,4,2,1,0.25,252889,254403,256522,VDGA_07101991
38,0,7,7,2,0,0.25,260055,262019,264038,VDGA_07101991
39,0,7,2,2,1,0.25,267755,269203,271005,VDGA_07101991
40,0,6,3,2,1,0.25,274555,274691,276304,VDGA_07101991
41,0,6,6,2,0,0.25,279388,280835,282521,VDGA_07101991
42,0,7,3,1,0,0.25,285654,287363,289254,VDGA_07101991
43,0,5,8,2,0,0.25,292870,294451,296437,VDGA_07101991
44,0,4,5,1,0,0.25,299553,300003,301853,VDGA_07101991
45,0,7,4,1,1,0.25,305137,305619,307286,VDGA_07101991
46,0,6,5,1,0,0.25,311103,311779,313736,VDGA_07101991
47,0,8,3,2,0,0.25,317469,319715,322103,VDGA_07101991
48,1,8,5,1,0,0.75,325402,325955,328036,VDGA_07101991
49,1,3,7,1,1,0.75,331535,331923,334419,VDGA_07101991
50,1,6,7,1,1,0.75,338102,338707,340702,VDGA_07101991
51,1,4,4,1,0,0.75,344002,345427,347568,VDGA_07101991
52,1,4,6,1,0,0.75,350718,351347,353501,VDGA_07101991
53,1,5,3,1,0,0.75,356584,357187,359251,VDGA_07101991
54,1,8,4,2,1,0.75,362367,362819,365084,VDGA_07101991
55,1,8,6,2,0,0.75,368201,370963,373417,VDGA_07101991
56,1,2,2,2,0,0.75,377334,379810,381717,VDGA_07101991
57,1,8,5,2,0,0.75,385166,385522,387916,VDGA_07101991
58,1,6,7,1,1,0.75,390983,391394,393166,VDGA_07101991
59,1,8,4,1,0,0.75,396816,398018,399816,VDGA_07101991
60,1,3,3,1,1,0.25,412715,413874,416332,VDGA_07101991
61,1,8,7,1,0,0.25,419782,420578,422482,VDGA_07101991
62,1,3,2,2,0,0.25,425998,426514,428881,VDGA_07101991
63,1,8,7,1,0,0.25,432264,432786,434448,VDGA_07101991
64,1,4,5,2,0,0.25,437931,438642,441047,VDGA_07101991
65,1,4,2,1,0,0.25,444964,446114,448147,VDGA_07101991
66,1,3,8,2,1,0.25,451480,451954,453697,VDGA_07101991
67,1,3,7,2,1,0.25,456763,458162,459813,VDGA_07101991
68,1,6,4,2,1,0.25,463846,464994,466696,VDGA_07101991
69,1,4,3,2,1,0.25,470080,470802,472563,VDGA_07101991
70,1,5,8,2,1,0.25,475763,476882,478879,VDGA_07101991
71,1,2,8,2,1,0.25,482179,483858,485946,VDGA_07101991
72,1,3,4,2,1,0.25,489662,490626,492862,VDGA_07101991
73,1,2,2,2,1,0.25,496445,499410,501878,VDGA_07101991
74,1,2,2,2,1,0.25,505278,506130,507678,VDGA_07101991
75,1,5,7,2,1,0.25,511528,512450,514111,VDGA_07101991
76,1,3,6,2,0,0.25,517761,518130,519944,VDGA_07101991
77,0,3,4,2,1,0.75,523361,523810,525994,VDGA_07101991
78,0,4,2,2,0,0.75,529844,530898,532760,VDGA_07101991
79,0,4,2,2,1,0.75,536343,537137,539343,VDGA_07101991
80,0,5,2,2,1,0.75,543193,543985,545643,VDGA_07101991
81,0,2,2,2,0,0.75,549110,551153,552859,VDGA_07101991
82,0,6,5,2,0,0.75,556309,557169,559426,VDGA_07101991
83,0,2,6,1,1,0.75,562826,563153,565059,VDGA_07101991
84,0,2,4,1,1,0.75,568742,569409,571059,VDGA_07101991
85,0,7,7,1,0,0.75,574308,574673,576475,VDGA_07101991
86,0,2,3,1,1,0.75,579592,580385,582591,VDGA_07101991
87,0,8,4,1,1,0.75,585958,587361,589874,VDGA_07101991
88,0,2,2,1,0,0.75,593091,594641,596591,VDGA_07101991
89,0,4,7,1,1,0.75,600441,601025,603524,VDGA_07101991
90,1,8,7,1,0,0.15,616690,618017,619656,VDGA_07101991
91,1,2,5,1,0,0.15,623456,623761,625806,VDGA_07101991
92,1,2,6,2,1,0.15,629223,629825,631606,VDGA_07101991
93,1,8,5,2,1,0.15,635239,635953,638472,VDGA_07101991
94,1,3,6,2,1,0.15,641672,642129,644655,VDGA_07101991
95,1,5,2,2,0,0.15,648205,649217,650872,VDGA_07101991
96,1,4,3,2,1,0.15,654772,655361,657388,VDGA_07101991
97,1,5,3,2,1,0.15,660671,661217,663305,VDGA_07101991
98,1,7,3,2,1,0.15,666471,667473,669104,VDGA_07101991
99,1,8,5,2,1,0.15,672671,673137,675321,VDGA_07101991
100,1,5,4,2,1,0.15,678371,680049,681687,VDGA_07101991
101,1,5,5,2,1,0.15,685620,686480,688120,VDGA_07101991
102,1,3,4,2,1,0.15,691204,691568,693470,VDGA_07101991
103,1,5,6,2,1,0.15,696787,701120,703436,VDGA_07101991
104,1,6,2,2,1,0.15,706970,713920,715952,VDGA_07101991
105,1,8,5,2,1,0.15,719969,720688,722569,VDGA_07101991
106,0,7,5,2,1,0.85,725902,726848,728802,VDGA_07101991
107,0,2,4,2,0,0.85,732618,732960,734618,VDGA_07101991
108,0,3,6,2,0,0.85,738252,738816,741135,VDGA_07101991
109,0,7,5,1,1,0.85,744285,744880,746884,VDGA_07101991
110,0,8,8,1,1,0.85,750768,750848,752451,VDGA_07101991
111,0,5,5,1,1,0.85,755634,755776,757784,VDGA_07101991
112,0,6,5,1,1,0.85,761734,762672,764784,VDGA_07101991
113,0,3,2,1,1,0.85,768417,774224,776283,VDGA_07101991
114,0,4,3,1,1,0.85,780183,781120,783066,VDGA_07101991
115,0,6,8,1,1,0.85,786549,786560,788366,VDGA_07101991
116,0,4,4,1,1,0.85,792116,793888,795499,VDGA_07101991
117,0,7,7,1,0,0.85,798649,800560,802215,VDGA_07101991
1,1,5,8,2,1,0.15,6799,8126,10499,VJMR_06111984
2,1,4,7,2,1,0.15,14332,15022,17032,VJMR_06111984
3,1,4,5,2,1,0.15,20999,21710,24165,VJMR_06111984
4,1,3,5,2,1,0.15,27748,28270,30515,VJMR_06111984
5,1,6,5,2,1,0.15,33698,34302,36631,VJMR_06111984
6,1,2,2,2,1,0.15,40214,40893,43331,VJMR_06111984
7,1,5,6,2,1,0.15,47247,47821,50214,VJMR_06111984
8,1,2,2,2,1,0.15,53964,54669,56580,VJMR_06111984
9,1,5,5,2,1,0.15,59964,60829,63180,VJMR_06111984
10,1,7,5,2,0,0.15,66930,67517,69363,VJMR_06111984
11,1,2,8,1,0,0.15,72846,73565,75413,VJMR_06111984
12,1,8,6,1,0,0.15,79079,79853,82096,VJMR_06111984
13,1,6,8,2,1,0.15,85663,86061,88146,VJMR_06111984
14,1,5,7,2,1,0.15,92046,92477,94679,VJMR_06111984
15,1,4,6,2,1,0.15,98129,98525,100929,VJMR_06111984
16,1,8,2,2,1,0.15,104928,105597,107495,VJMR_06111984
17,1,7,3,2,1,0.15,110578,111309,113278,VJMR_06111984
18,1,7,4,2,1,0.15,116445,117149,119011,VJMR_06111984
19,0,5,5,2,0,0.85,122311,123053,125077,VJMR_06111984
20,0,3,5,2,0,0.85,128827,129197,131161,VJMR_06111984
21,0,6,6,2,0,0.85,135010,135501,137527,VJMR_06111984
22,0,6,8,1,1,0.85,140893,141229,142827,VJMR_06111984
23,0,6,2,1,1,0.85,146460,146877,149043,VJMR_06111984
24,0,3,8,1,1,0.85,152843,153309,154859,VJMR_06111984
25,0,6,4,1,1,0.85,158343,159181,161459,VJMR_06111984
26,0,5,2,1,1,0.85,164642,165117,167209,VJMR_06111984
27,0,8,3,1,1,0.85,170926,171404,173042,VJMR_06111984
28,0,6,6,1,1,0.85,176542,177100,179575,VJMR_06111984
29,0,6,2,1,1,0.85,182675,183308,185192,VJMR_06111984
30,0,7,3,1,0,0.85,188825,189324,191191,VJMR_06111984
31,0,5,6,2,1,0.15,201141,202188,203857,VJMR_06111984
32,0,5,6,2,1,0.15,207641,208108,210307,VJMR_06111984
33,0,6,2,2,1,0.15,213707,214092,216574,VJMR_06111984
34,0,4,3,2,0,0.15,219907,221084,223423,VJMR_06111984
35,0,2,8,1,1,0.15,226773,227132,229106,VJMR_06111984
36,0,4,6,1,1,0.15,232390,233100,235106,VJMR_06111984
37,0,8,7,1,1,0.15,239039,239676,242006,VJMR_06111984
38,0,4,4,1,1,0.15,246056,246956,248939,VJMR_06111984
39,0,4,6,1,0,0.15,252455,252972,255222,VJMR_06111984
40,0,7,6,2,1,0.15,258355,258876,260505,VJMR_06111984
41,0,7,5,2,1,0.15,263605,264588,266388,VJMR_06111984
42,0,6,5,2,1,0.15,270238,270604,272288,VJMR_06111984
43,0,6,4,2,1,0.15,276071,276716,278271,VJMR_06111984
44,0,7,6,2,1,0.15,282054,282604,284737,VJMR_06111984
45,0,5,5,2,1,0.15,287954,289580,291870,VJMR_06111984
46,0,8,2,1,1,0.15,295187,295548,297720,VJMR_06111984
47,0,8,6,2,1,0.15,300970,302396,304403,VJMR_06111984
48,0,3,2,2,1,0.15,308003,308508,310669,VJMR_06111984
49,1,8,5,2,0,0.85,314636,315051,316953,VJMR_06111984
50,1,5,2,1,1,0.85,320452,320699,322886,VJMR_06111984
51,1,6,2,1,1,0.85,326919,327227,328902,VJMR_06111984
52,1,4,6,1,1,0.85,332102,332507,334102,VJMR_06111984
53,1,5,2,1,1,0.85,337502,338011,340468,VJMR_06111984
54,1,8,4,2,0,0.85,343601,343963,346368,VJMR_06111984
55,1,2,5,1,1,0.85,349518,349851,351418,VJMR_06111984
56,1,8,2,1,1,0.85,354851,355275,357051,VJMR_06111984
57,1,6,6,1,1,0.85,360451,360987,362534,VJMR_06111984
58,1,3,7,2,0,0.85,365950,366779,368950,VJMR_06111984
59,1,5,6,1,1,0.85,372883,373275,374900,VJMR_06111984
60,1,2,8,1,1,0.85,378200,378987,380550,VJMR_06111984
61,1,8,8,1,1,0.85,383900,384379,386733,VJMR_06111984
62,1,7,2,1,1,0.85,390766,391403,393816,VJMR_06111984
63,1,7,7,1,1,0.85,397482,398427,400899,VJMR_06111984
64,1,6,3,1,1,0.85,404165,404683,406732,VJMR_06111984
65,1,6,7,2,1,0.25,419798,421115,422881,VJMR_06111984
66,1,7,4,2,1,0.25,426248,426859,429381,VJMR_06111984
67,1,2,6,2,0,0.25,432614,433067,434881,VJMR_06111984
68,1,3,7,1,0,0.25,438764,439115,441214,VJMR_06111984
69,1,7,5,2,1,0.25,444614,444906,447080,VJMR_06111984
70,1,5,8,2,1,0.25,450563,450938,453197,VJMR_06111984
71,1,8,6,2,1,0.25,456563,456970,459363,VJMR_06111984
72,1,8,5,2,1,0.25,462930,463418,465879,VJMR_06111984
73,1,3,3,2,1,0.25,469613,470282,472796,VJMR_06111984
74,1,2,8,2,1,0.25,476296,477610,479146,VJMR_06111984
75,1,7,2,1,0,0.25,482329,482842,484729,VJMR_06111984
76,1,7,4,1,0,0.25,488045,488346,490495,VJMR_06111984
77,1,5,3,2,1,0.25,493612,493946,495945,VJMR_06111984
78,1,5,2,2,1,0.25,499945,500298,502728,VJMR_06111984
79,1,7,6,2,1,0.25,505794,506202,508611,VJMR_06111984
80,1,4,8,1,0,0.25,512211,512522,514677,VJMR_06111984
81,1,6,5,1,0,0.25,518460,518826,520760,VJMR_06111984
82,1,3,8,2,1,0.25,523910,524218,526227,VJMR_06111984
83,0,5,5,2,1,0.75,530210,530586,532993,VJMR_06111984
84,0,3,6,2,1,0.75,536960,537354,539043,VJMR_06111984
85,0,8,6,2,1,0.75,542159,542554,544659,VJMR_06111984
86,0,6,8,2,0,0.75,548426,548874,550742,VJMR_06111984
87,0,6,6,1,1,0.75,554059,554346,556192,VJMR_06111984
88,0,3,5,1,0,0.75,559892,560330,562659,VJMR_06111984
89,0,7,6,2,0,0.75,566558,567146,569558,VJMR_06111984
90,0,6,3,1,0,0.75,573425,573738,575525,VJMR_06111984
91,0,5,4,2,1,0.75,579191,579546,581208,VJMR_06111984
92,0,6,5,2,1,0.75,585141,585514,587141,VJMR_06111984
93,0,6,2,2,0,0.75,590574,591177,593574,VJMR_06111984
94,0,3,5,2,0,0.75,596624,597177,599124,VJMR_06111984
95,0,8,6,1,0,0.75,602240,602633,604723,VJMR_06111984
96,0,4,5,2,0,0.75,608523,608697,610790,VJMR_06111984
97,0,5,5,1,0,0.75,614423,614761,616456,VJMR_06111984
98,0,8,8,1,0,0.75,619573,619833,621473,VJMR_06111984
99,1,3,3,2,0,0.75,633655,634425,636839,VJMR_06111984
100,1,8,2,1,1,0.75,640322,640793,642555,VJMR_06111984
101,1,4,3,1,1,0.75,646472,646857,648455,VJMR_06111984
102,1,2,7,1,1,0.75,652138,652537,654738,VJMR_06111984
103,1,3,4,1,1,0.75,657888,658345,660288,VJMR_06111984
104,1,4,4,2,0,0.75,663854,664201,666571,VJMR_06111984
105,1,8,3,1,1,0.75,669771,670137,671820,VJMR_06111984
106,1,3,2,1,1,0.75,675054,675401,677070,VJMR_06111984
107,1,6,8,1,0,0.75,680603,681017,683203,VJMR_06111984
108,1,7,2,2,0,0.75,686803,687193,689320,VJMR_06111984
109,1,8,8,2,1,0.75,693270,693737,695936,VJMR_06111984
110,1,5,5,2,0,0.75,699469,699801,701336,VJMR_06111984
111,1,7,3,1,1,0.75,704702,705273,707786,VJMR_06111984
112,1,4,3,1,1,0.75,711635,712073,714485,VJMR_06111984
113,1,5,2,1,1,0.75,718235,718537,720785,VJMR_06111984
114,1,7,8,1,1,0.75,724652,725048,727368,VJMR_06111984
115,0,2,7,1,0,0.25,730635,731000,732618,VJMR_06111984
116,0,6,2,2,1,0.25,736501,736792,739068,VJMR_06111984
117,0,7,6,2,1,0.25,742551,742872,744767,VJMR_06111984
118,0,4,5,2,1,0.25,748067,748504,750567,VJMR_06111984
119,0,5,2,2,1,0.25,754050,755288,757033,VJMR_06111984
120,0,6,2,2,1,0.25,760750,761240,763717,VJMR_06111984
121,0,2,5,2,1,0.25,766916,767336,769083,VJMR_06111984
122,0,5,2,2,1,0.25,772533,773064,775016,VJMR_06111984
123,0,5,5,2,1,0.25,778616,779064,781066,VJMR_06111984
124,0,6,7,2,1,0.25,784966,785432,787365,VJMR_06111984
125,0,8,2,1,0,0.25,790582,790840,792832,VJMR_06111984
126,0,8,3,2,1,0.25,796432,796696,799065,VJMR_06111984
1,0,3,3,2,1,0.15,4299,5574,7732,YDVB_15081980
2,0,2,4,2,1,0.15,11266,12566,14732,YDVB_15081980
3,0,6,3,1,0,0.15,18299,19461,21649,YDVB_15081980
4,0,2,7,2,1,0.15,25582,26725,28865,YDVB_15081980
5,0,4,7,2,1,0.15,32715,33733,35365,YDVB_15081980
6,0,4,4,2,0,0.15,38565,40165,42148,YDVB_15081980
7,0,6,6,2,1,0.15,45881,47301,49364,YDVB_15081980
8,0,5,4,2,1,0.15,52581,54389,56780,YDVB_15081980
9,0,8,6,2,1,0.15,59864,61733,63997,YDVB_15081980
10,0,3,6,2,1,0.15,67313,69157,70713,YDVB_15081980
11,0,7,2,2,1,0.15,73863,75093,77446,YDVB_15081980
12,0,8,8,2,0,0.15,80629,81781,83546,YDVB_15081980
13,0,2,5,2,1,0.15,87412,88229,90762,YDVB_15081980
14,0,3,7,2,1,0.15,94729,95573,98045,YDVB_15081980
15,0,5,2,2,1,0.15,101678,102741,104995,YDVB_15081980
16,0,2,7,2,1,0.15,108462,109429,111695,YDVB_15081980
17,0,6,7,2,1,0.15,115428,116373,118211,YDVB_15081980
18,0,4,7,1,0,0.15,121628,123061,124828,YDVB_15081980
19,1,7,8,2,0,0.85,127961,129333,131211,YDVB_15081980
20,1,3,8,2,0,0.85,135060,136261,138527,YDVB_15081980
21,1,3,6,2,0,0.85,142110,144213,146677,YDVB_15081980
22,1,4,7,1,1,0.85,149910,150789,152510,YDVB_15081980
23,1,5,7,1,1,0.85,155676,157013,159476,YDVB_15081980
24,1,8,3,1,1,0.85,163226,164373,166859,YDVB_15081980
25,1,3,5,1,1,0.85,170759,172133,173675,YDVB_15081980
26,1,7,3,1,0,0.85,177042,178580,180825,YDVB_15081980
27,1,2,4,2,0,0.85,184792,185956,187542,YDVB_15081980
28,1,8,8,2,0,0.85,190825,192164,194325,YDVB_15081980
29,1,7,6,1,1,0.85,197808,198356,200841,YDVB_15081980
30,1,5,7,1,0,0.85,204324,205572,207657,YDVB_15081980
31,1,4,6,2,0,0.85,210974,212340,214674,YDVB_15081980
32,1,5,4,2,0,0.85,217890,219412,221707,YDVB_15081980
33,1,8,5,1,1,0.85,225107,225700,227306,YDVB_15081980
34,1,4,8,2,1,0.25,236623,238308,240573,YDVB_15081980
35,1,8,3,2,0,0.25,243756,245028,247306,YDVB_15081980
36,1,6,5,1,0,0.25,251289,251844,253722,YDVB_15081980
37,1,4,3,1,1,0.25,257272,257956,260155,YDVB_15081980
38,1,3,2,2,1,0.25,263755,264628,266321,YDVB_15081980
39,1,7,6,1,0,0.25,270255,271604,273488,YDVB_15081980
40,1,3,3,1,0,0.25,277488,278660,280804,YDVB_15081980
41,1,5,6,2,1,0.25,284737,285508,287671,YDVB_15081980
42,1,3,4,2,1,0.25,290804,291508,293304,YDVB_15081980
43,1,5,7,2,1,0.25,296504,297668,299420,YDVB_15081980
44,1,4,2,2,1,0.25,303187,303908,306386,YDVB_15081980
45,1,8,3,2,1,0.25,309770,310404,312436,YDVB_15081980
46,1,4,4,2,1,0.25,316386,322276,323836,YDVB_15081980
47,1,6,8,2,1,0.25,327219,328179,330169,YDVB_15081980
48,1,2,2,2,1,0.25,333852,335331,337035,YDVB_15081980
49,1,6,4,2,1,0.25,340752,342067,343835,YDVB_15081980
50,1,8,6,2,1,0.25,347085,348291,350735,YDVB_15081980
51,0,8,4,2,0,0.75,353934,354659,356951,YDVB_15081980
52,0,8,4,1,1,0.75,360401,361059,362751,YDVB_15081980
53,0,8,6,1,1,0.75,366717,369075,370767,YDVB_15081980
54,0,8,7,1,1,0.75,374117,374755,376483,YDVB_15081980
55,0,7,4,1,1,0.75,379800,380435,382200,YDVB_15081980
56,0,3,5,1,1,0.75,385616,386675,388733,YDVB_15081980
57,0,5,6,1,1,0.75,392133,393619,395983,YDVB_15081980
58,0,4,4,1,1,0.75,399482,400243,402216,YDVB_15081980
59,0,7,8,1,1,0.75,405732,408323,410199,YDVB_15081980
60,0,2,3,1,1,0.75,414165,414931,417215,YDVB_15081980
61,0,7,7,1,1,0.75,420598,421955,424448,YDVB_15081980
62,0,8,6,1,1,0.75,427698,428291,430414,YDVB_15081980
63,0,7,4,1,1,0.75,433998,435219,436964,YDVB_15081980
64,0,6,4,1,1,0.75,440181,441139,443347,YDVB_15081980
65,0,4,2,2,1,0.25,453463,454755,456380,YDVB_15081980
66,0,4,8,2,1,0.25,459647,460387,462763,YDVB_15081980
67,0,5,2,2,1,0.25,466413,467234,469613,YDVB_15081980
68,0,4,2,2,1,0.25,473496,475026,476713,YDVB_15081980
69,0,8,5,2,0,0.25,479996,481026,482662,YDVB_15081980
70,0,6,6,1,1,0.25,486512,487682,490145,YDVB_15081980
71,0,4,2,1,1,0.25,493778,494674,496362,YDVB_15081980
72,0,4,6,1,0,0.25,499812,500818,502761,YDVB_15081980
73,0,5,4,2,1,0.25,506545,507138,508828,YDVB_15081980
74,0,2,6,2,1,0.25,512511,513250,514928,YDVB_15081980
75,0,4,6,2,1,0.25,518677,519170,521144,YDVB_15081980
76,0,7,5,2,0,0.25,525144,526018,527860,YDVB_15081980
77,0,7,4,1,0,0.25,531110,532050,533727,YDVB_15081980
78,0,3,3,2,1,0.25,537277,537778,539610,YDVB_15081980
79,0,6,4,2,1,0.25,542810,543762,546110,YDVB_15081980
80,0,6,2,2,0,0.25,549976,550722,552509,YDVB_15081980
81,1,8,3,2,0,0.75,556026,557378,559309,YDVB_15081980
82,1,4,3,1,1,0.75,562892,564066,565725,YDVB_15081980
83,1,7,4,1,1,0.75,569159,570818,573208,YDVB_15081980
84,1,8,6,1,0,0.75,577042,578018,580458,YDVB_15081980
85,1,8,8,2,0,0.75,584308,584882,587291,YDVB_15081980
86,1,6,4,1,0,0.75,591091,592130,594374,YDVB_15081980
87,1,5,4,2,0,0.75,597757,598226,600124,YDVB_15081980
88,1,2,6,2,0,0.75,603774,604386,606440,YDVB_15081980
89,1,4,8,1,0,0.75,610240,611409,613623,YDVB_15081980
90,1,8,5,2,0,0.75,616723,618113,620340,YDVB_15081980
91,1,5,2,1,1,0.75,623973,625697,627823,YDVB_15081980
92,1,8,5,1,1,0.75,631739,633649,635972,YDVB_15081980
93,1,4,6,2,1,0.15,646539,647777,650288,YDVB_15081980
94,1,8,6,2,1,0.15,654022,654625,656222,YDVB_15081980
95,1,3,2,2,1,0.15,659988,660833,663005,YDVB_15081980
96,1,2,8,2,1,0.15,666454,667713,669788,YDVB_15081980
97,1,7,3,2,1,0.15,672921,675969,677504,YDVB_15081980
98,1,6,7,2,1,0.15,680887,682305,684120,YDVB_15081980
99,1,2,2,2,1,0.15,687987,688801,690703,YDVB_15081980
100,1,4,7,2,1,0.15,693937,694785,697236,YDVB_15081980
101,1,6,3,2,1,0.15,700836,701649,703186,YDVB_15081980
102,1,8,8,2,1,0.15,707086,708785,711069,YDVB_15081980
103,1,6,8,2,0,0.15,714152,715281,717086,YDVB_15081980
104,1,4,6,2,1,0.15,720735,721521,724019,YDVB_15081980
105,1,4,6,2,1,0.15,727868,728449,730085,YDVB_15081980
106,1,4,5,2,1,0.15,733218,734145,736235,YDVB_15081980
107,1,8,8,2,1,0.15,739935,741121,742801,YDVB_15081980
108,1,8,5,2,1,0.15,746068,747297,749551,YDVB_15081980
109,1,6,6,2,1,0.15,753067,753616,756134,YDVB_15081980
110,1,5,6,2,1,0.15,759534,760161,761984,YDVB_15081980
111,0,8,2,2,0,0.85,765534,766096,767983,YDVB_15081980
112,0,8,6,1,1,0.85,771567,772160,774400,YDVB_15081980
113,0,3,3,1,0,0.85,777533,778480,780816,YDVB_15081980
114,0,8,6,2,0,0.85,784583,785056,786666,YDVB_15081980
115,0,8,7,2,0,0.85,789882,790720,792349,YDVB_15081980
116,0,2,2,1,1,0.85,795966,797824,799765,YDVB_15081980
117,0,4,6,1,1,0.85,803665,804640,806415,YDVB_15081980
118,0,2,6,1,1,0.85,809815,810768,812315,YDVB_15081980
119,0,3,4,1,1,0.85,815615,816416,818931,YDVB_15081980
120,0,7,4,1,1,0.85,822648,823536,825681,YDVB_15081980
121,0,4,8,1,1,0.85,829247,830272,832581,YDVB_15081980
122,0,4,8,1,1,0.85,835681,836528,838230,YDVB_15081980
123,0,7,5,1,1,0.85,841314,842240,844497,YDVB_15081980
124,0,5,2,1,0,0.85,847647,849504,851363,YDVB_15081980
